dataset,split,method,budget_bytes,actual_bytes,ber,burst_length,packet_loss_rate,seed,accuracy,macro_f1,encode_ms_median,encode_ms_p95,classify_ms_median,classify_ms_p95,model_bytes,shared_memory_bytes,git_commit,n_keep,n_comp,dimension,n_levels,method_label
sim_indoor_v1,test_id,quantized,128,128.0,0.0,0,0.0,0,0.743993371996686,0.6417276583909448,0.30750800010537205,0.3107480000153373,0.3333680001560424,5.279787799941005,2420,0,b2d66d0,120.0,,,,quantized
sim_indoor_v1,test_id,pca,128,128.0,0.0,0,0.0,0,0.7431648715824358,0.6480952352197017,4.006132000085927,4.056589600168081,0.1933430000917724,0.20675750004102156,620,25200,b2d66d0,,30.0,,,pca
sim_indoor_v1,test_id,binary_hash,128,128.0,0.0,0,0.0,0,0.8649544324772163,0.8002418954705035,0.4818699999304954,0.48224259987819096,0.34718699998848024,0.36816600015754375,20500,737280,b2d66d0,,,1024.0,,binary_hash_D1024
sim_indoor_v1,test_id,pure_hdc,128,128.0,0.0,0,0.0,0,0.7257663628831814,0.6569533449380223,2.0016060000216385,2.0190597000237176,0.2612200000839948,0.27543549995243666,20500,217088,b2d66d0,,,1024.0,32.0,pure_hdc_D1024
sim_indoor_v1,test_id,quantized,512,188.0,0.0,0,0.0,0,0.7473073736536868,0.6436382849372578,0.27675899991663755,0.2834657999983392,0.3228660000331729,0.3395978998923965,3620,0,b2d66d0,180.0,,,,quantized
sim_indoor_v1,test_id,pca,512,512.0,0.0,0,0.0,0,0.7547638773819387,0.6430222945087841,8.045466000112356,8.080216800135531,0.19885400001840026,0.21198409990574874,2540,94320,b2d66d0,,126.0,,,pca
sim_indoor_v1,test_id,binary_hash,512,512.0,0.0,0,0.0,0,0.9154929577464789,0.8662026074723801,0.7360140000400861,0.7742892000351276,0.7829769999716518,0.8228307998479067,81940,2949120,b2d66d0,,,4096.0,,binary_hash_D4096
sim_indoor_v1,test_id,pure_hdc,512,128.0,0.0,0,0.0,0,0.7257663628831814,0.6569533449380223,1.9887169999037724,2.0948242997974376,0.26834400000552705,0.26910179997230443,20500,217088,b2d66d0,,,1024.0,32.0,pure_hdc_D1024
sim_indoor_v1,test_id,pure_hdc,512,512.0,0.0,0,0.0,0,0.7299088649544325,0.6638516578731524,6.101422000028833,6.362006199879033,0.7356240000717662,0.7582554001601238,81940,868352,b2d66d0,,,4096.0,32.0,pure_hdc_D4096
sim_indoor_v1,test_id,quantized,2048,188.0,0.0,0,0.0,0,0.7473073736536868,0.6436382849372578,0.2733029998580605,0.28176569999232015,0.3130180000425753,0.34494280007493217,3620,0,b2d66d0,180.0,,,,quantized
sim_indoor_v1,test_id,pca,2048,728.0,0.0,0,0.0,0,0.7489643744821872,0.6451009917684579,8.045072999948388,8.087262299886788,0.21223499993539008,0.2265701999704106,3620,133200,b2d66d0,,180.0,,,pca
sim_indoor_v1,test_id,binary_hash,2048,2048.0,0.0,0,0.0,0,0.9486329743164872,0.916460715294089,3.6490719999164867,7.527992799964522,2.767725000012433,2.819322000118518,327700,11796480,b2d66d0,,,16384.0,,binary_hash_D16384
sim_indoor_v1,test_id,pure_hdc,2048,128.0,0.0,0,0.0,0,0.7257663628831814,0.6569533449380223,2.0318700001098478,2.062861499985047,0.2638480000314303,0.2776629998379576,20500,217088,b2d66d0,,,1024.0,32.0,pure_hdc_D1024
sim_indoor_v1,test_id,pure_hdc,2048,512.0,0.0,0,0.0,0,0.7299088649544325,0.6638516578731524,6.1298150001221074,6.345904999852792,0.7529360000262386,0.7848103999776868,81940,868352,b2d66d0,,,4096.0,32.0,pure_hdc_D4096
sim_indoor_v1,test_id,pure_hdc,2048,1024.0,0.0,0,0.0,0,0.7332228666114333,0.6657146060834294,12.026153999840972,12.076402800084907,1.5220420000332524,1.554188199975215,163860,1736704,b2d66d0,,,8192.0,32.0,pure_hdc_D8192
sim_indoor_v1,test_id,quantized,128,128.0,0.0,0,0.0,1,0.743993371996686,0.6417276583909448,0.3048749999834399,0.30888809990301525,0.3108239998255158,0.3419208000195795,2420,0,b2d66d0,120.0,,,,quantized
sim_indoor_v1,test_id,pca,128,128.0,0.0,0,0.0,1,0.7431648715824358,0.6480952352197017,3.916813000159891,3.934231600123894,0.19404900012887083,0.21660569998402934,620,25200,b2d66d0,,30.0,,,pca
sim_indoor_v1,test_id,binary_hash,128,128.0,0.0,0,0.0,1,0.8624689312344657,0.7902003688341847,0.47907899988786085,0.48382650002167793,0.3760829999919224,3.976993799892625,20500,737280,b2d66d0,,,1024.0,,binary_hash_D1024
sim_indoor_v1,test_id,pure_hdc,128,128.0,0.0,0,0.0,1,0.7249378624689312,0.6547982362114971,2.054769999858763,2.1867882999458743,0.2760050001597847,0.28490239999428013,20500,217088,b2d66d0,,,1024.0,32.0,pure_hdc_D1024
sim_indoor_v1,test_id,quantized,512,188.0,0.0,0,0.0,1,0.7473073736536868,0.6436382849372578,0.2697649999845453,0.2821381998955985,0.3271200000654062,0.33805680002387817,3620,0,b2d66d0,180.0,,,,quantized
sim_indoor_v1,test_id,pca,512,512.0,0.0,0,0.0,1,0.7547638773819387,0.6430222945087841,8.07391400007873,8.135512700005165,0.20261600002413616,0.21590720004951436,2540,94320,b2d66d0,,126.0,,,pca
sim_indoor_v1,test_id,binary_hash,512,512.0,0.0,0,0.0,1,0.9270919635459818,0.8840642692353267,0.7623400001648406,28.76981350009373,0.7633860000169079,0.8409875999404903,81940,2949120,b2d66d0,,,4096.0,,binary_hash_D4096
sim_indoor_v1,test_id,pure_hdc,512,128.0,0.0,0,0.0,1,0.7249378624689312,0.6547982362114971,2.0285929999772634,2.1837736998577384,0.2598569999463507,0.2712474000190923,20500,217088,b2d66d0,,,1024.0,32.0,pure_hdc_D1024
sim_indoor_v1,test_id,pure_hdc,512,512.0,0.0,0,0.0,1,0.7307373653686827,0.662479807302779,6.348060000163969,6.4789893001034216,0.736218999918492,0.7436637999717277,81940,868352,b2d66d0,,,4096.0,32.0,pure_hdc_D4096
sim_indoor_v1,test_id,quantized,2048,188.0,0.0,0,0.0,1,0.7473073736536868,0.6436382849372578,0.2745690001120238,0.2764472998933343,0.3199969999059249,0.34655599979487306,3620,0,b2d66d0,180.0,,,,quantized
sim_indoor_v1,test_id,pca,2048,728.0,0.0,0,0.0,1,0.7489643744821872,0.6451009917684579,8.069055000078151,8.079027000007954,0.20138500008215487,0.2301543999237765,3620,133200,b2d66d0,,180.0,,,pca
sim_indoor_v1,test_id,binary_hash,2048,2048.0,0.0,0,0.0,1,0.9403479701739851,0.9041781786257111,3.5888680001789908,3.6284455001123206,2.7772580001510505,2.7943643001435703,327700,11796480,b2d66d0,,,16384.0,,binary_hash_D16384
sim_indoor_v1,test_id,pure_hdc,2048,128.0,0.0,0,0.0,1,0.7249378624689312,0.6547982362114971,2.0074990000011894,2.0294724998848324,0.2654899999470217,0.27464299994335306,20500,217088,b2d66d0,,,1024.0,32.0,pure_hdc_D1024
sim_indoor_v1,test_id,pure_hdc,2048,512.0,0.0,0,0.0,1,0.7307373653686827,0.662479807302779,6.221015999926749,6.265485000108129,0.7117129998732707,0.7328368999424129,81940,868352,b2d66d0,,,4096.0,32.0,pure_hdc_D4096
sim_indoor_v1,test_id,pure_hdc,2048,1024.0,0.0,0,0.0,1,0.7390223695111847,0.6724377817464307,11.875501000076838,13.026957400052197,1.4751229998637427,1.5169352001066727,163860,1736704,b2d66d0,,,8192.0,32.0,pure_hdc_D8192
sim_indoor_v1,test_id,quantized,128,128.0,0.0,0,0.0,2,0.743993371996686,0.6417276583909448,0.3019539999513654,0.30907749992366007,0.3381409999292373,0.34168609988682874,2420,0,b2d66d0,120.0,,,,quantized
sim_indoor_v1,test_id,pca,128,128.0,0.0,0,0.0,2,0.7431648715824358,0.6480952352197017,3.9907679999942047,4.002705600009904,0.20938099987688474,0.21975080010179227,620,25200,b2d66d0,,30.0,,,pca
sim_indoor_v1,test_id,binary_hash,128,128.0,0.0,0,0.0,2,0.8641259320629661,0.792292318851233,0.4811429998881067,0.4900070998701267,0.3664259998004127,3.9876884999557656,20500,737280,b2d66d0,,,1024.0,,binary_hash_D1024
sim_indoor_v1,test_id,pure_hdc,128,128.0,0.0,0,0.0,2,0.7299088649544325,0.6580900876489179,2.0103300000755553,2.0147166001379446,0.2572070000042004,0.26353849996212375,20500,217088,b2d66d0,,,1024.0,32.0,pure_hdc_D1024
sim_indoor_v1,test_id,quantized,512,188.0,0.0,0,0.0,2,0.7473073736536868,0.6436382849372578,0.27254500014350924,0.2766291999250825,0.3114570001798711,0.343470900088505,3620,0,b2d66d0,180.0,,,,quantized
sim_indoor_v1,test_id,pca,512,512.0,0.0,0,0.0,2,0.7547638773819387,0.6430222945087841,8.053663000055167,8.09488390000297,0.2155999998194602,0.2312465001068631,2540,94320,b2d66d0,,126.0,,,pca
sim_indoor_v1,test_id,binary_hash,512,512.0,0.0,0,0.0,2,0.9221209610604806,0.8766804510670834,0.7256989999859798,0.7474061000266374,0.7721130000390986,0.828596100041068,81940,2949120,b2d66d0,,,4096.0,,binary_hash_D4096
sim_indoor_v1,test_id,pure_hdc,512,128.0,0.0,0,0.0,2,0.7299088649544325,0.6580900876489179,1.9813000001249748,1.9867719999638211,0.2717300001222611,0.28215919992362615,20500,217088,b2d66d0,,,1024.0,32.0,pure_hdc_D1024
sim_indoor_v1,test_id,pure_hdc,512,512.0,0.0,0,0.0,2,0.7332228666114333,0.6651585878194195,6.063373999950272,6.172526899968034,0.7337970000662608,0.7539615000496269,81940,868352,b2d66d0,,,4096.0,32.0,pure_hdc_D4096
sim_indoor_v1,test_id,quantized,2048,188.0,0.0,0,0.0,2,0.7473073736536868,0.6436382849372578,0.2758240000275691,0.28160470008060656,0.3136120001272502,0.3498216998650605,3620,0,b2d66d0,180.0,,,,quantized
sim_indoor_v1,test_id,pca,2048,728.0,0.0,0,0.0,2,0.7489643744821872,0.6451009917684579,4.067780000013954,4.126954999992449,0.1951790000020992,0.21085879993734125,3620,133200,b2d66d0,,180.0,,,pca
sim_indoor_v1,test_id,binary_hash,2048,2048.0,0.0,0,0.0,2,0.9403479701739851,0.9017509929326735,3.6117839999860735,3.6470289001044875,2.789216000110173,2.7951803000632935,327700,11796480,b2d66d0,,,16384.0,,binary_hash_D16384
sim_indoor_v1,test_id,pure_hdc,2048,128.0,0.0,0,0.0,2,0.7299088649544325,0.6580900876489179,1.9792279999819584,2.016348500114873,0.2657600000475213,0.27651319990127377,20500,217088,b2d66d0,,,1024.0,32.0,pure_hdc_D1024
sim_indoor_v1,test_id,pure_hdc,2048,512.0,0.0,0,0.0,2,0.7332228666114333,0.6651585878194195,6.09327300003315,6.106496699953823,0.7666169999538397,0.7677545999968061,81940,868352,b2d66d0,,,4096.0,32.0,pure_hdc_D4096
sim_indoor_v1,test_id,pure_hdc,2048,1024.0,0.0,0,0.0,2,0.7315658657829329,0.6655127960577177,11.9027850000748,12.466576500037263,1.4941780000299332,1.5085707998650832,163860,1736704,b2d66d0,,,8192.0,32.0,pure_hdc_D8192
