dataset,split,method,budget_bytes,actual_bytes,ber,burst_length,packet_loss_rate,seed,accuracy,macro_f1,encode_ms_median,encode_ms_p95,classify_ms_median,classify_ms_p95,model_bytes,shared_memory_bytes,git_commit,n_keep,interleave,n_bursts,n_comp,dimension,method_label
sim_indoor_v1,test_id,quantized,512,188.0,0.0,0,0.0,0,0.7473073736536868,0.6436382849372578,0.0,0.0,0.0,0.0,3620,0,51d3d02,180.0,False,0,,,quantized
sim_indoor_v1,test_id,quantized,512,188.0,0.0,32,0.0,0,0.6246893123446562,0.5357791244500123,0.0,0.0,0.0,0.0,3620,0,51d3d02,180.0,False,1,,,quantized
sim_indoor_v1,test_id,quantized,512,188.0,0.0,32,0.0,0,0.48135874067937034,0.41850719927916896,0.0,0.0,0.0,0.0,3620,0,51d3d02,180.0,True,1,,,quantized+intl
sim_indoor_v1,test_id,quantized,512,188.0,0.0,128,0.0,0,0.5128417564208783,0.44249775516911055,0.0,0.0,0.0,0.0,3620,0,51d3d02,180.0,False,1,,,quantized
sim_indoor_v1,test_id,quantized,512,188.0,0.0,128,0.0,0,0.28003314001657,0.25587856519045726,0.0,0.0,0.0,0.0,3620,0,51d3d02,180.0,True,1,,,quantized+intl
sim_indoor_v1,test_id,quantized,512,188.0,0.0,512,0.0,0,0.23363711681855842,0.1478866789037506,0.0,0.0,0.0,0.0,3620,0,51d3d02,180.0,False,1,,,quantized
sim_indoor_v1,test_id,quantized,512,188.0,0.0,512,0.0,0,0.18392709196354598,0.15816554090887475,0.0,0.0,0.0,0.0,3620,0,51d3d02,180.0,True,1,,,quantized+intl
sim_indoor_v1,test_id,quantized,512,188.0,0.0,1024,0.0,0,0.1864125932062966,0.07957488870273881,0.0,0.0,0.0,0.0,3620,0,51d3d02,180.0,False,1,,,quantized
sim_indoor_v1,test_id,quantized,512,188.0,0.0,1024,0.0,0,0.17232808616404308,0.12331816008644067,0.0,0.0,0.0,0.0,3620,0,51d3d02,180.0,True,1,,,quantized+intl
sim_indoor_v1,test_id,pca,512,512.0,0.0,0,0.0,0,0.7547638773819387,0.6430222945087841,0.0,0.0,0.0,0.0,2540,94320,51d3d02,,False,0,126.0,,pca
sim_indoor_v1,test_id,pca,512,512.0,0.0,32,0.0,0,0.3148301574150787,0.282962548973414,0.0,0.0,0.0,0.0,2540,94320,51d3d02,,False,1,126.0,,pca
sim_indoor_v1,test_id,pca,512,512.0,0.0,32,0.0,0,0.3753106876553438,0.3292026270708829,0.0,0.0,0.0,0.0,2540,94320,51d3d02,,True,1,126.0,,pca+intl
sim_indoor_v1,test_id,pca,512,512.0,0.0,128,0.0,0,0.2526926263463132,0.2298335030348809,0.0,0.0,0.0,0.0,2540,94320,51d3d02,,False,1,126.0,,pca
sim_indoor_v1,test_id,pca,512,512.0,0.0,128,0.0,0,0.20215410107705054,0.19215596194001752,0.0,0.0,0.0,0.0,2540,94320,51d3d02,,True,1,126.0,,pca+intl
sim_indoor_v1,test_id,pca,512,512.0,0.0,512,0.0,0,0.20132560066280034,0.18623821939080243,0.0,0.0,0.0,0.0,2540,94320,51d3d02,,False,1,126.0,,pca
sim_indoor_v1,test_id,pca,512,512.0,0.0,512,0.0,0,0.17315658657829328,0.1638675877179717,0.0,0.0,0.0,0.0,2540,94320,51d3d02,,True,1,126.0,,pca+intl
sim_indoor_v1,test_id,pca,512,512.0,0.0,1024,0.0,0,0.19718309859154928,0.18251527442653495,0.0,0.0,0.0,0.0,2540,94320,51d3d02,,False,1,126.0,,pca
sim_indoor_v1,test_id,pca,512,512.0,0.0,1024,0.0,0,0.15575807787903895,0.1474880185143292,0.0,0.0,0.0,0.0,2540,94320,51d3d02,,True,1,126.0,,pca+intl
sim_indoor_v1,test_id,binary_hash,512,512.0,0.0,0,0.0,0,0.9154929577464789,0.8662026074723801,0.0,0.0,0.0,0.0,81940,2949120,51d3d02,,False,0,,4096.0,binary_hash
sim_indoor_v1,test_id,binary_hash,512,512.0,0.0,32,0.0,0,0.9088649544324772,0.861006514758332,0.0,0.0,0.0,0.0,81940,2949120,51d3d02,,False,1,,4096.0,binary_hash
sim_indoor_v1,test_id,binary_hash,512,512.0,0.0,32,0.0,0,0.9188069594034797,0.8728254251329876,0.0,0.0,0.0,0.0,81940,2949120,51d3d02,,True,1,,4096.0,binary_hash+intl
sim_indoor_v1,test_id,binary_hash,512,512.0,0.0,128,0.0,0,0.8947804473902237,0.8505564718099954,0.0,0.0,0.0,0.0,81940,2949120,51d3d02,,False,1,,4096.0,binary_hash
sim_indoor_v1,test_id,binary_hash,512,512.0,0.0,128,0.0,0,0.9096934548467275,0.8588704929241328,0.0,0.0,0.0,0.0,81940,2949120,51d3d02,,True,1,,4096.0,binary_hash+intl
sim_indoor_v1,test_id,binary_hash,512,512.0,0.0,512,0.0,0,0.7912178956089478,0.715530928749937,0.0,0.0,0.0,0.0,81940,2949120,51d3d02,,False,1,,4096.0,binary_hash
sim_indoor_v1,test_id,binary_hash,512,512.0,0.0,512,0.0,0,0.8425849212924607,0.7794049496500122,0.0,0.0,0.0,0.0,81940,2949120,51d3d02,,True,1,,4096.0,binary_hash+intl
sim_indoor_v1,test_id,binary_hash,512,512.0,0.0,1024,0.0,0,0.6752278376139188,0.5811324324189845,0.0,0.0,0.0,0.0,81940,2949120,51d3d02,,False,1,,4096.0,binary_hash
sim_indoor_v1,test_id,binary_hash,512,512.0,0.0,1024,0.0,0,0.6992543496271748,0.6187353683021984,0.0,0.0,0.0,0.0,81940,2949120,51d3d02,,True,1,,4096.0,binary_hash+intl
sim_indoor_v1,test_id,pure_hdc,512,512.0,0.0,0,0.0,0,0.7299088649544325,0.6638516578731524,0.0,0.0,0.0,0.0,81940,868352,51d3d02,,False,0,,4096.0,pure_hdc_D4096
sim_indoor_v1,test_id,pure_hdc,512,512.0,0.0,32,0.0,0,0.7299088649544325,0.6640834767193083,0.0,0.0,0.0,0.0,81940,868352,51d3d02,,False,1,,4096.0,pure_hdc_D4096
sim_indoor_v1,test_id,pure_hdc,512,512.0,0.0,32,0.0,0,0.7307373653686827,0.6638322385897668,0.0,0.0,0.0,0.0,81940,868352,51d3d02,,True,1,,4096.0,pure_hdc_D4096+intl
sim_indoor_v1,test_id,pure_hdc,512,512.0,0.0,128,0.0,0,0.7265948632974316,0.6591762101344394,0.0,0.0,0.0,0.0,81940,868352,51d3d02,,False,1,,4096.0,pure_hdc_D4096
sim_indoor_v1,test_id,pure_hdc,512,512.0,0.0,128,0.0,0,0.728251864125932,0.6604358343678567,0.0,0.0,0.0,0.0,81940,868352,51d3d02,,True,1,,4096.0,pure_hdc_D4096+intl
sim_indoor_v1,test_id,pure_hdc,512,512.0,0.0,512,0.0,0,0.7290803645401823,0.659387434906659,0.0,0.0,0.0,0.0,81940,868352,51d3d02,,False,1,,4096.0,pure_hdc_D4096
sim_indoor_v1,test_id,pure_hdc,512,512.0,0.0,512,0.0,0,0.7307373653686827,0.6639163247298848,0.0,0.0,0.0,0.0,81940,868352,51d3d02,,True,1,,4096.0,pure_hdc_D4096+intl
sim_indoor_v1,test_id,pure_hdc,512,512.0,0.0,1024,0.0,0,0.724109362054681,0.6519697115152747,0.0,0.0,0.0,0.0,81940,868352,51d3d02,,False,1,,4096.0,pure_hdc_D4096
sim_indoor_v1,test_id,pure_hdc,512,512.0,0.0,1024,0.0,0,0.7158243579121789,0.6381099118699334,0.0,0.0,0.0,0.0,81940,868352,51d3d02,,True,1,,4096.0,pure_hdc_D4096+intl
sim_indoor_v1,test_id,quantized,512,188.0,0.0,0,0.0,1,0.7473073736536868,0.6436382849372578,0.0,0.0,0.0,0.0,3620,0,51d3d02,180.0,False,0,,,quantized
sim_indoor_v1,test_id,quantized,512,188.0,0.0,32,0.0,1,0.5973487986743994,0.5121302914075627,0.0,0.0,0.0,0.0,3620,0,51d3d02,180.0,False,1,,,quantized
sim_indoor_v1,test_id,quantized,512,188.0,0.0,32,0.0,1,0.487986743993372,0.4304666735267224,0.0,0.0,0.0,0.0,3620,0,51d3d02,180.0,True,1,,,quantized+intl
sim_indoor_v1,test_id,quantized,512,188.0,0.0,128,0.0,1,0.4995857497928749,0.43185245460921784,0.0,0.0,0.0,0.0,3620,0,51d3d02,180.0,False,1,,,quantized
sim_indoor_v1,test_id,quantized,512,188.0,0.0,128,0.0,1,0.2908036454018227,0.2597040655211459,0.0,0.0,0.0,0.0,3620,0,51d3d02,180.0,True,1,,,quantized+intl
sim_indoor_v1,test_id,quantized,512,188.0,0.0,512,0.0,1,0.2543496271748136,0.17400013027638098,0.0,0.0,0.0,0.0,3620,0,51d3d02,180.0,False,1,,,quantized
sim_indoor_v1,test_id,quantized,512,188.0,0.0,512,0.0,1,0.18392709196354598,0.1514500181079403,0.0,0.0,0.0,0.0,3620,0,51d3d02,180.0,True,1,,,quantized+intl
sim_indoor_v1,test_id,quantized,512,188.0,0.0,1024,0.0,1,0.2087821043910522,0.1031828232083202,0.0,0.0,0.0,0.0,3620,0,51d3d02,180.0,False,1,,,quantized
sim_indoor_v1,test_id,quantized,512,188.0,0.0,1024,0.0,1,0.14250207125103562,0.12574306334621582,0.0,0.0,0.0,0.0,3620,0,51d3d02,180.0,True,1,,,quantized+intl
sim_indoor_v1,test_id,pca,512,512.0,0.0,0,0.0,1,0.7547638773819387,0.6430222945087841,0.0,0.0,0.0,0.0,2540,94320,51d3d02,,False,0,126.0,,pca
sim_indoor_v1,test_id,pca,512,512.0,0.0,32,0.0,1,0.32145816072908034,0.2848608271062044,0.0,0.0,0.0,0.0,2540,94320,51d3d02,,False,1,126.0,,pca
sim_indoor_v1,test_id,pca,512,512.0,0.0,32,0.0,1,0.376139188069594,0.3363559857380706,0.0,0.0,0.0,0.0,2540,94320,51d3d02,,True,1,126.0,,pca+intl
sim_indoor_v1,test_id,pca,512,512.0,0.0,128,0.0,1,0.2435791217895609,0.22297603310509295,0.0,0.0,0.0,0.0,2540,94320,51d3d02,,False,1,126.0,,pca
sim_indoor_v1,test_id,pca,512,512.0,0.0,128,0.0,1,0.20215410107705054,0.19190413833255562,0.0,0.0,0.0,0.0,2540,94320,51d3d02,,True,1,126.0,,pca+intl
sim_indoor_v1,test_id,pca,512,512.0,0.0,512,0.0,1,0.18889809444904723,0.17418024723048509,0.0,0.0,0.0,0.0,2540,94320,51d3d02,,False,1,126.0,,pca
sim_indoor_v1,test_id,pca,512,512.0,0.0,512,0.0,1,0.17895608947804473,0.1687820820696874,0.0,0.0,0.0,0.0,2540,94320,51d3d02,,True,1,126.0,,pca+intl
sim_indoor_v1,test_id,pca,512,512.0,0.0,1024,0.0,1,0.20215410107705054,0.1877297657952898,0.0,0.0,0.0,0.0,2540,94320,51d3d02,,False,1,126.0,,pca
sim_indoor_v1,test_id,pca,512,512.0,0.0,1024,0.0,1,0.17895608947804473,0.1707932397450756,0.0,0.0,0.0,0.0,2540,94320,51d3d02,,True,1,126.0,,pca+intl
sim_indoor_v1,test_id,binary_hash,512,512.0,0.0,0,0.0,1,0.9270919635459818,0.8840642692353267,0.0,0.0,0.0,0.0,81940,2949120,51d3d02,,False,0,,4096.0,binary_hash
sim_indoor_v1,test_id,binary_hash,512,512.0,0.0,32,0.0,1,0.9188069594034797,0.8739183201947455,0.0,0.0,0.0,0.0,81940,2949120,51d3d02,,False,1,,4096.0,binary_hash
sim_indoor_v1,test_id,binary_hash,512,512.0,0.0,32,0.0,1,0.9188069594034797,0.8753872350962345,0.0,0.0,0.0,0.0,81940,2949120,51d3d02,,True,1,,4096.0,binary_hash+intl
sim_indoor_v1,test_id,binary_hash,512,512.0,0.0,128,0.0,1,0.9096934548467275,0.8642257956617623,0.0,0.0,0.0,0.0,81940,2949120,51d3d02,,False,1,,4096.0,binary_hash
sim_indoor_v1,test_id,binary_hash,512,512.0,0.0,128,0.0,1,0.9055509527754764,0.8574391416843776,0.0,0.0,0.0,0.0,81940,2949120,51d3d02,,True,1,,4096.0,binary_hash+intl
sim_indoor_v1,test_id,binary_hash,512,512.0,0.0,512,0.0,1,0.7970173985086992,0.73006568519285,0.0,0.0,0.0,0.0,81940,2949120,51d3d02,,False,1,,4096.0,binary_hash
sim_indoor_v1,test_id,binary_hash,512,512.0,0.0,512,0.0,1,0.8094449047224523,0.7506639430568243,0.0,0.0,0.0,0.0,81940,2949120,51d3d02,,True,1,,4096.0,binary_hash+intl
sim_indoor_v1,test_id,binary_hash,512,512.0,0.0,1024,0.0,1,0.6495443247721624,0.561459822335826,0.0,0.0,0.0,0.0,81940,2949120,51d3d02,,False,1,,4096.0,binary_hash
sim_indoor_v1,test_id,binary_hash,512,512.0,0.0,1024,0.0,1,0.6346313173156587,0.560791199712137,0.0,0.0,0.0,0.0,81940,2949120,51d3d02,,True,1,,4096.0,binary_hash+intl
sim_indoor_v1,test_id,pure_hdc,512,512.0,0.0,0,0.0,1,0.7307373653686827,0.662479807302779,0.0,0.0,0.0,0.0,81940,868352,51d3d02,,False,0,,4096.0,pure_hdc_D4096
sim_indoor_v1,test_id,pure_hdc,512,512.0,0.0,32,0.0,1,0.7307373653686827,0.663032337172212,0.0,0.0,0.0,0.0,81940,868352,51d3d02,,False,1,,4096.0,pure_hdc_D4096
sim_indoor_v1,test_id,pure_hdc,512,512.0,0.0,32,0.0,1,0.7299088649544325,0.6623063752631674,0.0,0.0,0.0,0.0,81940,868352,51d3d02,,True,1,,4096.0,pure_hdc_D4096+intl
sim_indoor_v1,test_id,pure_hdc,512,512.0,0.0,128,0.0,1,0.728251864125932,0.660396777282732,0.0,0.0,0.0,0.0,81940,868352,51d3d02,,False,1,,4096.0,pure_hdc_D4096
sim_indoor_v1,test_id,pure_hdc,512,512.0,0.0,128,0.0,1,0.7315658657829329,0.6630518507007241,0.0,0.0,0.0,0.0,81940,868352,51d3d02,,True,1,,4096.0,pure_hdc_D4096+intl
sim_indoor_v1,test_id,pure_hdc,512,512.0,0.0,512,0.0,1,0.7257663628831814,0.6555558505405338,0.0,0.0,0.0,0.0,81940,868352,51d3d02,,False,1,,4096.0,pure_hdc_D4096
sim_indoor_v1,test_id,pure_hdc,512,512.0,0.0,512,0.0,1,0.7332228666114333,0.6647103259438752,0.0,0.0,0.0,0.0,81940,868352,51d3d02,,True,1,,4096.0,pure_hdc_D4096+intl
sim_indoor_v1,test_id,pure_hdc,512,512.0,0.0,1024,0.0,1,0.7232808616404308,0.6527923244148119,0.0,0.0,0.0,0.0,81940,868352,51d3d02,,False,1,,4096.0,pure_hdc_D4096
sim_indoor_v1,test_id,pure_hdc,512,512.0,0.0,1024,0.0,1,0.7216238608119304,0.645727675360491,0.0,0.0,0.0,0.0,81940,868352,51d3d02,,True,1,,4096.0,pure_hdc_D4096+intl
sim_indoor_v1,test_id,quantized,512,188.0,0.0,0,0.0,2,0.7473073736536868,0.6436382849372578,0.0,0.0,0.0,0.0,3620,0,51d3d02,180.0,False,0,,,quantized
sim_indoor_v1,test_id,quantized,512,188.0,0.0,32,0.0,2,0.5915492957746479,0.5141233144351979,0.0,0.0,0.0,0.0,3620,0,51d3d02,180.0,False,1,,,quantized
sim_indoor_v1,test_id,quantized,512,188.0,0.0,32,0.0,2,0.4780447390223695,0.42649954258475686,0.0,0.0,0.0,0.0,3620,0,51d3d02,180.0,True,1,,,quantized+intl
sim_indoor_v1,test_id,quantized,512,188.0,0.0,128,0.0,2,0.4888152444076222,0.4233312944101737,0.0,0.0,0.0,0.0,3620,0,51d3d02,180.0,False,1,,,quantized
sim_indoor_v1,test_id,quantized,512,188.0,0.0,128,0.0,2,0.3007456503728252,0.26726732425316746,0.0,0.0,0.0,0.0,3620,0,51d3d02,180.0,True,1,,,quantized+intl
sim_indoor_v1,test_id,quantized,512,188.0,0.0,512,0.0,2,0.2311516155758078,0.15013094707906652,0.0,0.0,0.0,0.0,3620,0,51d3d02,180.0,False,1,,,quantized
sim_indoor_v1,test_id,quantized,512,188.0,0.0,512,0.0,2,0.15824357912178957,0.13581643531141516,0.0,0.0,0.0,0.0,3620,0,51d3d02,180.0,True,1,,,quantized+intl
sim_indoor_v1,test_id,quantized,512,188.0,0.0,1024,0.0,2,0.20961060480530241,0.09569723963458135,0.0,0.0,0.0,0.0,3620,0,51d3d02,180.0,False,1,,,quantized
sim_indoor_v1,test_id,quantized,512,188.0,0.0,1024,0.0,2,0.14084507042253522,0.08770167743859733,0.0,0.0,0.0,0.0,3620,0,51d3d02,180.0,True,1,,,quantized+intl
sim_indoor_v1,test_id,pca,512,512.0,0.0,0,0.0,2,0.7547638773819387,0.6430222945087841,0.0,0.0,0.0,0.0,2540,94320,51d3d02,,False,0,126.0,,pca
sim_indoor_v1,test_id,pca,512,512.0,0.0,32,0.0,2,0.3140016570008285,0.2791138338352716,0.0,0.0,0.0,0.0,2540,94320,51d3d02,,False,1,126.0,,pca
sim_indoor_v1,test_id,pca,512,512.0,0.0,32,0.0,2,0.40265120132560067,0.361961489268396,0.0,0.0,0.0,0.0,2540,94320,51d3d02,,True,1,126.0,,pca+intl
sim_indoor_v1,test_id,pca,512,512.0,0.0,128,0.0,2,0.22783761391880697,0.20255355454411833,0.0,0.0,0.0,0.0,2540,94320,51d3d02,,False,1,126.0,,pca
sim_indoor_v1,test_id,pca,512,512.0,0.0,128,0.0,2,0.2195526097763049,0.21244448033980118,0.0,0.0,0.0,0.0,2540,94320,51d3d02,,True,1,126.0,,pca+intl
sim_indoor_v1,test_id,pca,512,512.0,0.0,512,0.0,2,0.19304059652029826,0.17926284222718136,0.0,0.0,0.0,0.0,2540,94320,51d3d02,,False,1,126.0,,pca
sim_indoor_v1,test_id,pca,512,512.0,0.0,512,0.0,2,0.15492957746478872,0.14846915868405533,0.0,0.0,0.0,0.0,2540,94320,51d3d02,,True,1,126.0,,pca+intl
sim_indoor_v1,test_id,pca,512,512.0,0.0,1024,0.0,2,0.17729908864954433,0.1633699688712762,0.0,0.0,0.0,0.0,2540,94320,51d3d02,,False,1,126.0,,pca
sim_indoor_v1,test_id,pca,512,512.0,0.0,1024,0.0,2,0.1632145816072908,0.15883960836210487,0.0,0.0,0.0,0.0,2540,94320,51d3d02,,True,1,126.0,,pca+intl
sim_indoor_v1,test_id,binary_hash,512,512.0,0.0,0,0.0,2,0.9221209610604806,0.8766804510670834,0.0,0.0,0.0,0.0,81940,2949120,51d3d02,,False,0,,4096.0,binary_hash
sim_indoor_v1,test_id,binary_hash,512,512.0,0.0,32,0.0,2,0.9171499585749793,0.8725373236407213,0.0,0.0,0.0,0.0,81940,2949120,51d3d02,,False,1,,4096.0,binary_hash
sim_indoor_v1,test_id,binary_hash,512,512.0,0.0,32,0.0,2,0.9146644573322287,0.866332358033219,0.0,0.0,0.0,0.0,81940,2949120,51d3d02,,True,1,,4096.0,binary_hash+intl
sim_indoor_v1,test_id,binary_hash,512,512.0,0.0,128,0.0,2,0.9014084507042254,0.8557769715289176,0.0,0.0,0.0,0.0,81940,2949120,51d3d02,,False,1,,4096.0,binary_hash
sim_indoor_v1,test_id,binary_hash,512,512.0,0.0,128,0.0,2,0.9030654515327258,0.8498579796944921,0.0,0.0,0.0,0.0,81940,2949120,51d3d02,,True,1,,4096.0,binary_hash+intl
sim_indoor_v1,test_id,binary_hash,512,512.0,0.0,512,0.0,2,0.8152444076222038,0.7512679150550818,0.0,0.0,0.0,0.0,81940,2949120,51d3d02,,False,1,,4096.0,binary_hash
sim_indoor_v1,test_id,binary_hash,512,512.0,0.0,512,0.0,2,0.8251864125932062,0.7523324456169647,0.0,0.0,0.0,0.0,81940,2949120,51d3d02,,True,1,,4096.0,binary_hash+intl
sim_indoor_v1,test_id,binary_hash,512,512.0,0.0,1024,0.0,2,0.656172328086164,0.5740390539050568,0.0,0.0,0.0,0.0,81940,2949120,51d3d02,,False,1,,4096.0,binary_hash
sim_indoor_v1,test_id,binary_hash,512,512.0,0.0,1024,0.0,2,0.6727423363711682,0.5884611050305857,0.0,0.0,0.0,0.0,81940,2949120,51d3d02,,True,1,,4096.0,binary_hash+intl
sim_indoor_v1,test_id,pure_hdc,512,512.0,0.0,0,0.0,2,0.7332228666114333,0.6651585878194195,0.0,0.0,0.0,0.0,81940,868352,51d3d02,,False,0,,4096.0,pure_hdc_D4096
sim_indoor_v1,test_id,pure_hdc,512,512.0,0.0,32,0.0,2,0.7332228666114333,0.6651579673767912,0.0,0.0,0.0,0.0,81940,868352,51d3d02,,False,1,,4096.0,pure_hdc_D4096
sim_indoor_v1,test_id,pure_hdc,512,512.0,0.0,32,0.0,2,0.7340513670256835,0.6656825683213585,0.0,0.0,0.0,0.0,81940,868352,51d3d02,,True,1,,4096.0,pure_hdc_D4096+intl
sim_indoor_v1,test_id,pure_hdc,512,512.0,0.0,128,0.0,2,0.7323943661971831,0.6639340577723628,0.0,0.0,0.0,0.0,81940,868352,51d3d02,,False,1,,4096.0,pure_hdc_D4096
sim_indoor_v1,test_id,pure_hdc,512,512.0,0.0,128,0.0,2,0.7315658657829329,0.6629351143092663,0.0,0.0,0.0,0.0,81940,868352,51d3d02,,True,1,,4096.0,pure_hdc_D4096+intl
sim_indoor_v1,test_id,pure_hdc,512,512.0,0.0,512,0.0,2,0.7332228666114333,0.6626480826445337,0.0,0.0,0.0,0.0,81940,868352,51d3d02,,False,1,,4096.0,pure_hdc_D4096
sim_indoor_v1,test_id,pure_hdc,512,512.0,0.0,512,0.0,2,0.7299088649544325,0.6632789396386166,0.0,0.0,0.0,0.0,81940,868352,51d3d02,,True,1,,4096.0,pure_hdc_D4096+intl
sim_indoor_v1,test_id,pure_hdc,512,512.0,0.0,1024,0.0,2,0.7257663628831814,0.6513247774828513,0.0,0.0,0.0,0.0,81940,868352,51d3d02,,False,1,,4096.0,pure_hdc_D4096
sim_indoor_v1,test_id,pure_hdc,512,512.0,0.0,1024,0.0,2,0.7307373653686827,0.6609078609734328,0.0,0.0,0.0,0.0,81940,868352,51d3d02,,True,1,,4096.0,pure_hdc_D4096+intl
sim_indoor_v1,test_id,quantized,512,188.0,0.0,0,0.0,3,0.7473073736536868,0.6436382849372578,0.0,0.0,0.0,0.0,3620,0,51d3d02,180.0,False,0,,,quantized
sim_indoor_v1,test_id,quantized,512,188.0,0.0,32,0.0,3,0.6164043082021541,0.5367968951053075,0.0,0.0,0.0,0.0,3620,0,51d3d02,180.0,False,1,,,quantized
sim_indoor_v1,test_id,quantized,512,188.0,0.0,32,0.0,3,0.48053024026512015,0.41904522513664855,0.0,0.0,0.0,0.0,3620,0,51d3d02,180.0,True,1,,,quantized+intl
sim_indoor_v1,test_id,quantized,512,188.0,0.0,128,0.0,3,0.5161557580778791,0.4418815221432556,0.0,0.0,0.0,0.0,3620,0,51d3d02,180.0,False,1,,,quantized
sim_indoor_v1,test_id,quantized,512,188.0,0.0,128,0.0,3,0.29246064623032314,0.2595285282841199,0.0,0.0,0.0,0.0,3620,0,51d3d02,180.0,True,1,,,quantized+intl
sim_indoor_v1,test_id,quantized,512,188.0,0.0,512,0.0,3,0.2526926263463132,0.1807209203772018,0.0,0.0,0.0,0.0,3620,0,51d3d02,180.0,False,1,,,quantized
sim_indoor_v1,test_id,quantized,512,188.0,0.0,512,0.0,3,0.14747307373653687,0.1207332577873377,0.0,0.0,0.0,0.0,3620,0,51d3d02,180.0,True,1,,,quantized+intl
sim_indoor_v1,test_id,quantized,512,188.0,0.0,1024,0.0,3,0.20463960231980116,0.09229548398989293,0.0,0.0,0.0,0.0,3620,0,51d3d02,180.0,False,1,,,quantized
sim_indoor_v1,test_id,quantized,512,188.0,0.0,1024,0.0,3,0.08533554266777134,0.07909393959866709,0.0,0.0,0.0,0.0,3620,0,51d3d02,180.0,True,1,,,quantized+intl
sim_indoor_v1,test_id,pca,512,512.0,0.0,0,0.0,3,0.7547638773819387,0.6430222945087841,0.0,0.0,0.0,0.0,2540,94320,51d3d02,,False,0,126.0,,pca
sim_indoor_v1,test_id,pca,512,512.0,0.0,32,0.0,3,0.32145816072908034,0.2791365782717393,0.0,0.0,0.0,0.0,2540,94320,51d3d02,,False,1,126.0,,pca
sim_indoor_v1,test_id,pca,512,512.0,0.0,32,0.0,3,0.3380281690140845,0.2968688749105339,0.0,0.0,0.0,0.0,2540,94320,51d3d02,,True,1,126.0,,pca+intl
sim_indoor_v1,test_id,pca,512,512.0,0.0,128,0.0,3,0.22783761391880697,0.2087974658400012,0.0,0.0,0.0,0.0,2540,94320,51d3d02,,False,1,126.0,,pca
sim_indoor_v1,test_id,pca,512,512.0,0.0,128,0.0,3,0.20049710024855014,0.19140306322570227,0.0,0.0,0.0,0.0,2540,94320,51d3d02,,True,1,126.0,,pca+intl
sim_indoor_v1,test_id,pca,512,512.0,0.0,512,0.0,3,0.19138359569179786,0.1745197647255407,0.0,0.0,0.0,0.0,2540,94320,51d3d02,,False,1,126.0,,pca
sim_indoor_v1,test_id,pca,512,512.0,0.0,512,0.0,3,0.15244407622203812,0.13721079336128053,0.0,0.0,0.0,0.0,2540,94320,51d3d02,,True,1,126.0,,pca+intl
sim_indoor_v1,test_id,pca,512,512.0,0.0,1024,0.0,3,0.17729908864954433,0.1629545669614592,0.0,0.0,0.0,0.0,2540,94320,51d3d02,,False,1,126.0,,pca
sim_indoor_v1,test_id,pca,512,512.0,0.0,1024,0.0,3,0.1491300745650373,0.12782185430632692,0.0,0.0,0.0,0.0,2540,94320,51d3d02,,True,1,126.0,,pca+intl
sim_indoor_v1,test_id,binary_hash,512,512.0,0.0,0,0.0,3,0.9262634631317316,0.8858124707440689,0.0,0.0,0.0,0.0,81940,2949120,51d3d02,,False,0,,4096.0,binary_hash
sim_indoor_v1,test_id,binary_hash,512,512.0,0.0,32,0.0,3,0.9154929577464789,0.8667899605354329,0.0,0.0,0.0,0.0,81940,2949120,51d3d02,,False,1,,4096.0,binary_hash
sim_indoor_v1,test_id,binary_hash,512,512.0,0.0,32,0.0,3,0.9130074565037283,0.8632984577444265,0.0,0.0,0.0,0.0,81940,2949120,51d3d02,,True,1,,4096.0,binary_hash+intl
sim_indoor_v1,test_id,binary_hash,512,512.0,0.0,128,0.0,3,0.8947804473902237,0.8465908610488022,0.0,0.0,0.0,0.0,81940,2949120,51d3d02,,False,1,,4096.0,binary_hash
sim_indoor_v1,test_id,binary_hash,512,512.0,0.0,128,0.0,3,0.8864954432477217,0.8404231538762902,0.0,0.0,0.0,0.0,81940,2949120,51d3d02,,True,1,,4096.0,binary_hash+intl
sim_indoor_v1,test_id,binary_hash,512,512.0,0.0,512,0.0,3,0.8268434134217068,0.7635708496114626,0.0,0.0,0.0,0.0,81940,2949120,51d3d02,,False,1,,4096.0,binary_hash
sim_indoor_v1,test_id,binary_hash,512,512.0,0.0,512,0.0,3,0.796188898094449,0.7313739776113721,0.0,0.0,0.0,0.0,81940,2949120,51d3d02,,True,1,,4096.0,binary_hash+intl
sim_indoor_v1,test_id,binary_hash,512,512.0,0.0,1024,0.0,3,0.6984258492129246,0.6173589937769828,0.0,0.0,0.0,0.0,81940,2949120,51d3d02,,False,1,,4096.0,binary_hash
sim_indoor_v1,test_id,binary_hash,512,512.0,0.0,1024,0.0,3,0.6777133388566694,0.5968413724346951,0.0,0.0,0.0,0.0,81940,2949120,51d3d02,,True,1,,4096.0,binary_hash+intl
sim_indoor_v1,test_id,pure_hdc,512,512.0,0.0,0,0.0,3,0.7340513670256835,0.6677268864614062,0.0,0.0,0.0,0.0,81940,868352,51d3d02,,False,0,,4096.0,pure_hdc_D4096
sim_indoor_v1,test_id,pure_hdc,512,512.0,0.0,32,0.0,3,0.7323943661971831,0.6657910678644072,0.0,0.0,0.0,0.0,81940,868352,51d3d02,,False,1,,4096.0,pure_hdc_D4096
sim_indoor_v1,test_id,pure_hdc,512,512.0,0.0,32,0.0,3,0.7381938690969345,0.6716394671716714,0.0,0.0,0.0,0.0,81940,868352,51d3d02,,True,1,,4096.0,pure_hdc_D4096+intl
sim_indoor_v1,test_id,pure_hdc,512,512.0,0.0,128,0.0,3,0.7365368682684341,0.670913271140007,0.0,0.0,0.0,0.0,81940,868352,51d3d02,,False,1,,4096.0,pure_hdc_D4096
sim_indoor_v1,test_id,pure_hdc,512,512.0,0.0,128,0.0,3,0.7348798674399337,0.6684212224171568,0.0,0.0,0.0,0.0,81940,868352,51d3d02,,True,1,,4096.0,pure_hdc_D4096+intl
sim_indoor_v1,test_id,pure_hdc,512,512.0,0.0,512,0.0,3,0.7257663628831814,0.6568417786740021,0.0,0.0,0.0,0.0,81940,868352,51d3d02,,False,1,,4096.0,pure_hdc_D4096
sim_indoor_v1,test_id,pure_hdc,512,512.0,0.0,512,0.0,3,0.728251864125932,0.661057694693155,0.0,0.0,0.0,0.0,81940,868352,51d3d02,,True,1,,4096.0,pure_hdc_D4096+intl
sim_indoor_v1,test_id,pure_hdc,512,512.0,0.0,1024,0.0,3,0.7323943661971831,0.6626280427807334,0.0,0.0,0.0,0.0,81940,868352,51d3d02,,False,1,,4096.0,pure_hdc_D4096
sim_indoor_v1,test_id,pure_hdc,512,512.0,0.0,1024,0.0,3,0.7299088649544325,0.6606818603397266,0.0,0.0,0.0,0.0,81940,868352,51d3d02,,True,1,,4096.0,pure_hdc_D4096+intl
sim_indoor_v1,test_id,quantized,512,188.0,0.0,0,0.0,4,0.7473073736536868,0.6436382849372578,0.0,0.0,0.0,0.0,3620,0,51d3d02,180.0,False,0,,,quantized
sim_indoor_v1,test_id,quantized,512,188.0,0.0,32,0.0,4,0.6064623032311516,0.5276604018608595,0.0,0.0,0.0,0.0,3620,0,51d3d02,180.0,False,1,,,quantized
sim_indoor_v1,test_id,quantized,512,188.0,0.0,32,0.0,4,0.4987572493786247,0.4367466679579465,0.0,0.0,0.0,0.0,3620,0,51d3d02,180.0,True,1,,,quantized+intl
sim_indoor_v1,test_id,quantized,512,188.0,0.0,128,0.0,4,0.49461474730737365,0.4394497001279394,0.0,0.0,0.0,0.0,3620,0,51d3d02,180.0,False,1,,,quantized
sim_indoor_v1,test_id,quantized,512,188.0,0.0,128,0.0,4,0.32062966031483014,0.2908675463355119,0.0,0.0,0.0,0.0,3620,0,51d3d02,180.0,True,1,,,quantized+intl
sim_indoor_v1,test_id,quantized,512,188.0,0.0,512,0.0,4,0.24855012427506215,0.1611826981390429,0.0,0.0,0.0,0.0,3620,0,51d3d02,180.0,False,1,,,quantized
sim_indoor_v1,test_id,quantized,512,188.0,0.0,512,0.0,4,0.188069594034797,0.15981088596913626,0.0,0.0,0.0,0.0,3620,0,51d3d02,180.0,True,1,,,quantized+intl
sim_indoor_v1,test_id,quantized,512,188.0,0.0,1024,0.0,4,0.20215410107705054,0.08962547982155825,0.0,0.0,0.0,0.0,3620,0,51d3d02,180.0,False,1,,,quantized
sim_indoor_v1,test_id,quantized,512,188.0,0.0,1024,0.0,4,0.19221209610604806,0.14452949447879387,0.0,0.0,0.0,0.0,3620,0,51d3d02,180.0,True,1,,,quantized+intl
sim_indoor_v1,test_id,pca,512,512.0,0.0,0,0.0,4,0.7547638773819387,0.6430222945087841,0.0,0.0,0.0,0.0,2540,94320,51d3d02,,False,0,126.0,,pca
sim_indoor_v1,test_id,pca,512,512.0,0.0,32,0.0,4,0.33305716652858325,0.29337157756569143,0.0,0.0,0.0,0.0,2540,94320,51d3d02,,False,1,126.0,,pca
sim_indoor_v1,test_id,pca,512,512.0,0.0,32,0.0,4,0.33222866611433305,0.2884978293118537,0.0,0.0,0.0,0.0,2540,94320,51d3d02,,True,1,126.0,,pca+intl
sim_indoor_v1,test_id,pca,512,512.0,0.0,128,0.0,4,0.2452361226180613,0.220809591253883,0.0,0.0,0.0,0.0,2540,94320,51d3d02,,False,1,126.0,,pca
sim_indoor_v1,test_id,pca,512,512.0,0.0,128,0.0,4,0.2087821043910522,0.19324275916838657,0.0,0.0,0.0,0.0,2540,94320,51d3d02,,True,1,126.0,,pca+intl
sim_indoor_v1,test_id,pca,512,512.0,0.0,512,0.0,4,0.1855840927920464,0.16951848596658065,0.0,0.0,0.0,0.0,2540,94320,51d3d02,,False,1,126.0,,pca
sim_indoor_v1,test_id,pca,512,512.0,0.0,512,0.0,4,0.17647058823529413,0.16666719354947018,0.0,0.0,0.0,0.0,2540,94320,51d3d02,,True,1,126.0,,pca+intl
sim_indoor_v1,test_id,pca,512,512.0,0.0,1024,0.0,4,0.1855840927920464,0.16974899661781725,0.0,0.0,0.0,0.0,2540,94320,51d3d02,,False,1,126.0,,pca
sim_indoor_v1,test_id,pca,512,512.0,0.0,1024,0.0,4,0.12344656172328086,0.10957574760277629,0.0,0.0,0.0,0.0,2540,94320,51d3d02,,True,1,126.0,,pca+intl
sim_indoor_v1,test_id,binary_hash,512,512.0,0.0,0,0.0,4,0.9204639602319801,0.8848809755523929,0.0,0.0,0.0,0.0,81940,2949120,51d3d02,,False,0,,4096.0,binary_hash
sim_indoor_v1,test_id,binary_hash,512,512.0,0.0,32,0.0,4,0.9113504556752279,0.8769754904141879,0.0,0.0,0.0,0.0,81940,2949120,51d3d02,,False,1,,4096.0,binary_hash
sim_indoor_v1,test_id,binary_hash,512,512.0,0.0,32,0.0,4,0.9121789560894781,0.8762270155461348,0.0,0.0,0.0,0.0,81940,2949120,51d3d02,,True,1,,4096.0,binary_hash+intl
sim_indoor_v1,test_id,binary_hash,512,512.0,0.0,128,0.0,4,0.8831814415907208,0.8469533358347595,0.0,0.0,0.0,0.0,81940,2949120,51d3d02,,False,1,,4096.0,binary_hash
sim_indoor_v1,test_id,binary_hash,512,512.0,0.0,128,0.0,4,0.8922949461474731,0.8526783070232771,0.0,0.0,0.0,0.0,81940,2949120,51d3d02,,True,1,,4096.0,binary_hash+intl
sim_indoor_v1,test_id,binary_hash,512,512.0,0.0,512,0.0,4,0.8144159072079536,0.7545882222050387,0.0,0.0,0.0,0.0,81940,2949120,51d3d02,,False,1,,4096.0,binary_hash
sim_indoor_v1,test_id,binary_hash,512,512.0,0.0,512,0.0,4,0.7945318972659486,0.7346938398403251,0.0,0.0,0.0,0.0,81940,2949120,51d3d02,,True,1,,4096.0,binary_hash+intl
sim_indoor_v1,test_id,binary_hash,512,512.0,0.0,1024,0.0,4,0.700082850041425,0.6274314550043225,0.0,0.0,0.0,0.0,81940,2949120,51d3d02,,False,1,,4096.0,binary_hash
sim_indoor_v1,test_id,binary_hash,512,512.0,0.0,1024,0.0,4,0.6893123446561723,0.605838836319401,0.0,0.0,0.0,0.0,81940,2949120,51d3d02,,True,1,,4096.0,binary_hash+intl
sim_indoor_v1,test_id,pure_hdc,512,512.0,0.0,0,0.0,4,0.724109362054681,0.6589389604260927,0.0,0.0,0.0,0.0,81940,868352,51d3d02,,False,0,,4096.0,pure_hdc_D4096
sim_indoor_v1,test_id,pure_hdc,512,512.0,0.0,32,0.0,4,0.724109362054681,0.6582080027268654,0.0,0.0,0.0,0.0,81940,868352,51d3d02,,False,1,,4096.0,pure_hdc_D4096
sim_indoor_v1,test_id,pure_hdc,512,512.0,0.0,32,0.0,4,0.7224523612261806,0.6563279666673283,0.0,0.0,0.0,0.0,81940,868352,51d3d02,,True,1,,4096.0,pure_hdc_D4096+intl
sim_indoor_v1,test_id,pure_hdc,512,512.0,0.0,128,0.0,4,0.7257663628831814,0.6588889550609196,0.0,0.0,0.0,0.0,81940,868352,51d3d02,,False,1,,4096.0,pure_hdc_D4096
sim_indoor_v1,test_id,pure_hdc,512,512.0,0.0,128,0.0,4,0.724109362054681,0.6569865368151983,0.0,0.0,0.0,0.0,81940,868352,51d3d02,,True,1,,4096.0,pure_hdc_D4096+intl
sim_indoor_v1,test_id,pure_hdc,512,512.0,0.0,512,0.0,4,0.7257663628831814,0.6614852745674721,0.0,0.0,0.0,0.0,81940,868352,51d3d02,,False,1,,4096.0,pure_hdc_D4096
sim_indoor_v1,test_id,pure_hdc,512,512.0,0.0,512,0.0,4,0.7232808616404308,0.6571168787406501,0.0,0.0,0.0,0.0,81940,868352,51d3d02,,True,1,,4096.0,pure_hdc_D4096+intl
sim_indoor_v1,test_id,pure_hdc,512,512.0,0.0,1024,0.0,4,0.7249378624689312,0.6585515047718998,0.0,0.0,0.0,0.0,81940,868352,51d3d02,,False,1,,4096.0,pure_hdc_D4096
sim_indoor_v1,test_id,pure_hdc,512,512.0,0.0,1024,0.0,4,0.7224523612261806,0.6557421991076138,0.0,0.0,0.0,0.0,81940,868352,51d3d02,,True,1,,4096.0,pure_hdc_D4096+intl
