dataset,split,method,budget_bytes,actual_bytes,ber,burst_length,packet_loss_rate,seed,accuracy,macro_f1,encode_ms_median,encode_ms_p95,classify_ms_median,classify_ms_p95,model_bytes,shared_memory_bytes,git_commit,dimension,interleave,n_bursts,modulation,fading,coherence_symbols,empirical_ber,theory_ber,hdc_head,hybrid_mode,frontend,mix,method_label
sim_indoor_v1,test_id,binary_hash,512,512.0,0.0,0,0.0,0,0.9154929577464789,0.8662026074723801,0.0,0.0,0.0,0.0,81940,2949120,a46535d,4096,False,0,none,none,32,0.0,,,,,,binary_hash
sim_indoor_v1,test_id,binary_hash,512,512.0,0.01,0,0.0,0,0.9072079536039768,0.8620044073764136,0.0,0.0,0.0,0.0,81940,2949120,a46535d,4096,False,0,none,none,32,0.00998687744140625,0.01,,,,,binary_hash
sim_indoor_v1,test_id,binary_hash,512,512.0,0.05,0,0.0,0,0.8806959403479702,0.8121249388020548,0.0,0.0,0.0,0.0,81940,2949120,a46535d,4096,False,0,none,none,32,0.04975128173828125,0.05,,,,,binary_hash
sim_indoor_v1,test_id,binary_hash,512,512.0,0.1,0,0.0,0,0.8376139188069595,0.7694947658845238,0.0,0.0,0.0,0.0,81940,2949120,a46535d,4096,False,0,none,none,32,0.09943008422851562,0.1,,,,,binary_hash
sim_indoor_v1,test_id,pure_hdc,512,512.0,0.0,0,0.0,0,0.7299088649544325,0.6638516578731524,0.0,0.0,0.0,0.0,81940,868352,a46535d,4096,False,0,none,none,32,0.0,,prototype,,,,pure_hdc_D4096
sim_indoor_v1,test_id,pure_hdc,512,512.0,0.01,0,0.0,0,0.7265948632974316,0.6599649927290191,0.0,0.0,0.0,0.0,81940,868352,a46535d,4096,False,0,none,none,32,0.00998687744140625,0.01,prototype,,,,pure_hdc_D4096
sim_indoor_v1,test_id,pure_hdc,512,512.0,0.05,0,0.0,0,0.724109362054681,0.6564518994283017,0.0,0.0,0.0,0.0,81940,868352,a46535d,4096,False,0,none,none,32,0.04975128173828125,0.05,prototype,,,,pure_hdc_D4096
sim_indoor_v1,test_id,pure_hdc,512,512.0,0.1,0,0.0,0,0.7265948632974316,0.6571465693367988,0.0,0.0,0.0,0.0,81940,868352,a46535d,4096,False,0,none,none,32,0.09943008422851562,0.1,prototype,,,,pure_hdc_D4096
sim_indoor_v1,test_id,pure_hdc,512,512.0,0.0,0,0.0,0,0.9784589892294946,0.9617930178238968,0.0,0.0,0.0,0.0,163880,868352,a46535d,4096,False,0,none,none,32,0.0,,linear,,,,pure_hdc_D4096+lin
sim_indoor_v1,test_id,pure_hdc,512,512.0,0.01,0,0.0,0,0.9751449875724938,0.9565722185854941,0.0,0.0,0.0,0.0,163880,868352,a46535d,4096,False,0,none,none,32,0.00998687744140625,0.01,linear,,,,pure_hdc_D4096+lin
sim_indoor_v1,test_id,pure_hdc,512,512.0,0.05,0,0.0,0,0.9743164871582436,0.9559564056914243,0.0,0.0,0.0,0.0,163880,868352,a46535d,4096,False,0,none,none,32,0.04975128173828125,0.05,linear,,,,pure_hdc_D4096+lin
sim_indoor_v1,test_id,pure_hdc,512,512.0,0.1,0,0.0,0,0.9577464788732394,0.9316902072464577,0.0,0.0,0.0,0.0,163880,868352,a46535d,4096,False,0,none,none,32,0.09943008422851562,0.1,linear,,,,pure_hdc_D4096+lin
sim_indoor_v1,test_id,hybrid_hdc,512,512.0,0.0,0,0.0,0,0.7705053852526926,0.6836023363172328,0.0,0.0,0.0,0.0,81940,1066516,a46535d,4096,False,0,none,none,32,0.0,,prototype,task/sector/prototype/none,sector,none,hybrid_hdc:task/sector/prototype/none
sim_indoor_v1,test_id,hybrid_hdc,512,512.0,0.01,0,0.0,0,0.768019884009942,0.6812720552121678,0.0,0.0,0.0,0.0,81940,1066516,a46535d,4096,False,0,none,none,32,0.00998687744140625,0.01,prototype,task/sector/prototype/none,sector,none,hybrid_hdc:task/sector/prototype/none
sim_indoor_v1,test_id,hybrid_hdc,512,512.0,0.05,0,0.0,0,0.7696768848384424,0.683808261047745,0.0,0.0,0.0,0.0,81940,1066516,a46535d,4096,False,0,none,none,32,0.04975128173828125,0.05,prototype,task/sector/prototype/none,sector,none,hybrid_hdc:task/sector/prototype/none
sim_indoor_v1,test_id,hybrid_hdc,512,512.0,0.1,0,0.0,0,0.7696768848384424,0.6824696998760077,0.0,0.0,0.0,0.0,81940,1066516,a46535d,4096,False,0,none,none,32,0.09943008422851562,0.1,prototype,task/sector/prototype/none,sector,none,hybrid_hdc:task/sector/prototype/none
sim_indoor_v1,test_id,hybrid_hdc,512,512.0,0.0,0,0.0,0,0.7580778790389395,0.6413052677660095,0.0,0.0,0.0,0.0,81940,1142292,a46535d,4096,False,0,none,none,32,0.0,,prototype,task/scan/prototype/none,scan,none,hybrid_hdc:task/scan/prototype/none
sim_indoor_v1,test_id,hybrid_hdc,512,512.0,0.01,0,0.0,0,0.7580778790389395,0.6412838441642267,0.0,0.0,0.0,0.0,81940,1142292,a46535d,4096,False,0,none,none,32,0.00998687744140625,0.01,prototype,task/scan/prototype/none,scan,none,hybrid_hdc:task/scan/prototype/none
sim_indoor_v1,test_id,hybrid_hdc,512,512.0,0.05,0,0.0,0,0.7605633802816901,0.6449587210689572,0.0,0.0,0.0,0.0,81940,1142292,a46535d,4096,False,0,none,none,32,0.04975128173828125,0.05,prototype,task/scan/prototype/none,scan,none,hybrid_hdc:task/scan/prototype/none
sim_indoor_v1,test_id,hybrid_hdc,512,512.0,0.1,0,0.0,0,0.7564208782104391,0.639277529469371,0.0,0.0,0.0,0.0,81940,1142292,a46535d,4096,False,0,none,none,32,0.09943008422851562,0.1,prototype,task/scan/prototype/none,scan,none,hybrid_hdc:task/scan/prototype/none
sim_indoor_v1,test_id,hybrid_hdc,512,512.0,0.0,0,0.0,0,0.9362054681027341,0.8942021093768788,0.0,0.0,0.0,0.0,163880,1142292,a46535d,4096,False,0,none,none,32,0.0,,linear,task/scan/linear/none,scan,none,hybrid_hdc:task/scan/linear/none
sim_indoor_v1,test_id,hybrid_hdc,512,512.0,0.01,0,0.0,0,0.9395194697597349,0.8997488086609344,0.0,0.0,0.0,0.0,163880,1142292,a46535d,4096,False,0,none,none,32,0.00998687744140625,0.01,linear,task/scan/linear/none,scan,none,hybrid_hdc:task/scan/linear/none
sim_indoor_v1,test_id,hybrid_hdc,512,512.0,0.05,0,0.0,0,0.9304059652029826,0.8848712562022353,0.0,0.0,0.0,0.0,163880,1142292,a46535d,4096,False,0,none,none,32,0.04975128173828125,0.05,linear,task/scan/linear/none,scan,none,hybrid_hdc:task/scan/linear/none
sim_indoor_v1,test_id,hybrid_hdc,512,512.0,0.1,0,0.0,0,0.9229494614747308,0.8754353807263684,0.0,0.0,0.0,0.0,163880,1142292,a46535d,4096,False,0,none,none,32,0.09943008422851562,0.1,linear,task/scan/linear/none,scan,none,hybrid_hdc:task/scan/linear/none
sim_indoor_v1,test_id,hybrid_hdc,512,512.0,0.0,0,0.0,0,0.7580778790389395,0.6574397994218484,0.0,0.0,0.0,0.0,81940,2010644,a46535d,4096,False,0,none,none,32,0.0,,prototype,task/scan/prototype/record,scan,record,hybrid_hdc:task/scan/prototype/record
sim_indoor_v1,test_id,hybrid_hdc,512,512.0,0.01,0,0.0,0,0.7597348798674399,0.6587582684439223,0.0,0.0,0.0,0.0,81940,2010644,a46535d,4096,False,0,none,none,32,0.00998687744140625,0.01,prototype,task/scan/prototype/record,scan,record,hybrid_hdc:task/scan/prototype/record
sim_indoor_v1,test_id,hybrid_hdc,512,512.0,0.05,0,0.0,0,0.7555923777961889,0.6542607560291838,0.0,0.0,0.0,0.0,81940,2010644,a46535d,4096,False,0,none,none,32,0.04975128173828125,0.05,prototype,task/scan/prototype/record,scan,record,hybrid_hdc:task/scan/prototype/record
sim_indoor_v1,test_id,hybrid_hdc,512,512.0,0.1,0,0.0,0,0.7555923777961889,0.6553484199150145,0.0,0.0,0.0,0.0,81940,2010644,a46535d,4096,False,0,none,none,32,0.09943008422851562,0.1,prototype,task/scan/prototype/record,scan,record,hybrid_hdc:task/scan/prototype/record
sim_indoor_v1,test_id,hybrid_hdc,512,512.0,0.0,0,0.0,0,0.9544324772162386,0.9240822339343924,0.0,0.0,0.0,0.0,163880,2010644,a46535d,4096,False,0,none,none,32,0.0,,linear,task/scan/linear/record,scan,record,hybrid_hdc:task/scan/linear/record
sim_indoor_v1,test_id,hybrid_hdc,512,512.0,0.01,0,0.0,0,0.9527754763877382,0.9219761904880794,0.0,0.0,0.0,0.0,163880,2010644,a46535d,4096,False,0,none,none,32,0.00998687744140625,0.01,linear,task/scan/linear/record,scan,record,hybrid_hdc:task/scan/linear/record
sim_indoor_v1,test_id,hybrid_hdc,512,512.0,0.05,0,0.0,0,0.9453189726594863,0.9093823532974253,0.0,0.0,0.0,0.0,163880,2010644,a46535d,4096,False,0,none,none,32,0.04975128173828125,0.05,linear,task/scan/linear/record,scan,record,hybrid_hdc:task/scan/linear/record
sim_indoor_v1,test_id,hybrid_hdc,512,512.0,0.1,0,0.0,0,0.9469759734879868,0.9130678398493375,0.0,0.0,0.0,0.0,163880,2010644,a46535d,4096,False,0,none,none,32,0.09943008422851562,0.1,linear,task/scan/linear/record,scan,record,hybrid_hdc:task/scan/linear/record
sim_indoor_v1,test_id,binary_hash,512,512.0,0.0,0,0.0,1,0.9270919635459818,0.8840642692353267,0.0,0.0,0.0,0.0,81940,2949120,a46535d,4096,False,0,none,none,32,0.0,,,,,,binary_hash
sim_indoor_v1,test_id,binary_hash,512,512.0,0.01,0,0.0,1,0.9221209610604806,0.8787822664739467,0.0,0.0,0.0,0.0,81940,2949120,a46535d,4096,False,0,none,none,32,0.00989532470703125,0.01,,,,,binary_hash
sim_indoor_v1,test_id,binary_hash,512,512.0,0.05,0,0.0,1,0.8947804473902237,0.8469336363532658,0.0,0.0,0.0,0.0,81940,2949120,a46535d,4096,False,0,none,none,32,0.050029754638671875,0.05,,,,,binary_hash
sim_indoor_v1,test_id,binary_hash,512,512.0,0.1,0,0.0,1,0.844241922120961,0.7964632406807167,0.0,0.0,0.0,0.0,81940,2949120,a46535d,4096,False,0,none,none,32,0.10019302368164062,0.1,,,,,binary_hash
sim_indoor_v1,test_id,pure_hdc,512,512.0,0.0,0,0.0,1,0.7307373653686827,0.662479807302779,0.0,0.0,0.0,0.0,81940,868352,a46535d,4096,False,0,none,none,32,0.0,,prototype,,,,pure_hdc_D4096
sim_indoor_v1,test_id,pure_hdc,512,512.0,0.01,0,0.0,1,0.7299088649544325,0.6617487566461787,0.0,0.0,0.0,0.0,81940,868352,a46535d,4096,False,0,none,none,32,0.00989532470703125,0.01,prototype,,,,pure_hdc_D4096
sim_indoor_v1,test_id,pure_hdc,512,512.0,0.05,0,0.0,1,0.7307373653686827,0.6628814150486695,0.0,0.0,0.0,0.0,81940,868352,a46535d,4096,False,0,none,none,32,0.050029754638671875,0.05,prototype,,,,pure_hdc_D4096
sim_indoor_v1,test_id,pure_hdc,512,512.0,0.1,0,0.0,1,0.7290803645401823,0.660801544269159,0.0,0.0,0.0,0.0,81940,868352,a46535d,4096,False,0,none,none,32,0.10019302368164062,0.1,prototype,,,,pure_hdc_D4096
sim_indoor_v1,test_id,pure_hdc,512,512.0,0.0,0,0.0,1,0.9726594863297432,0.9528257259389058,0.0,0.0,0.0,0.0,163880,868352,a46535d,4096,False,0,none,none,32,0.0,,linear,,,,pure_hdc_D4096+lin
sim_indoor_v1,test_id,pure_hdc,512,512.0,0.01,0,0.0,1,0.9743164871582436,0.9547347972252203,0.0,0.0,0.0,0.0,163880,868352,a46535d,4096,False,0,none,none,32,0.00989532470703125,0.01,linear,,,,pure_hdc_D4096+lin
sim_indoor_v1,test_id,pure_hdc,512,512.0,0.05,0,0.0,1,0.9652029826014913,0.937793685387504,0.0,0.0,0.0,0.0,163880,868352,a46535d,4096,False,0,none,none,32,0.050029754638671875,0.05,linear,,,,pure_hdc_D4096+lin
sim_indoor_v1,test_id,pure_hdc,512,512.0,0.1,0,0.0,1,0.9544324772162386,0.9219298982777477,0.0,0.0,0.0,0.0,163880,868352,a46535d,4096,False,0,none,none,32,0.10019302368164062,0.1,linear,,,,pure_hdc_D4096+lin
sim_indoor_v1,test_id,hybrid_hdc,512,512.0,0.0,0,0.0,1,0.7771333885666943,0.6846546824783486,0.0,0.0,0.0,0.0,81940,1066516,a46535d,4096,False,0,none,none,32,0.0,,prototype,task/sector/prototype/none,sector,none,hybrid_hdc:task/sector/prototype/none
sim_indoor_v1,test_id,hybrid_hdc,512,512.0,0.01,0,0.0,1,0.776304888152444,0.6828621990412582,0.0,0.0,0.0,0.0,81940,1066516,a46535d,4096,False,0,none,none,32,0.00989532470703125,0.01,prototype,task/sector/prototype/none,sector,none,hybrid_hdc:task/sector/prototype/none
sim_indoor_v1,test_id,hybrid_hdc,512,512.0,0.05,0,0.0,1,0.7746478873239436,0.6815625888348842,0.0,0.0,0.0,0.0,81940,1066516,a46535d,4096,False,0,none,none,32,0.050029754638671875,0.05,prototype,task/sector/prototype/none,sector,none,hybrid_hdc:task/sector/prototype/none
sim_indoor_v1,test_id,hybrid_hdc,512,512.0,0.1,0,0.0,1,0.7729908864954432,0.6792019162912686,0.0,0.0,0.0,0.0,81940,1066516,a46535d,4096,False,0,none,none,32,0.10019302368164062,0.1,prototype,task/sector/prototype/none,sector,none,hybrid_hdc:task/sector/prototype/none
sim_indoor_v1,test_id,hybrid_hdc,512,512.0,0.0,0,0.0,1,0.7274233637116818,0.6183360370295856,0.0,0.0,0.0,0.0,81940,1142292,a46535d,4096,False,0,none,none,32,0.0,,prototype,task/scan/prototype/none,scan,none,hybrid_hdc:task/scan/prototype/none
sim_indoor_v1,test_id,hybrid_hdc,512,512.0,0.01,0,0.0,1,0.7274233637116818,0.6184819426932786,0.0,0.0,0.0,0.0,81940,1142292,a46535d,4096,False,0,none,none,32,0.00989532470703125,0.01,prototype,task/scan/prototype/none,scan,none,hybrid_hdc:task/scan/prototype/none
sim_indoor_v1,test_id,hybrid_hdc,512,512.0,0.05,0,0.0,1,0.728251864125932,0.6189692025952545,0.0,0.0,0.0,0.0,81940,1142292,a46535d,4096,False,0,none,none,32,0.050029754638671875,0.05,prototype,task/scan/prototype/none,scan,none,hybrid_hdc:task/scan/prototype/none
sim_indoor_v1,test_id,hybrid_hdc,512,512.0,0.1,0,0.0,1,0.7265948632974316,0.615820755284057,0.0,0.0,0.0,0.0,81940,1142292,a46535d,4096,False,0,none,none,32,0.10019302368164062,0.1,prototype,task/scan/prototype/none,scan,none,hybrid_hdc:task/scan/prototype/none
sim_indoor_v1,test_id,hybrid_hdc,512,512.0,0.0,0,0.0,1,0.9246064623032312,0.8778246028326592,0.0,0.0,0.0,0.0,163880,1142292,a46535d,4096,False,0,none,none,32,0.0,,linear,task/scan/linear/none,scan,none,hybrid_hdc:task/scan/linear/none
sim_indoor_v1,test_id,hybrid_hdc,512,512.0,0.01,0,0.0,1,0.9262634631317316,0.8810203607361053,0.0,0.0,0.0,0.0,163880,1142292,a46535d,4096,False,0,none,none,32,0.00989532470703125,0.01,linear,task/scan/linear/none,scan,none,hybrid_hdc:task/scan/linear/none
sim_indoor_v1,test_id,hybrid_hdc,512,512.0,0.05,0,0.0,1,0.923777961888981,0.8758513524970191,0.0,0.0,0.0,0.0,163880,1142292,a46535d,4096,False,0,none,none,32,0.050029754638671875,0.05,linear,task/scan/linear/none,scan,none,hybrid_hdc:task/scan/linear/none
sim_indoor_v1,test_id,hybrid_hdc,512,512.0,0.1,0,0.0,1,0.923777961888981,0.8804966416620135,0.0,0.0,0.0,0.0,163880,1142292,a46535d,4096,False,0,none,none,32,0.10019302368164062,0.1,linear,task/scan/linear/none,scan,none,hybrid_hdc:task/scan/linear/none
sim_indoor_v1,test_id,hybrid_hdc,512,512.0,0.0,0,0.0,1,0.7315658657829329,0.6318577480391159,0.0,0.0,0.0,0.0,81940,2010644,a46535d,4096,False,0,none,none,32,0.0,,prototype,task/scan/prototype/record,scan,record,hybrid_hdc:task/scan/prototype/record
sim_indoor_v1,test_id,hybrid_hdc,512,512.0,0.01,0,0.0,1,0.7299088649544325,0.6306399268057864,0.0,0.0,0.0,0.0,81940,2010644,a46535d,4096,False,0,none,none,32,0.00989532470703125,0.01,prototype,task/scan/prototype/record,scan,record,hybrid_hdc:task/scan/prototype/record
sim_indoor_v1,test_id,hybrid_hdc,512,512.0,0.05,0,0.0,1,0.7307373653686827,0.6321266536057868,0.0,0.0,0.0,0.0,81940,2010644,a46535d,4096,False,0,none,none,32,0.050029754638671875,0.05,prototype,task/scan/prototype/record,scan,record,hybrid_hdc:task/scan/prototype/record
sim_indoor_v1,test_id,hybrid_hdc,512,512.0,0.1,0,0.0,1,0.7323943661971831,0.6358937897452673,0.0,0.0,0.0,0.0,81940,2010644,a46535d,4096,False,0,none,none,32,0.10019302368164062,0.1,prototype,task/scan/prototype/record,scan,record,hybrid_hdc:task/scan/prototype/record
sim_indoor_v1,test_id,hybrid_hdc,512,512.0,0.0,0,0.0,1,0.9428334714167357,0.9036963489679438,0.0,0.0,0.0,0.0,163880,2010644,a46535d,4096,False,0,none,none,32,0.0,,linear,task/scan/linear/record,scan,record,hybrid_hdc:task/scan/linear/record
sim_indoor_v1,test_id,hybrid_hdc,512,512.0,0.01,0,0.0,1,0.9444904722452361,0.9087597630888535,0.0,0.0,0.0,0.0,163880,2010644,a46535d,4096,False,0,none,none,32,0.00989532470703125,0.01,linear,task/scan/linear/record,scan,record,hybrid_hdc:task/scan/linear/record
sim_indoor_v1,test_id,hybrid_hdc,512,512.0,0.05,0,0.0,1,0.9411764705882353,0.903617566184983,0.0,0.0,0.0,0.0,163880,2010644,a46535d,4096,False,0,none,none,32,0.050029754638671875,0.05,linear,task/scan/linear/record,scan,record,hybrid_hdc:task/scan/linear/record
sim_indoor_v1,test_id,hybrid_hdc,512,512.0,0.1,0,0.0,1,0.9428334714167357,0.9076278908395177,0.0,0.0,0.0,0.0,163880,2010644,a46535d,4096,False,0,none,none,32,0.10019302368164062,0.1,linear,task/scan/linear/record,scan,record,hybrid_hdc:task/scan/linear/record
sim_indoor_v1,test_id,binary_hash,512,512.0,0.0,0,0.0,2,0.9221209610604806,0.8766804510670834,0.0,0.0,0.0,0.0,81940,2949120,a46535d,4096,False,0,none,none,32,0.0,,,,,,binary_hash
sim_indoor_v1,test_id,binary_hash,512,512.0,0.01,0,0.0,2,0.9154929577464789,0.8709984581765239,0.0,0.0,0.0,0.0,81940,2949120,a46535d,4096,False,0,none,none,32,0.009738922119140625,0.01,,,,,binary_hash
sim_indoor_v1,test_id,binary_hash,512,512.0,0.05,0,0.0,2,0.875724937862469,0.821259547619636,0.0,0.0,0.0,0.0,81940,2949120,a46535d,4096,False,0,none,none,32,0.049762725830078125,0.05,,,,,binary_hash
sim_indoor_v1,test_id,binary_hash,512,512.0,0.1,0,0.0,2,0.8376139188069595,0.7614697551533712,0.0,0.0,0.0,0.0,81940,2949120,a46535d,4096,False,0,none,none,32,0.09943389892578125,0.1,,,,,binary_hash
sim_indoor_v1,test_id,pure_hdc,512,512.0,0.0,0,0.0,2,0.7332228666114333,0.6651585878194195,0.0,0.0,0.0,0.0,81940,868352,a46535d,4096,False,0,none,none,32,0.0,,prototype,,,,pure_hdc_D4096
sim_indoor_v1,test_id,pure_hdc,512,512.0,0.01,0,0.0,2,0.7340513670256835,0.6657106025336534,0.0,0.0,0.0,0.0,81940,868352,a46535d,4096,False,0,none,none,32,0.009738922119140625,0.01,prototype,,,,pure_hdc_D4096
sim_indoor_v1,test_id,pure_hdc,512,512.0,0.05,0,0.0,2,0.7332228666114333,0.6665796438495676,0.0,0.0,0.0,0.0,81940,868352,a46535d,4096,False,0,none,none,32,0.049762725830078125,0.05,prototype,,,,pure_hdc_D4096
sim_indoor_v1,test_id,pure_hdc,512,512.0,0.1,0,0.0,2,0.7299088649544325,0.6618901973604304,0.0,0.0,0.0,0.0,81940,868352,a46535d,4096,False,0,none,none,32,0.09943389892578125,0.1,prototype,,,,pure_hdc_D4096
sim_indoor_v1,test_id,pure_hdc,512,512.0,0.0,0,0.0,2,0.9701739850869926,0.9493793864347759,0.0,0.0,0.0,0.0,163880,868352,a46535d,4096,False,0,none,none,32,0.0,,linear,,,,pure_hdc_D4096+lin
sim_indoor_v1,test_id,pure_hdc,512,512.0,0.01,0,0.0,2,0.9701739850869926,0.9506247634360336,0.0,0.0,0.0,0.0,163880,868352,a46535d,4096,False,0,none,none,32,0.009738922119140625,0.01,linear,,,,pure_hdc_D4096+lin
sim_indoor_v1,test_id,pure_hdc,512,512.0,0.05,0,0.0,2,0.9643744821872411,0.9407679387323237,0.0,0.0,0.0,0.0,163880,868352,a46535d,4096,False,0,none,none,32,0.049762725830078125,0.05,linear,,,,pure_hdc_D4096+lin
sim_indoor_v1,test_id,pure_hdc,512,512.0,0.1,0,0.0,2,0.9569179784589892,0.9317996418140961,0.0,0.0,0.0,0.0,163880,868352,a46535d,4096,False,0,none,none,32,0.09943389892578125,0.1,linear,,,,pure_hdc_D4096+lin
sim_indoor_v1,test_id,hybrid_hdc,512,512.0,0.0,0,0.0,2,0.8003314001657,0.7099916575655146,0.0,0.0,0.0,0.0,81940,1066516,a46535d,4096,False,0,none,none,32,0.0,,prototype,task/sector/prototype/none,sector,none,hybrid_hdc:task/sector/prototype/none
sim_indoor_v1,test_id,hybrid_hdc,512,512.0,0.01,0,0.0,2,0.7986743993371996,0.7083738448376463,0.0,0.0,0.0,0.0,81940,1066516,a46535d,4096,False,0,none,none,32,0.009738922119140625,0.01,prototype,task/sector/prototype/none,sector,none,hybrid_hdc:task/sector/prototype/none
sim_indoor_v1,test_id,hybrid_hdc,512,512.0,0.05,0,0.0,2,0.7995028997514498,0.7092842640175709,0.0,0.0,0.0,0.0,81940,1066516,a46535d,4096,False,0,none,none,32,0.049762725830078125,0.05,prototype,task/sector/prototype/none,sector,none,hybrid_hdc:task/sector/prototype/none
sim_indoor_v1,test_id,hybrid_hdc,512,512.0,0.1,0,0.0,2,0.7945318972659486,0.7048681587128791,0.0,0.0,0.0,0.0,81940,1066516,a46535d,4096,False,0,none,none,32,0.09943389892578125,0.1,prototype,task/sector/prototype/none,sector,none,hybrid_hdc:task/sector/prototype/none
sim_indoor_v1,test_id,hybrid_hdc,512,512.0,0.0,0,0.0,2,0.7390223695111847,0.6331008933172693,0.0,0.0,0.0,0.0,81940,1142292,a46535d,4096,False,0,none,none,32,0.0,,prototype,task/scan/prototype/none,scan,none,hybrid_hdc:task/scan/prototype/none
sim_indoor_v1,test_id,hybrid_hdc,512,512.0,0.01,0,0.0,2,0.7390223695111847,0.632389613857681,0.0,0.0,0.0,0.0,81940,1142292,a46535d,4096,False,0,none,none,32,0.009738922119140625,0.01,prototype,task/scan/prototype/none,scan,none,hybrid_hdc:task/scan/prototype/none
sim_indoor_v1,test_id,hybrid_hdc,512,512.0,0.05,0,0.0,2,0.7398508699254349,0.634457867304645,0.0,0.0,0.0,0.0,81940,1142292,a46535d,4096,False,0,none,none,32,0.049762725830078125,0.05,prototype,task/scan/prototype/none,scan,none,hybrid_hdc:task/scan/prototype/none
sim_indoor_v1,test_id,hybrid_hdc,512,512.0,0.1,0,0.0,2,0.7431648715824358,0.6379669171578835,0.0,0.0,0.0,0.0,81940,1142292,a46535d,4096,False,0,none,none,32,0.09943389892578125,0.1,prototype,task/scan/prototype/none,scan,none,hybrid_hdc:task/scan/prototype/none
sim_indoor_v1,test_id,hybrid_hdc,512,512.0,0.0,0,0.0,2,0.9312344656172328,0.884148005286481,0.0,0.0,0.0,0.0,163880,1142292,a46535d,4096,False,0,none,none,32,0.0,,linear,task/scan/linear/none,scan,none,hybrid_hdc:task/scan/linear/none
sim_indoor_v1,test_id,hybrid_hdc,512,512.0,0.01,0,0.0,2,0.9287489643744822,0.8793000304436063,0.0,0.0,0.0,0.0,163880,1142292,a46535d,4096,False,0,none,none,32,0.009738922119140625,0.01,linear,task/scan/linear/none,scan,none,hybrid_hdc:task/scan/linear/none
sim_indoor_v1,test_id,hybrid_hdc,512,512.0,0.05,0,0.0,2,0.9287489643744822,0.8825138333410341,0.0,0.0,0.0,0.0,163880,1142292,a46535d,4096,False,0,none,none,32,0.049762725830078125,0.05,linear,task/scan/linear/none,scan,none,hybrid_hdc:task/scan/linear/none
sim_indoor_v1,test_id,hybrid_hdc,512,512.0,0.1,0,0.0,2,0.9254349627174814,0.873317907481239,0.0,0.0,0.0,0.0,163880,1142292,a46535d,4096,False,0,none,none,32,0.09943389892578125,0.1,linear,task/scan/linear/none,scan,none,hybrid_hdc:task/scan/linear/none
sim_indoor_v1,test_id,hybrid_hdc,512,512.0,0.0,0,0.0,2,0.7423363711681856,0.6541666034234774,0.0,0.0,0.0,0.0,81940,2010644,a46535d,4096,False,0,none,none,32,0.0,,prototype,task/scan/prototype/record,scan,record,hybrid_hdc:task/scan/prototype/record
sim_indoor_v1,test_id,hybrid_hdc,512,512.0,0.01,0,0.0,2,0.7456503728251864,0.6578649871979124,0.0,0.0,0.0,0.0,81940,2010644,a46535d,4096,False,0,none,none,32,0.009738922119140625,0.01,prototype,task/scan/prototype/record,scan,record,hybrid_hdc:task/scan/prototype/record
sim_indoor_v1,test_id,hybrid_hdc,512,512.0,0.05,0,0.0,2,0.7448218724109362,0.6555819115843144,0.0,0.0,0.0,0.0,81940,2010644,a46535d,4096,False,0,none,none,32,0.049762725830078125,0.05,prototype,task/scan/prototype/record,scan,record,hybrid_hdc:task/scan/prototype/record
sim_indoor_v1,test_id,hybrid_hdc,512,512.0,0.1,0,0.0,2,0.7448218724109362,0.6554164081734617,0.0,0.0,0.0,0.0,81940,2010644,a46535d,4096,False,0,none,none,32,0.09943389892578125,0.1,prototype,task/scan/prototype/record,scan,record,hybrid_hdc:task/scan/prototype/record
sim_indoor_v1,test_id,hybrid_hdc,512,512.0,0.0,0,0.0,2,0.9494614747307374,0.9125374718614152,0.0,0.0,0.0,0.0,163880,2010644,a46535d,4096,False,0,none,none,32,0.0,,linear,task/scan/linear/record,scan,record,hybrid_hdc:task/scan/linear/record
sim_indoor_v1,test_id,hybrid_hdc,512,512.0,0.01,0,0.0,2,0.9453189726594863,0.9062812831868536,0.0,0.0,0.0,0.0,163880,2010644,a46535d,4096,False,0,none,none,32,0.009738922119140625,0.01,linear,task/scan/linear/record,scan,record,hybrid_hdc:task/scan/linear/record
sim_indoor_v1,test_id,hybrid_hdc,512,512.0,0.05,0,0.0,2,0.9420049710024855,0.9003214790226541,0.0,0.0,0.0,0.0,163880,2010644,a46535d,4096,False,0,none,none,32,0.049762725830078125,0.05,linear,task/scan/linear/record,scan,record,hybrid_hdc:task/scan/linear/record
sim_indoor_v1,test_id,hybrid_hdc,512,512.0,0.1,0,0.0,2,0.9453189726594863,0.9070807641683544,0.0,0.0,0.0,0.0,163880,2010644,a46535d,4096,False,0,none,none,32,0.09943389892578125,0.1,linear,task/scan/linear/record,scan,record,hybrid_hdc:task/scan/linear/record
