dataset,split,method,budget_bytes,actual_bytes,ber,burst_length,packet_loss_rate,seed,accuracy,macro_f1,encode_ms_median,encode_ms_p95,classify_ms_median,classify_ms_p95,model_bytes,shared_memory_bytes,git_commit,n_keep,interleave,n_bursts,modulation,fading,coherence_symbols,empirical_ber,invalid_mode,method_tag,sweep,dataset_name,ood_envs,theory_ber,dimension,hdc_head,n_centroids,method_label
semantic2d_v1,test_id,quantized,128,128.0,0.0,0,0.0,0,0.35517568850902187,0.32186954427821135,0.0,0.0,0.0,0.0,2420,0,d6cb789,120.0,False,0,none,none,32,0.0,fill,quantized,k16_semantic2d,semantic2d_v1,"['eng_9th', 'lobby']",,,,,quantized
semantic2d_v1,test_id,quantized,128,128.0,0.05,0,0.0,0,0.20322886989553657,0.19312204773596128,0.0,0.0,0.0,0.0,2420,0,d6cb789,120.0,False,0,none,none,32,0.04931640625,fill,quantized,k16_semantic2d,semantic2d_v1,"['eng_9th', 'lobby']",0.05,,,,quantized
semantic2d_v1,test_id,quantized,128,128.0,0.1,0,0.0,0,0.15669515669515668,0.1557239134564844,0.0,0.0,0.0,0.0,2420,0,d6cb789,120.0,False,0,none,none,32,0.0994720458984375,fill,quantized,k16_semantic2d,semantic2d_v1,"['eng_9th', 'lobby']",0.1,,,,quantized
semantic2d_v1,test_ood,quantized,128,128.0,0.0,0,0.0,0,0.2529079428381522,0.24093928413030968,0.0,0.0,0.0,0.0,2420,0,d6cb789,120.0,False,0,none,none,32,0.0,fill,quantized,k16_semantic2d,semantic2d_v1,"['eng_9th', 'lobby']",,,,,quantized
semantic2d_v1,test_ood,quantized,128,128.0,0.05,0,0.0,0,0.1701561980724493,0.16725162367382837,0.0,0.0,0.0,0.0,2420,0,d6cb789,120.0,False,0,none,none,32,0.04931640625,fill,quantized,k16_semantic2d,semantic2d_v1,"['eng_9th', 'lobby']",0.05,,,,quantized
semantic2d_v1,test_ood,quantized,128,128.0,0.1,0,0.0,0,0.14456630109670987,0.13882217527298807,0.0,0.0,0.0,0.0,2420,0,d6cb789,120.0,False,0,none,none,32,0.0994720458984375,fill,quantized,k16_semantic2d,semantic2d_v1,"['eng_9th', 'lobby']",0.1,,,,quantized
semantic2d_v1,test_id,binary_hash,128,128.0,0.0,0,0.0,0,0.35517568850902187,0.30000440232544967,0.0,0.0,0.0,0.0,20500,737280,d6cb789,,False,0,none,none,32,0.0,fill,binary_hash,k16_semantic2d,semantic2d_v1,"['eng_9th', 'lobby']",,1024.0,,,binary_hash
semantic2d_v1,test_id,binary_hash,128,128.0,0.05,0,0.0,0,0.315289648622982,0.2534602802414449,0.0,0.0,0.0,0.0,20500,737280,d6cb789,,False,0,none,none,32,0.04931640625,fill,binary_hash,k16_semantic2d,semantic2d_v1,"['eng_9th', 'lobby']",0.05,1024.0,,,binary_hash
semantic2d_v1,test_id,binary_hash,128,128.0,0.1,0,0.0,0,0.29154795821462487,0.23295049625742853,0.0,0.0,0.0,0.0,20500,737280,d6cb789,,False,0,none,none,32,0.0994720458984375,fill,binary_hash,k16_semantic2d,semantic2d_v1,"['eng_9th', 'lobby']",0.1,1024.0,,,binary_hash
semantic2d_v1,test_ood,binary_hash,128,128.0,0.0,0,0.0,0,0.32103688933200397,0.25679401508803257,0.0,0.0,0.0,0.0,20500,737280,d6cb789,,False,0,none,none,32,0.0,fill,binary_hash,k16_semantic2d,semantic2d_v1,"['eng_9th', 'lobby']",,1024.0,,,binary_hash
semantic2d_v1,test_ood,binary_hash,128,128.0,0.05,0,0.0,0,0.29677633765370554,0.23138066860821455,0.0,0.0,0.0,0.0,20500,737280,d6cb789,,False,0,none,none,32,0.04931640625,fill,binary_hash,k16_semantic2d,semantic2d_v1,"['eng_9th', 'lobby']",0.05,1024.0,,,binary_hash
semantic2d_v1,test_ood,binary_hash,128,128.0,0.1,0,0.0,0,0.30242605516782983,0.23383437921380557,0.0,0.0,0.0,0.0,20500,737280,d6cb789,,False,0,none,none,32,0.0994720458984375,fill,binary_hash,k16_semantic2d,semantic2d_v1,"['eng_9th', 'lobby']",0.1,1024.0,,,binary_hash
semantic2d_v1,test_id,pure_hdc,128,128.0,0.0,0,0.0,0,0.36657169990503324,0.35122872725536664,0.0,0.0,0.0,0.0,20500,217088,d6cb789,,False,0,none,none,32,0.0,skip,hdc_k1,k16_semantic2d,semantic2d_v1,"['eng_9th', 'lobby']",,1024.0,prototype,1.0,hdc_k1
semantic2d_v1,test_id,pure_hdc,128,128.0,0.05,0,0.0,0,0.3475783475783476,0.3314658360838938,0.0,0.0,0.0,0.0,20500,217088,d6cb789,,False,0,none,none,32,0.04931640625,skip,hdc_k1,k16_semantic2d,semantic2d_v1,"['eng_9th', 'lobby']",0.05,1024.0,prototype,1.0,hdc_k1
semantic2d_v1,test_id,pure_hdc,128,128.0,0.1,0,0.0,0,0.34947768281101615,0.3371389155489895,0.0,0.0,0.0,0.0,20500,217088,d6cb789,,False,0,none,none,32,0.0994720458984375,skip,hdc_k1,k16_semantic2d,semantic2d_v1,"['eng_9th', 'lobby']",0.1,1024.0,prototype,1.0,hdc_k1
semantic2d_v1,test_ood,pure_hdc,128,128.0,0.0,0,0.0,0,0.2376204719175806,0.260890577123488,0.0,0.0,0.0,0.0,20500,217088,d6cb789,,False,0,none,none,32,0.0,skip,hdc_k1,k16_semantic2d,semantic2d_v1,"['eng_9th', 'lobby']",,1024.0,prototype,1.0,hdc_k1
semantic2d_v1,test_ood,pure_hdc,128,128.0,0.05,0,0.0,0,0.23629112662013957,0.26000782531102185,0.0,0.0,0.0,0.0,20500,217088,d6cb789,,False,0,none,none,32,0.04931640625,skip,hdc_k1,k16_semantic2d,semantic2d_v1,"['eng_9th', 'lobby']",0.05,1024.0,prototype,1.0,hdc_k1
semantic2d_v1,test_ood,pure_hdc,128,128.0,0.1,0,0.0,0,0.23728813559322035,0.2602913772662248,0.0,0.0,0.0,0.0,20500,217088,d6cb789,,False,0,none,none,32,0.0994720458984375,skip,hdc_k1,k16_semantic2d,semantic2d_v1,"['eng_9th', 'lobby']",0.1,1024.0,prototype,1.0,hdc_k1
semantic2d_v1,test_id,pure_hdc,128,128.0,0.0,0,0.0,0,0.5175688509021842,0.4990051443663098,0.0,0.0,0.0,0.0,328000,217088,d6cb789,,False,0,none,none,32,0.0,skip,hdc_k16,k16_semantic2d,semantic2d_v1,"['eng_9th', 'lobby']",,1024.0,prototype,16.0,hdc_k16
semantic2d_v1,test_id,pure_hdc,128,128.0,0.05,0,0.0,0,0.5080721747388414,0.4955166966209676,0.0,0.0,0.0,0.0,328000,217088,d6cb789,,False,0,none,none,32,0.04931640625,skip,hdc_k16,k16_semantic2d,semantic2d_v1,"['eng_9th', 'lobby']",0.05,1024.0,prototype,16.0,hdc_k16
semantic2d_v1,test_id,pure_hdc,128,128.0,0.1,0,0.0,0,0.5052231718898386,0.48138579449215646,0.0,0.0,0.0,0.0,328000,217088,d6cb789,,False,0,none,none,32,0.0994720458984375,skip,hdc_k16,k16_semantic2d,semantic2d_v1,"['eng_9th', 'lobby']",0.1,1024.0,prototype,16.0,hdc_k16
semantic2d_v1,test_ood,pure_hdc,128,128.0,0.0,0,0.0,0,0.34230641409106016,0.29139597087269553,0.0,0.0,0.0,0.0,328000,217088,d6cb789,,False,0,none,none,32,0.0,skip,hdc_k16,k16_semantic2d,semantic2d_v1,"['eng_9th', 'lobby']",,1024.0,prototype,16.0,hdc_k16
semantic2d_v1,test_ood,pure_hdc,128,128.0,0.05,0,0.0,0,0.3482884679295447,0.3006163306935751,0.0,0.0,0.0,0.0,328000,217088,d6cb789,,False,0,none,none,32,0.04931640625,skip,hdc_k16,k16_semantic2d,semantic2d_v1,"['eng_9th', 'lobby']",0.05,1024.0,prototype,16.0,hdc_k16
semantic2d_v1,test_ood,pure_hdc,128,128.0,0.1,0,0.0,0,0.3426387504154204,0.2910732137679084,0.0,0.0,0.0,0.0,328000,217088,d6cb789,,False,0,none,none,32,0.0994720458984375,skip,hdc_k16,k16_semantic2d,semantic2d_v1,"['eng_9th', 'lobby']",0.1,1024.0,prototype,16.0,hdc_k16
semantic2d_v1,test_id,pure_hdc,128,128.0,0.0,0,0.0,0,0.4131054131054131,0.4287384380151932,0.0,0.0,0.0,0.0,41000,217088,d6cb789,,False,0,none,none,32,0.0,skip,hdc_linear,k16_semantic2d,semantic2d_v1,"['eng_9th', 'lobby']",,1024.0,linear,1.0,hdc_linear
semantic2d_v1,test_id,pure_hdc,128,128.0,0.05,0,0.0,0,0.38746438746438744,0.39164827909475985,0.0,0.0,0.0,0.0,41000,217088,d6cb789,,False,0,none,none,32,0.04931640625,skip,hdc_linear,k16_semantic2d,semantic2d_v1,"['eng_9th', 'lobby']",0.05,1024.0,linear,1.0,hdc_linear
semantic2d_v1,test_id,pure_hdc,128,128.0,0.1,0,0.0,0,0.36182336182336183,0.3440183946388461,0.0,0.0,0.0,0.0,41000,217088,d6cb789,,False,0,none,none,32,0.0994720458984375,skip,hdc_linear,k16_semantic2d,semantic2d_v1,"['eng_9th', 'lobby']",0.1,1024.0,linear,1.0,hdc_linear
semantic2d_v1,test_ood,pure_hdc,128,128.0,0.0,0,0.0,0,0.32103688933200397,0.2826132051968498,0.0,0.0,0.0,0.0,41000,217088,d6cb789,,False,0,none,none,32,0.0,skip,hdc_linear,k16_semantic2d,semantic2d_v1,"['eng_9th', 'lobby']",,1024.0,linear,1.0,hdc_linear
semantic2d_v1,test_ood,pure_hdc,128,128.0,0.05,0,0.0,0,0.27916251246261214,0.2508290083057199,0.0,0.0,0.0,0.0,41000,217088,d6cb789,,False,0,none,none,32,0.04931640625,skip,hdc_linear,k16_semantic2d,semantic2d_v1,"['eng_9th', 'lobby']",0.05,1024.0,linear,1.0,hdc_linear
semantic2d_v1,test_ood,pure_hdc,128,128.0,0.1,0,0.0,0,0.27583914921900965,0.2528401319923887,0.0,0.0,0.0,0.0,41000,217088,d6cb789,,False,0,none,none,32,0.0994720458984375,skip,hdc_linear,k16_semantic2d,semantic2d_v1,"['eng_9th', 'lobby']",0.1,1024.0,linear,1.0,hdc_linear
semantic2d_v1,test_id,quantized,128,128.0,0.0,0,0.0,1,0.35517568850902187,0.32186954427821135,0.0,0.0,0.0,0.0,2420,0,d6cb789,120.0,False,0,none,none,32,0.0,fill,quantized,k16_semantic2d,semantic2d_v1,"['eng_9th', 'lobby']",,,,,quantized
semantic2d_v1,test_id,quantized,128,128.0,0.05,0,0.0,1,0.20417853751187084,0.19235284961758745,0.0,0.0,0.0,0.0,2420,0,d6cb789,120.0,False,0,none,none,32,0.050750732421875,fill,quantized,k16_semantic2d,semantic2d_v1,"['eng_9th', 'lobby']",0.05,,,,quantized
semantic2d_v1,test_id,quantized,128,128.0,0.1,0,0.0,1,0.16429249762583095,0.16391992222495905,0.0,0.0,0.0,0.0,2420,0,d6cb789,120.0,False,0,none,none,32,0.1010284423828125,fill,quantized,k16_semantic2d,semantic2d_v1,"['eng_9th', 'lobby']",0.1,,,,quantized
semantic2d_v1,test_ood,quantized,128,128.0,0.0,0,0.0,1,0.2529079428381522,0.24093928413030968,0.0,0.0,0.0,0.0,2420,0,d6cb789,120.0,False,0,none,none,32,0.0,fill,quantized,k16_semantic2d,semantic2d_v1,"['eng_9th', 'lobby']",,,,,quantized
semantic2d_v1,test_ood,quantized,128,128.0,0.05,0,0.0,1,0.16849451645064806,0.16408719089798876,0.0,0.0,0.0,0.0,2420,0,d6cb789,120.0,False,0,none,none,32,0.050750732421875,fill,quantized,k16_semantic2d,semantic2d_v1,"['eng_9th', 'lobby']",0.05,,,,quantized
semantic2d_v1,test_ood,quantized,128,128.0,0.1,0,0.0,1,0.13791957460950482,0.1368439556936915,0.0,0.0,0.0,0.0,2420,0,d6cb789,120.0,False,0,none,none,32,0.1010284423828125,fill,quantized,k16_semantic2d,semantic2d_v1,"['eng_9th', 'lobby']",0.1,,,,quantized
semantic2d_v1,test_id,binary_hash,128,128.0,0.0,0,0.0,1,0.3732193732193732,0.301358222179726,0.0,0.0,0.0,0.0,20500,737280,d6cb789,,False,0,none,none,32,0.0,fill,binary_hash,k16_semantic2d,semantic2d_v1,"['eng_9th', 'lobby']",,1024.0,,,binary_hash
semantic2d_v1,test_id,binary_hash,128,128.0,0.05,0,0.0,1,0.3181386514719848,0.2620669571100443,0.0,0.0,0.0,0.0,20500,737280,d6cb789,,False,0,none,none,32,0.050750732421875,fill,binary_hash,k16_semantic2d,semantic2d_v1,"['eng_9th', 'lobby']",0.05,1024.0,,,binary_hash
semantic2d_v1,test_id,binary_hash,128,128.0,0.1,0,0.0,1,0.301994301994302,0.24296480136677573,0.0,0.0,0.0,0.0,20500,737280,d6cb789,,False,0,none,none,32,0.1010284423828125,fill,binary_hash,k16_semantic2d,semantic2d_v1,"['eng_9th', 'lobby']",0.1,1024.0,,,binary_hash
semantic2d_v1,test_ood,binary_hash,128,128.0,0.0,0,0.0,1,0.32668660684612827,0.2578321364196159,0.0,0.0,0.0,0.0,20500,737280,d6cb789,,False,0,none,none,32,0.0,fill,binary_hash,k16_semantic2d,semantic2d_v1,"['eng_9th', 'lobby']",,1024.0,,,binary_hash
semantic2d_v1,test_ood,binary_hash,128,128.0,0.05,0,0.0,1,0.3157195081422399,0.2535191811601604,0.0,0.0,0.0,0.0,20500,737280,d6cb789,,False,0,none,none,32,0.050750732421875,fill,binary_hash,k16_semantic2d,semantic2d_v1,"['eng_9th', 'lobby']",0.05,1024.0,,,binary_hash
semantic2d_v1,test_ood,binary_hash,128,128.0,0.1,0,0.0,1,0.292123629112662,0.23206494038615136,0.0,0.0,0.0,0.0,20500,737280,d6cb789,,False,0,none,none,32,0.1010284423828125,fill,binary_hash,k16_semantic2d,semantic2d_v1,"['eng_9th', 'lobby']",0.1,1024.0,,,binary_hash
semantic2d_v1,test_id,pure_hdc,128,128.0,0.0,0,0.0,1,0.33618233618233617,0.31810141429251376,0.0,0.0,0.0,0.0,20500,217088,d6cb789,,False,0,none,none,32,0.0,skip,hdc_k1,k16_semantic2d,semantic2d_v1,"['eng_9th', 'lobby']",,1024.0,prototype,1.0,hdc_k1
semantic2d_v1,test_id,pure_hdc,128,128.0,0.05,0,0.0,1,0.33143399810066476,0.31134484523524886,0.0,0.0,0.0,0.0,20500,217088,d6cb789,,False,0,none,none,32,0.050750732421875,skip,hdc_k1,k16_semantic2d,semantic2d_v1,"['eng_9th', 'lobby']",0.05,1024.0,prototype,1.0,hdc_k1
semantic2d_v1,test_id,pure_hdc,128,128.0,0.1,0,0.0,1,0.3342830009496676,0.3166810100497809,0.0,0.0,0.0,0.0,20500,217088,d6cb789,,False,0,none,none,32,0.1010284423828125,skip,hdc_k1,k16_semantic2d,semantic2d_v1,"['eng_9th', 'lobby']",0.1,1024.0,prototype,1.0,hdc_k1
semantic2d_v1,test_ood,pure_hdc,128,128.0,0.0,0,0.0,1,0.23728813559322035,0.2610373772352276,0.0,0.0,0.0,0.0,20500,217088,d6cb789,,False,0,none,none,32,0.0,skip,hdc_k1,k16_semantic2d,semantic2d_v1,"['eng_9th', 'lobby']",,1024.0,prototype,1.0,hdc_k1
semantic2d_v1,test_ood,pure_hdc,128,128.0,0.05,0,0.0,1,0.23529411764705882,0.2601716329108593,0.0,0.0,0.0,0.0,20500,217088,d6cb789,,False,0,none,none,32,0.050750732421875,skip,hdc_k1,k16_semantic2d,semantic2d_v1,"['eng_9th', 'lobby']",0.05,1024.0,prototype,1.0,hdc_k1
semantic2d_v1,test_ood,pure_hdc,128,128.0,0.1,0,0.0,1,0.23861748089066134,0.259438674746335,0.0,0.0,0.0,0.0,20500,217088,d6cb789,,False,0,none,none,32,0.1010284423828125,skip,hdc_k1,k16_semantic2d,semantic2d_v1,"['eng_9th', 'lobby']",0.1,1024.0,prototype,1.0,hdc_k1
semantic2d_v1,test_id,pure_hdc,128,128.0,0.0,0,0.0,1,0.5014245014245015,0.4885002071972254,0.0,0.0,0.0,0.0,328000,217088,d6cb789,,False,0,none,none,32,0.0,skip,hdc_k16,k16_semantic2d,semantic2d_v1,"['eng_9th', 'lobby']",,1024.0,prototype,16.0,hdc_k16
semantic2d_v1,test_id,pure_hdc,128,128.0,0.05,0,0.0,1,0.5080721747388414,0.4939336817527546,0.0,0.0,0.0,0.0,328000,217088,d6cb789,,False,0,none,none,32,0.050750732421875,skip,hdc_k16,k16_semantic2d,semantic2d_v1,"['eng_9th', 'lobby']",0.05,1024.0,prototype,16.0,hdc_k16
semantic2d_v1,test_id,pure_hdc,128,128.0,0.1,0,0.0,1,0.5042735042735043,0.4920340691529283,0.0,0.0,0.0,0.0,328000,217088,d6cb789,,False,0,none,none,32,0.1010284423828125,skip,hdc_k16,k16_semantic2d,semantic2d_v1,"['eng_9th', 'lobby']",0.1,1024.0,prototype,16.0,hdc_k16
semantic2d_v1,test_ood,pure_hdc,128,128.0,0.0,0,0.0,1,0.3672316384180791,0.28785836997375197,0.0,0.0,0.0,0.0,328000,217088,d6cb789,,False,0,none,none,32,0.0,skip,hdc_k16,k16_semantic2d,semantic2d_v1,"['eng_9th', 'lobby']",,1024.0,prototype,16.0,hdc_k16
semantic2d_v1,test_ood,pure_hdc,128,128.0,0.05,0,0.0,1,0.3546028580923895,0.27918641598236876,0.0,0.0,0.0,0.0,328000,217088,d6cb789,,False,0,none,none,32,0.050750732421875,skip,hdc_k16,k16_semantic2d,semantic2d_v1,"['eng_9th', 'lobby']",0.05,1024.0,prototype,16.0,hdc_k16
semantic2d_v1,test_ood,pure_hdc,128,128.0,0.1,0,0.0,1,0.34363575938850116,0.27291452535747684,0.0,0.0,0.0,0.0,328000,217088,d6cb789,,False,0,none,none,32,0.1010284423828125,skip,hdc_k16,k16_semantic2d,semantic2d_v1,"['eng_9th', 'lobby']",0.1,1024.0,prototype,16.0,hdc_k16
semantic2d_v1,test_id,pure_hdc,128,128.0,0.0,0,0.0,1,0.45584045584045585,0.4566967660131781,0.0,0.0,0.0,0.0,41000,217088,d6cb789,,False,0,none,none,32,0.0,skip,hdc_linear,k16_semantic2d,semantic2d_v1,"['eng_9th', 'lobby']",,1024.0,linear,1.0,hdc_linear
semantic2d_v1,test_id,pure_hdc,128,128.0,0.05,0,0.0,1,0.38366571699905033,0.34295129277997105,0.0,0.0,0.0,0.0,41000,217088,d6cb789,,False,0,none,none,32,0.050750732421875,skip,hdc_linear,k16_semantic2d,semantic2d_v1,"['eng_9th', 'lobby']",0.05,1024.0,linear,1.0,hdc_linear
semantic2d_v1,test_id,pure_hdc,128,128.0,0.1,0,0.0,1,0.37226970560303896,0.32053583025502314,0.0,0.0,0.0,0.0,41000,217088,d6cb789,,False,0,none,none,32,0.1010284423828125,skip,hdc_linear,k16_semantic2d,semantic2d_v1,"['eng_9th', 'lobby']",0.1,1024.0,linear,1.0,hdc_linear
semantic2d_v1,test_ood,pure_hdc,128,128.0,0.0,0,0.0,1,0.3153871718178797,0.275299107293015,0.0,0.0,0.0,0.0,41000,217088,d6cb789,,False,0,none,none,32,0.0,skip,hdc_linear,k16_semantic2d,semantic2d_v1,"['eng_9th', 'lobby']",,1024.0,linear,1.0,hdc_linear
semantic2d_v1,test_ood,pure_hdc,128,128.0,0.05,0,0.0,1,0.30109670987038883,0.2616834368061638,0.0,0.0,0.0,0.0,41000,217088,d6cb789,,False,0,none,none,32,0.050750732421875,skip,hdc_linear,k16_semantic2d,semantic2d_v1,"['eng_9th', 'lobby']",0.05,1024.0,linear,1.0,hdc_linear
semantic2d_v1,test_ood,pure_hdc,128,128.0,0.1,0,0.0,1,0.28281821203057494,0.2480046770052679,0.0,0.0,0.0,0.0,41000,217088,d6cb789,,False,0,none,none,32,0.1010284423828125,skip,hdc_linear,k16_semantic2d,semantic2d_v1,"['eng_9th', 'lobby']",0.1,1024.0,linear,1.0,hdc_linear
semantic2d_v1,test_id,quantized,128,128.0,0.0,0,0.0,2,0.35517568850902187,0.32186954427821135,0.0,0.0,0.0,0.0,2420,0,d6cb789,120.0,False,0,none,none,32,0.0,fill,quantized,k16_semantic2d,semantic2d_v1,"['eng_9th', 'lobby']",,,,,quantized
semantic2d_v1,test_id,quantized,128,128.0,0.05,0,0.0,2,0.2127255460588794,0.18810840399052667,0.0,0.0,0.0,0.0,2420,0,d6cb789,120.0,False,0,none,none,32,0.0500030517578125,fill,quantized,k16_semantic2d,semantic2d_v1,"['eng_9th', 'lobby']",0.05,,,,quantized
semantic2d_v1,test_id,quantized,128,128.0,0.1,0,0.0,2,0.15004748338081672,0.13777680236427667,0.0,0.0,0.0,0.0,2420,0,d6cb789,120.0,False,0,none,none,32,0.1000518798828125,fill,quantized,k16_semantic2d,semantic2d_v1,"['eng_9th', 'lobby']",0.1,,,,quantized
semantic2d_v1,test_ood,quantized,128,128.0,0.0,0,0.0,2,0.2529079428381522,0.24093928413030968,0.0,0.0,0.0,0.0,2420,0,d6cb789,120.0,False,0,none,none,32,0.0,fill,quantized,k16_semantic2d,semantic2d_v1,"['eng_9th', 'lobby']",,,,,quantized
semantic2d_v1,test_ood,quantized,128,128.0,0.05,0,0.0,2,0.16550348953140578,0.15919699347128505,0.0,0.0,0.0,0.0,2420,0,d6cb789,120.0,False,0,none,none,32,0.0500030517578125,fill,quantized,k16_semantic2d,semantic2d_v1,"['eng_9th', 'lobby']",0.05,,,,quantized
semantic2d_v1,test_ood,quantized,128,128.0,0.1,0,0.0,2,0.13791957460950482,0.134009142718157,0.0,0.0,0.0,0.0,2420,0,d6cb789,120.0,False,0,none,none,32,0.1000518798828125,fill,quantized,k16_semantic2d,semantic2d_v1,"['eng_9th', 'lobby']",0.1,,,,quantized
semantic2d_v1,test_id,binary_hash,128,128.0,0.0,0,0.0,2,0.42165242165242167,0.35576935595912484,0.0,0.0,0.0,0.0,20500,737280,d6cb789,,False,0,none,none,32,0.0,fill,binary_hash,k16_semantic2d,semantic2d_v1,"['eng_9th', 'lobby']",,1024.0,,,binary_hash
semantic2d_v1,test_id,binary_hash,128,128.0,0.05,0,0.0,2,0.34377967711301044,0.26230579259911246,0.0,0.0,0.0,0.0,20500,737280,d6cb789,,False,0,none,none,32,0.0500030517578125,fill,binary_hash,k16_semantic2d,semantic2d_v1,"['eng_9th', 'lobby']",0.05,1024.0,,,binary_hash
semantic2d_v1,test_id,binary_hash,128,128.0,0.1,0,0.0,2,0.31054131054131057,0.24537171921274087,0.0,0.0,0.0,0.0,20500,737280,d6cb789,,False,0,none,none,32,0.1000518798828125,fill,binary_hash,k16_semantic2d,semantic2d_v1,"['eng_9th', 'lobby']",0.1,1024.0,,,binary_hash
semantic2d_v1,test_ood,binary_hash,128,128.0,0.0,0,0.0,2,0.33798604187437686,0.27048295977076015,0.0,0.0,0.0,0.0,20500,737280,d6cb789,,False,0,none,none,32,0.0,fill,binary_hash,k16_semantic2d,semantic2d_v1,"['eng_9th', 'lobby']",,1024.0,,,binary_hash
semantic2d_v1,test_ood,binary_hash,128,128.0,0.05,0,0.0,2,0.30176138251910933,0.2401561706253935,0.0,0.0,0.0,0.0,20500,737280,d6cb789,,False,0,none,none,32,0.0500030517578125,fill,binary_hash,k16_semantic2d,semantic2d_v1,"['eng_9th', 'lobby']",0.05,1024.0,,,binary_hash
semantic2d_v1,test_ood,binary_hash,128,128.0,0.1,0,0.0,2,0.2874709205716185,0.22939102004230164,0.0,0.0,0.0,0.0,20500,737280,d6cb789,,False,0,none,none,32,0.1000518798828125,fill,binary_hash,k16_semantic2d,semantic2d_v1,"['eng_9th', 'lobby']",0.1,1024.0,,,binary_hash
semantic2d_v1,test_id,pure_hdc,128,128.0,0.0,0,0.0,2,0.34377967711301044,0.3031341223418756,0.0,0.0,0.0,0.0,20500,217088,d6cb789,,False,0,none,none,32,0.0,skip,hdc_k1,k16_semantic2d,semantic2d_v1,"['eng_9th', 'lobby']",,1024.0,prototype,1.0,hdc_k1
semantic2d_v1,test_id,pure_hdc,128,128.0,0.05,0,0.0,2,0.33238366571699907,0.28452673861583105,0.0,0.0,0.0,0.0,20500,217088,d6cb789,,False,0,none,none,32,0.0500030517578125,skip,hdc_k1,k16_semantic2d,semantic2d_v1,"['eng_9th', 'lobby']",0.05,1024.0,prototype,1.0,hdc_k1
semantic2d_v1,test_id,pure_hdc,128,128.0,0.1,0,0.0,2,0.33998100664767333,0.2905170520318644,0.0,0.0,0.0,0.0,20500,217088,d6cb789,,False,0,none,none,32,0.1000518798828125,skip,hdc_k1,k16_semantic2d,semantic2d_v1,"['eng_9th', 'lobby']",0.1,1024.0,prototype,1.0,hdc_k1
semantic2d_v1,test_ood,pure_hdc,128,128.0,0.0,0,0.0,2,0.22864739115985377,0.2533289679898154,0.0,0.0,0.0,0.0,20500,217088,d6cb789,,False,0,none,none,32,0.0,skip,hdc_k1,k16_semantic2d,semantic2d_v1,"['eng_9th', 'lobby']",,1024.0,prototype,1.0,hdc_k1
semantic2d_v1,test_ood,pure_hdc,128,128.0,0.05,0,0.0,2,0.2326354270521768,0.2532592553707479,0.0,0.0,0.0,0.0,20500,217088,d6cb789,,False,0,none,none,32,0.0500030517578125,skip,hdc_k1,k16_semantic2d,semantic2d_v1,"['eng_9th', 'lobby']",0.05,1024.0,prototype,1.0,hdc_k1
semantic2d_v1,test_ood,pure_hdc,128,128.0,0.1,0,0.0,2,0.23363243602525757,0.25083883440219507,0.0,0.0,0.0,0.0,20500,217088,d6cb789,,False,0,none,none,32,0.1000518798828125,skip,hdc_k1,k16_semantic2d,semantic2d_v1,"['eng_9th', 'lobby']",0.1,1024.0,prototype,1.0,hdc_k1
semantic2d_v1,test_id,pure_hdc,128,128.0,0.0,0,0.0,2,0.49477682811016144,0.46946159435330176,0.0,0.0,0.0,0.0,328000,217088,d6cb789,,False,0,none,none,32,0.0,skip,hdc_k16,k16_semantic2d,semantic2d_v1,"['eng_9th', 'lobby']",,1024.0,prototype,16.0,hdc_k16
semantic2d_v1,test_id,pure_hdc,128,128.0,0.05,0,0.0,2,0.5061728395061729,0.47572562952386255,0.0,0.0,0.0,0.0,328000,217088,d6cb789,,False,0,none,none,32,0.0500030517578125,skip,hdc_k16,k16_semantic2d,semantic2d_v1,"['eng_9th', 'lobby']",0.05,1024.0,prototype,16.0,hdc_k16
semantic2d_v1,test_id,pure_hdc,128,128.0,0.1,0,0.0,2,0.4928774928774929,0.45328401264252527,0.0,0.0,0.0,0.0,328000,217088,d6cb789,,False,0,none,none,32,0.1000518798828125,skip,hdc_k16,k16_semantic2d,semantic2d_v1,"['eng_9th', 'lobby']",0.1,1024.0,prototype,16.0,hdc_k16
semantic2d_v1,test_ood,pure_hdc,128,128.0,0.0,0,0.0,2,0.33532735127949487,0.29079060682085417,0.0,0.0,0.0,0.0,328000,217088,d6cb789,,False,0,none,none,32,0.0,skip,hdc_k16,k16_semantic2d,semantic2d_v1,"['eng_9th', 'lobby']",,1024.0,prototype,16.0,hdc_k16
semantic2d_v1,test_ood,pure_hdc,128,128.0,0.05,0,0.0,2,0.33233632436025257,0.2826907830684825,0.0,0.0,0.0,0.0,328000,217088,d6cb789,,False,0,none,none,32,0.0500030517578125,skip,hdc_k16,k16_semantic2d,semantic2d_v1,"['eng_9th', 'lobby']",0.05,1024.0,prototype,16.0,hdc_k16
semantic2d_v1,test_ood,pure_hdc,128,128.0,0.1,0,0.0,2,0.33233632436025257,0.28518070033778703,0.0,0.0,0.0,0.0,328000,217088,d6cb789,,False,0,none,none,32,0.1000518798828125,skip,hdc_k16,k16_semantic2d,semantic2d_v1,"['eng_9th', 'lobby']",0.1,1024.0,prototype,16.0,hdc_k16
semantic2d_v1,test_id,pure_hdc,128,128.0,0.0,0,0.0,2,0.4843304843304843,0.4408836933533243,0.0,0.0,0.0,0.0,41000,217088,d6cb789,,False,0,none,none,32,0.0,skip,hdc_linear,k16_semantic2d,semantic2d_v1,"['eng_9th', 'lobby']",,1024.0,linear,1.0,hdc_linear
semantic2d_v1,test_id,pure_hdc,128,128.0,0.05,0,0.0,2,0.4188034188034188,0.3707112188928715,0.0,0.0,0.0,0.0,41000,217088,d6cb789,,False,0,none,none,32,0.0500030517578125,skip,hdc_linear,k16_semantic2d,semantic2d_v1,"['eng_9th', 'lobby']",0.05,1024.0,linear,1.0,hdc_linear
semantic2d_v1,test_id,pure_hdc,128,128.0,0.1,0,0.0,2,0.36087369420702753,0.29787602780825345,0.0,0.0,0.0,0.0,41000,217088,d6cb789,,False,0,none,none,32,0.1000518798828125,skip,hdc_linear,k16_semantic2d,semantic2d_v1,"['eng_9th', 'lobby']",0.1,1024.0,linear,1.0,hdc_linear
semantic2d_v1,test_ood,pure_hdc,128,128.0,0.0,0,0.0,2,0.3403123961448986,0.2877481389832105,0.0,0.0,0.0,0.0,41000,217088,d6cb789,,False,0,none,none,32,0.0,skip,hdc_linear,k16_semantic2d,semantic2d_v1,"['eng_9th', 'lobby']",,1024.0,linear,1.0,hdc_linear
semantic2d_v1,test_ood,pure_hdc,128,128.0,0.05,0,0.0,2,0.30608175473579263,0.2655244958384102,0.0,0.0,0.0,0.0,41000,217088,d6cb789,,False,0,none,none,32,0.0500030517578125,skip,hdc_linear,k16_semantic2d,semantic2d_v1,"['eng_9th', 'lobby']",0.05,1024.0,linear,1.0,hdc_linear
semantic2d_v1,test_ood,pure_hdc,128,128.0,0.1,0,0.0,2,0.29278830176138254,0.2541082483274312,0.0,0.0,0.0,0.0,41000,217088,d6cb789,,False,0,none,none,32,0.1000518798828125,skip,hdc_linear,k16_semantic2d,semantic2d_v1,"['eng_9th', 'lobby']",0.1,1024.0,linear,1.0,hdc_linear
