dataset,split,method,budget_bytes,actual_bytes,ber,burst_length,packet_loss_rate,seed,accuracy,macro_f1,encode_ms_median,encode_ms_p95,classify_ms_median,classify_ms_p95,model_bytes,shared_memory_bytes,git_commit,n_keep,interleave,n_bursts,modulation,fading,coherence_symbols,empirical_ber,method_tag,sweep,dimension,hdc_head,n_centroids,method_label
sim_indoor_v1,test_id,quantized,128,128.0,0.0,0,0.0,0,0.743993371996686,0.6417276583909448,0.0,0.0,0.0,0.0,2420,0,f288d40,120.0,False,0,none,none,32,0.0,quantized,k16_bandwidth,,,,quantized
sim_indoor_v1,test_ood,quantized,128,128.0,0.0,0,0.0,0,0.7341996455995274,0.6016337567289469,0.0,0.0,0.0,0.0,2420,0,f288d40,120.0,False,0,none,none,32,0.0,quantized,k16_bandwidth,,,,quantized
sim_indoor_v1,test_id,binary_hash,128,128.0,0.0,0,0.0,0,0.8649544324772163,0.8002418954705035,0.0,0.0,0.0,0.0,20500,737280,f288d40,,False,0,none,none,32,0.0,binary_hash,k16_bandwidth,1024.0,,,binary_hash
sim_indoor_v1,test_ood,binary_hash,128,128.0,0.0,0,0.0,0,0.5871234494979327,0.51468412578152,0.0,0.0,0.0,0.0,20500,737280,f288d40,,False,0,none,none,32,0.0,binary_hash,k16_bandwidth,1024.0,,,binary_hash
sim_indoor_v1,test_id,pure_hdc,128,128.0,0.0,0,0.0,0,0.7257663628831814,0.6569533449380223,0.0,0.0,0.0,0.0,20500,217088,f288d40,,False,0,none,none,32,0.0,hdc_k1,k16_bandwidth,1024.0,prototype,1.0,hdc_k1
sim_indoor_v1,test_ood,pure_hdc,128,128.0,0.0,0,0.0,0,0.6922622563496751,0.592395605939557,0.0,0.0,0.0,0.0,20500,217088,f288d40,,False,0,none,none,32,0.0,hdc_k1,k16_bandwidth,1024.0,prototype,1.0,hdc_k1
sim_indoor_v1,test_id,pure_hdc,128,128.0,0.0,0,0.0,0,0.9544324772162386,0.9278985983135135,0.0,0.0,0.0,0.0,328000,217088,f288d40,,False,0,none,none,32,0.0,hdc_k16,k16_bandwidth,1024.0,prototype,16.0,hdc_k16
sim_indoor_v1,test_ood,pure_hdc,128,128.0,0.0,0,0.0,0,0.8281157708210277,0.6860870661433925,0.0,0.0,0.0,0.0,328000,217088,f288d40,,False,0,none,none,32,0.0,hdc_k16,k16_bandwidth,1024.0,prototype,16.0,hdc_k16
sim_indoor_v1,test_id,pure_hdc,128,128.0,0.0,0,0.0,0,0.9461474730737366,0.919585466533585,0.0,0.0,0.0,0.0,41000,217088,f288d40,,False,0,none,none,32,0.0,hdc_linear,k16_bandwidth,1024.0,linear,1.0,hdc_linear
sim_indoor_v1,test_ood,pure_hdc,128,128.0,0.0,0,0.0,0,0.8050797401063201,0.643807421579594,0.0,0.0,0.0,0.0,41000,217088,f288d40,,False,0,none,none,32,0.0,hdc_linear,k16_bandwidth,1024.0,linear,1.0,hdc_linear
sim_indoor_v1,test_id,quantized,512,188.0,0.0,0,0.0,0,0.7473073736536868,0.6436382849372578,0.0,0.0,0.0,0.0,3620,0,f288d40,180.0,False,0,none,none,32,0.0,quantized,k16_bandwidth,,,,quantized
sim_indoor_v1,test_ood,quantized,512,188.0,0.0,0,0.0,0,0.7531010041346722,0.609553790350909,0.0,0.0,0.0,0.0,3620,0,f288d40,180.0,False,0,none,none,32,0.0,quantized,k16_bandwidth,,,,quantized
sim_indoor_v1,test_id,binary_hash,512,512.0,0.0,0,0.0,0,0.9154929577464789,0.8662026074723801,0.0,0.0,0.0,0.0,81940,2949120,f288d40,,False,0,none,none,32,0.0,binary_hash,k16_bandwidth,4096.0,,,binary_hash
sim_indoor_v1,test_ood,binary_hash,512,512.0,0.0,0,0.0,0,0.6249261665682221,0.54033424196439,0.0,0.0,0.0,0.0,81940,2949120,f288d40,,False,0,none,none,32,0.0,binary_hash,k16_bandwidth,4096.0,,,binary_hash
sim_indoor_v1,test_id,pure_hdc,512,512.0,0.0,0,0.0,0,0.7299088649544325,0.6638516578731524,0.0,0.0,0.0,0.0,81940,868352,f288d40,,False,0,none,none,32,0.0,hdc_k1,k16_bandwidth,4096.0,prototype,1.0,hdc_k1
sim_indoor_v1,test_ood,pure_hdc,512,512.0,0.0,0,0.0,0,0.7217956290608387,0.6123345363951522,0.0,0.0,0.0,0.0,81940,868352,f288d40,,False,0,none,none,32,0.0,hdc_k1,k16_bandwidth,4096.0,prototype,1.0,hdc_k1
sim_indoor_v1,test_id,pure_hdc,512,512.0,0.0,0,0.0,0,0.9577464788732394,0.9303367793652747,0.0,0.0,0.0,0.0,1311040,868352,f288d40,,False,0,none,none,32,0.0,hdc_k16,k16_bandwidth,4096.0,prototype,16.0,hdc_k16
sim_indoor_v1,test_ood,pure_hdc,512,512.0,0.0,0,0.0,0,0.8476077968103958,0.7021949090745319,0.0,0.0,0.0,0.0,1311040,868352,f288d40,,False,0,none,none,32,0.0,hdc_k16,k16_bandwidth,4096.0,prototype,16.0,hdc_k16
sim_indoor_v1,test_id,pure_hdc,512,512.0,0.0,0,0.0,0,0.9784589892294946,0.9617930178238968,0.0,0.0,0.0,0.0,163880,868352,f288d40,,False,0,none,none,32,0.0,hdc_linear,k16_bandwidth,4096.0,linear,1.0,hdc_linear
sim_indoor_v1,test_ood,pure_hdc,512,512.0,0.0,0,0.0,0,0.8139397519196693,0.6555033476891229,0.0,0.0,0.0,0.0,163880,868352,f288d40,,False,0,none,none,32,0.0,hdc_linear,k16_bandwidth,4096.0,linear,1.0,hdc_linear
sim_indoor_v1,test_id,quantized,2048,188.0,0.0,0,0.0,0,0.7473073736536868,0.6436382849372578,0.0,0.0,0.0,0.0,3620,0,f288d40,180.0,False,0,none,none,32,0.0,quantized,k16_bandwidth,,,,quantized
sim_indoor_v1,test_ood,quantized,2048,188.0,0.0,0,0.0,0,0.7531010041346722,0.609553790350909,0.0,0.0,0.0,0.0,3620,0,f288d40,180.0,False,0,none,none,32,0.0,quantized,k16_bandwidth,,,,quantized
sim_indoor_v1,test_id,binary_hash,2048,2048.0,0.0,0,0.0,0,0.9486329743164872,0.916460715294089,0.0,0.0,0.0,0.0,327700,11796480,f288d40,,False,0,none,none,32,0.0,binary_hash,k16_bandwidth,16384.0,,,binary_hash
sim_indoor_v1,test_ood,binary_hash,2048,2048.0,0.0,0,0.0,0,0.6296515062020083,0.5559728019199167,0.0,0.0,0.0,0.0,327700,11796480,f288d40,,False,0,none,none,32,0.0,binary_hash,k16_bandwidth,16384.0,,,binary_hash
sim_indoor_v1,test_id,pure_hdc,2048,2048.0,0.0,0,0.0,0,0.7365368682684341,0.671177293723099,0.0,0.0,0.0,0.0,327700,3473408,f288d40,,False,0,none,none,32,0.0,hdc_k1,k16_bandwidth,16384.0,prototype,1.0,hdc_k1
sim_indoor_v1,test_ood,pure_hdc,2048,2048.0,0.0,0,0.0,0,0.7046662728883638,0.5959987056875165,0.0,0.0,0.0,0.0,327700,3473408,f288d40,,False,0,none,none,32,0.0,hdc_k1,k16_bandwidth,16384.0,prototype,1.0,hdc_k1
sim_indoor_v1,test_id,pure_hdc,2048,2048.0,0.0,0,0.0,0,0.9536039768019884,0.9246012782041413,0.0,0.0,0.0,0.0,5243200,3473408,f288d40,,False,0,none,none,32,0.0,hdc_k16,k16_bandwidth,16384.0,prototype,16.0,hdc_k16
sim_indoor_v1,test_ood,pure_hdc,2048,2048.0,0.0,0,0.0,0,0.8535144713526285,0.7134995963393043,0.0,0.0,0.0,0.0,5243200,3473408,f288d40,,False,0,none,none,32,0.0,hdc_k16,k16_bandwidth,16384.0,prototype,16.0,hdc_k16
sim_indoor_v1,test_id,pure_hdc,2048,2048.0,0.0,0,0.0,0,0.9768019884009942,0.9594963344409276,0.0,0.0,0.0,0.0,655400,3473408,f288d40,,False,0,none,none,32,0.0,hdc_linear,k16_bandwidth,16384.0,linear,1.0,hdc_linear
sim_indoor_v1,test_ood,pure_hdc,2048,2048.0,0.0,0,0.0,0,0.8174837566450088,0.6633095947266899,0.0,0.0,0.0,0.0,655400,3473408,f288d40,,False,0,none,none,32,0.0,hdc_linear,k16_bandwidth,16384.0,linear,1.0,hdc_linear
sim_indoor_v1,test_id,quantized,128,128.0,0.0,0,0.0,1,0.743993371996686,0.6417276583909448,0.0,0.0,0.0,0.0,2420,0,f288d40,120.0,False,0,none,none,32,0.0,quantized,k16_bandwidth,,,,quantized
sim_indoor_v1,test_ood,quantized,128,128.0,0.0,0,0.0,1,0.7341996455995274,0.6016337567289469,0.0,0.0,0.0,0.0,2420,0,f288d40,120.0,False,0,none,none,32,0.0,quantized,k16_bandwidth,,,,quantized
sim_indoor_v1,test_id,binary_hash,128,128.0,0.0,0,0.0,1,0.8624689312344657,0.7902003688341847,0.0,0.0,0.0,0.0,20500,737280,f288d40,,False,0,none,none,32,0.0,binary_hash,k16_bandwidth,1024.0,,,binary_hash
sim_indoor_v1,test_ood,binary_hash,128,128.0,0.0,0,0.0,1,0.5652687536916716,0.511990441045626,0.0,0.0,0.0,0.0,20500,737280,f288d40,,False,0,none,none,32,0.0,binary_hash,k16_bandwidth,1024.0,,,binary_hash
sim_indoor_v1,test_id,pure_hdc,128,128.0,0.0,0,0.0,1,0.7249378624689312,0.6547982362114971,0.0,0.0,0.0,0.0,20500,217088,f288d40,,False,0,none,none,32,0.0,hdc_k1,k16_bandwidth,1024.0,prototype,1.0,hdc_k1
sim_indoor_v1,test_ood,pure_hdc,128,128.0,0.0,0,0.0,1,0.6999409332545776,0.5928257345226952,0.0,0.0,0.0,0.0,20500,217088,f288d40,,False,0,none,none,32,0.0,hdc_k1,k16_bandwidth,1024.0,prototype,1.0,hdc_k1
sim_indoor_v1,test_id,pure_hdc,128,128.0,0.0,0,0.0,1,0.9544324772162386,0.9236555798223348,0.0,0.0,0.0,0.0,328000,217088,f288d40,,False,0,none,none,32,0.0,hdc_k16,k16_bandwidth,1024.0,prototype,16.0,hdc_k16
sim_indoor_v1,test_ood,pure_hdc,128,128.0,0.0,0,0.0,1,0.8505611340815121,0.7048687730118413,0.0,0.0,0.0,0.0,328000,217088,f288d40,,False,0,none,none,32,0.0,hdc_k16,k16_bandwidth,1024.0,prototype,16.0,hdc_k16
sim_indoor_v1,test_id,pure_hdc,128,128.0,0.0,0,0.0,1,0.9502899751449876,0.9172351817909128,0.0,0.0,0.0,0.0,41000,217088,f288d40,,False,0,none,none,32,0.0,hdc_linear,k16_bandwidth,1024.0,linear,1.0,hdc_linear
sim_indoor_v1,test_ood,pure_hdc,128,128.0,0.0,0,0.0,1,0.7914943886591849,0.645431107346816,0.0,0.0,0.0,0.0,41000,217088,f288d40,,False,0,none,none,32,0.0,hdc_linear,k16_bandwidth,1024.0,linear,1.0,hdc_linear
sim_indoor_v1,test_id,quantized,512,188.0,0.0,0,0.0,1,0.7473073736536868,0.6436382849372578,0.0,0.0,0.0,0.0,3620,0,f288d40,180.0,False,0,none,none,32,0.0,quantized,k16_bandwidth,,,,quantized
sim_indoor_v1,test_ood,quantized,512,188.0,0.0,0,0.0,1,0.7531010041346722,0.609553790350909,0.0,0.0,0.0,0.0,3620,0,f288d40,180.0,False,0,none,none,32,0.0,quantized,k16_bandwidth,,,,quantized
sim_indoor_v1,test_id,binary_hash,512,512.0,0.0,0,0.0,1,0.9270919635459818,0.8840642692353267,0.0,0.0,0.0,0.0,81940,2949120,f288d40,,False,0,none,none,32,0.0,binary_hash,k16_bandwidth,4096.0,,,binary_hash
sim_indoor_v1,test_ood,binary_hash,512,512.0,0.0,0,0.0,1,0.6243354991139988,0.5479476601387901,0.0,0.0,0.0,0.0,81940,2949120,f288d40,,False,0,none,none,32,0.0,binary_hash,k16_bandwidth,4096.0,,,binary_hash
sim_indoor_v1,test_id,pure_hdc,512,512.0,0.0,0,0.0,1,0.7307373653686827,0.662479807302779,0.0,0.0,0.0,0.0,81940,868352,f288d40,,False,0,none,none,32,0.0,hdc_k1,k16_bandwidth,4096.0,prototype,1.0,hdc_k1
sim_indoor_v1,test_ood,pure_hdc,512,512.0,0.0,0,0.0,1,0.6993502658003544,0.5944698092737204,0.0,0.0,0.0,0.0,81940,868352,f288d40,,False,0,none,none,32,0.0,hdc_k1,k16_bandwidth,4096.0,prototype,1.0,hdc_k1
sim_indoor_v1,test_id,pure_hdc,512,512.0,0.0,0,0.0,1,0.9635459817729909,0.9394999731976863,0.0,0.0,0.0,0.0,1311040,868352,f288d40,,False,0,none,none,32,0.0,hdc_k16,k16_bandwidth,4096.0,prototype,16.0,hdc_k16
sim_indoor_v1,test_ood,pure_hdc,512,512.0,0.0,0,0.0,1,0.8535144713526285,0.7136985797367897,0.0,0.0,0.0,0.0,1311040,868352,f288d40,,False,0,none,none,32,0.0,hdc_k16,k16_bandwidth,4096.0,prototype,16.0,hdc_k16
sim_indoor_v1,test_id,pure_hdc,512,512.0,0.0,0,0.0,1,0.9726594863297432,0.9528257259389058,0.0,0.0,0.0,0.0,163880,868352,f288d40,,False,0,none,none,32,0.0,hdc_linear,k16_bandwidth,4096.0,linear,1.0,hdc_linear
sim_indoor_v1,test_ood,pure_hdc,512,512.0,0.0,0,0.0,1,0.8180744240992321,0.6618593166778514,0.0,0.0,0.0,0.0,163880,868352,f288d40,,False,0,none,none,32,0.0,hdc_linear,k16_bandwidth,4096.0,linear,1.0,hdc_linear
sim_indoor_v1,test_id,quantized,2048,188.0,0.0,0,0.0,1,0.7473073736536868,0.6436382849372578,0.0,0.0,0.0,0.0,3620,0,f288d40,180.0,False,0,none,none,32,0.0,quantized,k16_bandwidth,,,,quantized
sim_indoor_v1,test_ood,quantized,2048,188.0,0.0,0,0.0,1,0.7531010041346722,0.609553790350909,0.0,0.0,0.0,0.0,3620,0,f288d40,180.0,False,0,none,none,32,0.0,quantized,k16_bandwidth,,,,quantized
sim_indoor_v1,test_id,binary_hash,2048,2048.0,0.0,0,0.0,1,0.9403479701739851,0.9041781786257111,0.0,0.0,0.0,0.0,327700,11796480,f288d40,,False,0,none,none,32,0.0,binary_hash,k16_bandwidth,16384.0,,,binary_hash
sim_indoor_v1,test_ood,binary_hash,2048,2048.0,0.0,0,0.0,1,0.6255168340224454,0.555392723616166,0.0,0.0,0.0,0.0,327700,11796480,f288d40,,False,0,none,none,32,0.0,binary_hash,k16_bandwidth,16384.0,,,binary_hash
sim_indoor_v1,test_id,pure_hdc,2048,2048.0,0.0,0,0.0,1,0.7340513670256835,0.6674203746920458,0.0,0.0,0.0,0.0,327700,3473408,f288d40,,False,0,none,none,32,0.0,hdc_k1,k16_bandwidth,16384.0,prototype,1.0,hdc_k1
sim_indoor_v1,test_ood,pure_hdc,2048,2048.0,0.0,0,0.0,1,0.7182516243354992,0.6075822116228354,0.0,0.0,0.0,0.0,327700,3473408,f288d40,,False,0,none,none,32,0.0,hdc_k1,k16_bandwidth,16384.0,prototype,1.0,hdc_k1
sim_indoor_v1,test_id,pure_hdc,2048,2048.0,0.0,0,0.0,1,0.9536039768019884,0.9256166292361476,0.0,0.0,0.0,0.0,5243200,3473408,f288d40,,False,0,none,none,32,0.0,hdc_k16,k16_bandwidth,16384.0,prototype,16.0,hdc_k16
sim_indoor_v1,test_ood,pure_hdc,2048,2048.0,0.0,0,0.0,1,0.8493797991730656,0.7139561080000169,0.0,0.0,0.0,0.0,5243200,3473408,f288d40,,False,0,none,none,32,0.0,hdc_k16,k16_bandwidth,16384.0,prototype,16.0,hdc_k16
sim_indoor_v1,test_id,pure_hdc,2048,2048.0,0.0,0,0.0,1,0.9792874896437448,0.963157824289518,0.0,0.0,0.0,0.0,655400,3473408,f288d40,,False,0,none,none,32,0.0,hdc_linear,k16_bandwidth,16384.0,linear,1.0,hdc_linear
sim_indoor_v1,test_ood,pure_hdc,2048,2048.0,0.0,0,0.0,1,0.8204370939161252,0.6608655346438601,0.0,0.0,0.0,0.0,655400,3473408,f288d40,,False,0,none,none,32,0.0,hdc_linear,k16_bandwidth,16384.0,linear,1.0,hdc_linear
sim_indoor_v1,test_id,quantized,128,128.0,0.0,0,0.0,2,0.743993371996686,0.6417276583909448,0.0,0.0,0.0,0.0,2420,0,f288d40,120.0,False,0,none,none,32,0.0,quantized,k16_bandwidth,,,,quantized
sim_indoor_v1,test_ood,quantized,128,128.0,0.0,0,0.0,2,0.7341996455995274,0.6016337567289469,0.0,0.0,0.0,0.0,2420,0,f288d40,120.0,False,0,none,none,32,0.0,quantized,k16_bandwidth,,,,quantized
sim_indoor_v1,test_id,binary_hash,128,128.0,0.0,0,0.0,2,0.8641259320629661,0.792292318851233,0.0,0.0,0.0,0.0,20500,737280,f288d40,,False,0,none,none,32,0.0,binary_hash,k16_bandwidth,1024.0,,,binary_hash
sim_indoor_v1,test_ood,binary_hash,128,128.0,0.0,0,0.0,2,0.5977554636739516,0.5207732383732556,0.0,0.0,0.0,0.0,20500,737280,f288d40,,False,0,none,none,32,0.0,binary_hash,k16_bandwidth,1024.0,,,binary_hash
sim_indoor_v1,test_id,pure_hdc,128,128.0,0.0,0,0.0,2,0.7299088649544325,0.6580900876489179,0.0,0.0,0.0,0.0,20500,217088,f288d40,,False,0,none,none,32,0.0,hdc_k1,k16_bandwidth,1024.0,prototype,1.0,hdc_k1
sim_indoor_v1,test_ood,pure_hdc,128,128.0,0.0,0,0.0,2,0.7046662728883638,0.5906111442520425,0.0,0.0,0.0,0.0,20500,217088,f288d40,,False,0,none,none,32,0.0,hdc_k1,k16_bandwidth,1024.0,prototype,1.0,hdc_k1
sim_indoor_v1,test_id,pure_hdc,128,128.0,0.0,0,0.0,2,0.9511184755592378,0.9176879347849665,0.0,0.0,0.0,0.0,328000,217088,f288d40,,False,0,none,none,32,0.0,hdc_k16,k16_bandwidth,1024.0,prototype,16.0,hdc_k16
sim_indoor_v1,test_ood,pure_hdc,128,128.0,0.0,0,0.0,2,0.8428824571766096,0.7082699519943823,0.0,0.0,0.0,0.0,328000,217088,f288d40,,False,0,none,none,32,0.0,hdc_k16,k16_bandwidth,1024.0,prototype,16.0,hdc_k16
sim_indoor_v1,test_id,pure_hdc,128,128.0,0.0,0,0.0,2,0.9395194697597349,0.9036546373410191,0.0,0.0,0.0,0.0,41000,217088,f288d40,,False,0,none,none,32,0.0,hdc_linear,k16_bandwidth,1024.0,linear,1.0,hdc_linear
sim_indoor_v1,test_ood,pure_hdc,128,128.0,0.0,0,0.0,2,0.7844063792085056,0.6232231086885558,0.0,0.0,0.0,0.0,41000,217088,f288d40,,False,0,none,none,32,0.0,hdc_linear,k16_bandwidth,1024.0,linear,1.0,hdc_linear
sim_indoor_v1,test_id,quantized,512,188.0,0.0,0,0.0,2,0.7473073736536868,0.6436382849372578,0.0,0.0,0.0,0.0,3620,0,f288d40,180.0,False,0,none,none,32,0.0,quantized,k16_bandwidth,,,,quantized
sim_indoor_v1,test_ood,quantized,512,188.0,0.0,0,0.0,2,0.7531010041346722,0.609553790350909,0.0,0.0,0.0,0.0,3620,0,f288d40,180.0,False,0,none,none,32,0.0,quantized,k16_bandwidth,,,,quantized
sim_indoor_v1,test_id,binary_hash,512,512.0,0.0,0,0.0,2,0.9221209610604806,0.8766804510670834,0.0,0.0,0.0,0.0,81940,2949120,f288d40,,False,0,none,none,32,0.0,binary_hash,k16_bandwidth,4096.0,,,binary_hash
sim_indoor_v1,test_ood,binary_hash,512,512.0,0.0,0,0.0,2,0.6190194920259894,0.5345130262838498,0.0,0.0,0.0,0.0,81940,2949120,f288d40,,False,0,none,none,32,0.0,binary_hash,k16_bandwidth,4096.0,,,binary_hash
sim_indoor_v1,test_id,pure_hdc,512,512.0,0.0,0,0.0,2,0.7332228666114333,0.6651585878194195,0.0,0.0,0.0,0.0,81940,868352,f288d40,,False,0,none,none,32,0.0,hdc_k1,k16_bandwidth,4096.0,prototype,1.0,hdc_k1
sim_indoor_v1,test_ood,pure_hdc,512,512.0,0.0,0,0.0,2,0.7129356172474897,0.600416289541349,0.0,0.0,0.0,0.0,81940,868352,f288d40,,False,0,none,none,32,0.0,hdc_k1,k16_bandwidth,4096.0,prototype,1.0,hdc_k1
sim_indoor_v1,test_id,pure_hdc,512,512.0,0.0,0,0.0,2,0.9577464788732394,0.9284807045977127,0.0,0.0,0.0,0.0,1311040,868352,f288d40,,False,0,none,none,32,0.0,hdc_k16,k16_bandwidth,4096.0,prototype,16.0,hdc_k16
sim_indoor_v1,test_ood,pure_hdc,512,512.0,0.0,0,0.0,2,0.8493797991730656,0.7048250888564545,0.0,0.0,0.0,0.0,1311040,868352,f288d40,,False,0,none,none,32,0.0,hdc_k16,k16_bandwidth,4096.0,prototype,16.0,hdc_k16
sim_indoor_v1,test_id,pure_hdc,512,512.0,0.0,0,0.0,2,0.9701739850869926,0.9493793864347759,0.0,0.0,0.0,0.0,163880,868352,f288d40,,False,0,none,none,32,0.0,hdc_linear,k16_bandwidth,4096.0,linear,1.0,hdc_linear
sim_indoor_v1,test_ood,pure_hdc,512,512.0,0.0,0,0.0,2,0.8186650915534555,0.6639421300952834,0.0,0.0,0.0,0.0,163880,868352,f288d40,,False,0,none,none,32,0.0,hdc_linear,k16_bandwidth,4096.0,linear,1.0,hdc_linear
sim_indoor_v1,test_id,quantized,2048,188.0,0.0,0,0.0,2,0.7473073736536868,0.6436382849372578,0.0,0.0,0.0,0.0,3620,0,f288d40,180.0,False,0,none,none,32,0.0,quantized,k16_bandwidth,,,,quantized
sim_indoor_v1,test_ood,quantized,2048,188.0,0.0,0,0.0,2,0.7531010041346722,0.609553790350909,0.0,0.0,0.0,0.0,3620,0,f288d40,180.0,False,0,none,none,32,0.0,quantized,k16_bandwidth,,,,quantized
sim_indoor_v1,test_id,binary_hash,2048,2048.0,0.0,0,0.0,2,0.9403479701739851,0.9017509929326735,0.0,0.0,0.0,0.0,327700,11796480,f288d40,,False,0,none,none,32,0.0,binary_hash,k16_bandwidth,16384.0,,,binary_hash
sim_indoor_v1,test_ood,binary_hash,2048,2048.0,0.0,0,0.0,2,0.6278795038393384,0.552086697127856,0.0,0.0,0.0,0.0,327700,11796480,f288d40,,False,0,none,none,32,0.0,binary_hash,k16_bandwidth,16384.0,,,binary_hash
sim_indoor_v1,test_id,pure_hdc,2048,2048.0,0.0,0,0.0,2,0.7348798674399337,0.6683215722621592,0.0,0.0,0.0,0.0,327700,3473408,f288d40,,False,0,none,none,32,0.0,hdc_k1,k16_bandwidth,16384.0,prototype,1.0,hdc_k1
sim_indoor_v1,test_ood,pure_hdc,2048,2048.0,0.0,0,0.0,2,0.7123449497932663,0.6007737794813994,0.0,0.0,0.0,0.0,327700,3473408,f288d40,,False,0,none,none,32,0.0,hdc_k1,k16_bandwidth,16384.0,prototype,1.0,hdc_k1
sim_indoor_v1,test_id,pure_hdc,2048,2048.0,0.0,0,0.0,2,0.9635459817729909,0.9366869035526184,0.0,0.0,0.0,0.0,5243200,3473408,f288d40,,False,0,none,none,32,0.0,hdc_k16,k16_bandwidth,16384.0,prototype,16.0,hdc_k16
sim_indoor_v1,test_ood,pure_hdc,2048,2048.0,0.0,0,0.0,2,0.8564678086237448,0.7238587985778053,0.0,0.0,0.0,0.0,5243200,3473408,f288d40,,False,0,none,none,32,0.0,hdc_k16,k16_bandwidth,16384.0,prototype,16.0,hdc_k16
sim_indoor_v1,test_id,pure_hdc,2048,2048.0,0.0,0,0.0,2,0.9776304888152444,0.9616906062503698,0.0,0.0,0.0,0.0,655400,3473408,f288d40,,False,0,none,none,32,0.0,hdc_linear,k16_bandwidth,16384.0,linear,1.0,hdc_linear
sim_indoor_v1,test_ood,pure_hdc,2048,2048.0,0.0,0,0.0,2,0.8192557590076787,0.6645364150036148,0.0,0.0,0.0,0.0,655400,3473408,f288d40,,False,0,none,none,32,0.0,hdc_linear,k16_bandwidth,16384.0,linear,1.0,hdc_linear
