dataset,split,method,budget_bytes,actual_bytes,ber,burst_length,packet_loss_rate,seed,accuracy,macro_f1,encode_ms_median,encode_ms_p95,classify_ms_median,classify_ms_p95,model_bytes,shared_memory_bytes,git_commit,n_keep,interleave,n_bursts,modulation,fading,coherence_symbols,empirical_ber,invalid_mode,method_tag,sweep,dataset_name,label_source,theory_ber,dimension,hdc_head,n_centroids,method_label
lidardataframes_v1,test_id,quantized,128,128.0,0.0,0,0.0,0,0.9036144578313253,0.898989898989899,0.0,0.0,0.0,0.0,1936,0,2cb4d3c,120.0,False,0,none,none,32,0.0,fill,quantized,k16_lidardataframes,lidardataframes_v1,author_lidardataframes_place_tags,,,,,quantized
lidardataframes_v1,test_id,quantized,128,128.0,0.05,0,0.0,0,0.6024096385542169,0.5929501271606534,0.0,0.0,0.0,0.0,1936,0,2cb4d3c,120.0,False,0,none,none,32,0.04931640625,fill,quantized,k16_lidardataframes,lidardataframes_v1,author_lidardataframes_place_tags,0.05,,,,quantized
lidardataframes_v1,test_id,quantized,128,128.0,0.1,0,0.0,0,0.4457831325301205,0.4306680161943319,0.0,0.0,0.0,0.0,1936,0,2cb4d3c,120.0,False,0,none,none,32,0.0994720458984375,fill,quantized,k16_lidardataframes,lidardataframes_v1,author_lidardataframes_place_tags,0.1,,,,quantized
lidardataframes_v1,test_ood,quantized,128,128.0,0.0,0,0.0,0,0.8536585365853658,0.8418458781362007,0.0,0.0,0.0,0.0,1936,0,2cb4d3c,120.0,False,0,none,none,32,0.0,fill,quantized,k16_lidardataframes,lidardataframes_v1,author_lidardataframes_place_tags,,,,,quantized
lidardataframes_v1,test_ood,quantized,128,128.0,0.05,0,0.0,0,0.5975609756097561,0.5875506072874495,0.0,0.0,0.0,0.0,1936,0,2cb4d3c,120.0,False,0,none,none,32,0.04931640625,fill,quantized,k16_lidardataframes,lidardataframes_v1,author_lidardataframes_place_tags,0.05,,,,quantized
lidardataframes_v1,test_ood,quantized,128,128.0,0.1,0,0.0,0,0.4268292682926829,0.4077979038505354,0.0,0.0,0.0,0.0,1936,0,2cb4d3c,120.0,False,0,none,none,32,0.0994720458984375,fill,quantized,k16_lidardataframes,lidardataframes_v1,author_lidardataframes_place_tags,0.1,,,,quantized
lidardataframes_v1,test_id,binary_hash,128,128.0,0.0,0,0.0,0,0.8192771084337349,0.8169853982783044,0.0,0.0,0.0,0.0,16400,737280,2cb4d3c,,False,0,none,none,32,0.0,fill,binary_hash,k16_lidardataframes,lidardataframes_v1,author_lidardataframes_place_tags,,1024.0,,,binary_hash
lidardataframes_v1,test_id,binary_hash,128,128.0,0.05,0,0.0,0,0.7710843373493976,0.7709927400277348,0.0,0.0,0.0,0.0,16400,737280,2cb4d3c,,False,0,none,none,32,0.04931640625,fill,binary_hash,k16_lidardataframes,lidardataframes_v1,author_lidardataframes_place_tags,0.05,1024.0,,,binary_hash
lidardataframes_v1,test_id,binary_hash,128,128.0,0.1,0,0.0,0,0.6987951807228916,0.6935056136275648,0.0,0.0,0.0,0.0,16400,737280,2cb4d3c,,False,0,none,none,32,0.0994720458984375,fill,binary_hash,k16_lidardataframes,lidardataframes_v1,author_lidardataframes_place_tags,0.1,1024.0,,,binary_hash
lidardataframes_v1,test_ood,binary_hash,128,128.0,0.0,0,0.0,0,0.7804878048780488,0.7768522848310082,0.0,0.0,0.0,0.0,16400,737280,2cb4d3c,,False,0,none,none,32,0.0,fill,binary_hash,k16_lidardataframes,lidardataframes_v1,author_lidardataframes_place_tags,,1024.0,,,binary_hash
lidardataframes_v1,test_ood,binary_hash,128,128.0,0.05,0,0.0,0,0.7560975609756098,0.7499694002447981,0.0,0.0,0.0,0.0,16400,737280,2cb4d3c,,False,0,none,none,32,0.04931640625,fill,binary_hash,k16_lidardataframes,lidardataframes_v1,author_lidardataframes_place_tags,0.05,1024.0,,,binary_hash
lidardataframes_v1,test_ood,binary_hash,128,128.0,0.1,0,0.0,0,0.6829268292682927,0.6713882677400119,0.0,0.0,0.0,0.0,16400,737280,2cb4d3c,,False,0,none,none,32,0.0994720458984375,fill,binary_hash,k16_lidardataframes,lidardataframes_v1,author_lidardataframes_place_tags,0.1,1024.0,,,binary_hash
lidardataframes_v1,test_id,pure_hdc,128,128.0,0.0,0,0.0,0,0.9518072289156626,0.9515098722415796,0.0,0.0,0.0,0.0,16400,217088,2cb4d3c,,False,0,none,none,32,0.0,skip,hdc_k1,k16_lidardataframes,lidardataframes_v1,author_lidardataframes_place_tags,,1024.0,prototype,1.0,hdc_k1
lidardataframes_v1,test_id,pure_hdc,128,128.0,0.05,0,0.0,0,0.9397590361445783,0.9392654566080545,0.0,0.0,0.0,0.0,16400,217088,2cb4d3c,,False,0,none,none,32,0.04931640625,skip,hdc_k1,k16_lidardataframes,lidardataframes_v1,author_lidardataframes_place_tags,0.05,1024.0,prototype,1.0,hdc_k1
lidardataframes_v1,test_id,pure_hdc,128,128.0,0.1,0,0.0,0,0.9397590361445783,0.9396051103368177,0.0,0.0,0.0,0.0,16400,217088,2cb4d3c,,False,0,none,none,32,0.0994720458984375,skip,hdc_k1,k16_lidardataframes,lidardataframes_v1,author_lidardataframes_place_tags,0.1,1024.0,prototype,1.0,hdc_k1
lidardataframes_v1,test_ood,pure_hdc,128,128.0,0.0,0,0.0,0,0.8780487804878049,0.8784090909090909,0.0,0.0,0.0,0.0,16400,217088,2cb4d3c,,False,0,none,none,32,0.0,skip,hdc_k1,k16_lidardataframes,lidardataframes_v1,author_lidardataframes_place_tags,,1024.0,prototype,1.0,hdc_k1
lidardataframes_v1,test_ood,pure_hdc,128,128.0,0.05,0,0.0,0,0.8658536585365854,0.8647031263310333,0.0,0.0,0.0,0.0,16400,217088,2cb4d3c,,False,0,none,none,32,0.04931640625,skip,hdc_k1,k16_lidardataframes,lidardataframes_v1,author_lidardataframes_place_tags,0.05,1024.0,prototype,1.0,hdc_k1
lidardataframes_v1,test_ood,pure_hdc,128,128.0,0.1,0,0.0,0,0.9024390243902439,0.900831624515835,0.0,0.0,0.0,0.0,16400,217088,2cb4d3c,,False,0,none,none,32,0.0994720458984375,skip,hdc_k1,k16_lidardataframes,lidardataframes_v1,author_lidardataframes_place_tags,0.1,1024.0,prototype,1.0,hdc_k1
lidardataframes_v1,test_id,pure_hdc,128,128.0,0.0,0,0.0,0,0.9759036144578314,0.9751889887319926,0.0,0.0,0.0,0.0,262400,217088,2cb4d3c,,False,0,none,none,32,0.0,skip,hdc_k16,k16_lidardataframes,lidardataframes_v1,author_lidardataframes_place_tags,,1024.0,prototype,16.0,hdc_k16
lidardataframes_v1,test_id,pure_hdc,128,128.0,0.05,0,0.0,0,0.963855421686747,0.9627626035367287,0.0,0.0,0.0,0.0,262400,217088,2cb4d3c,,False,0,none,none,32,0.04931640625,skip,hdc_k16,k16_lidardataframes,lidardataframes_v1,author_lidardataframes_place_tags,0.05,1024.0,prototype,16.0,hdc_k16
lidardataframes_v1,test_id,pure_hdc,128,128.0,0.1,0,0.0,0,0.963855421686747,0.9641025641025641,0.0,0.0,0.0,0.0,262400,217088,2cb4d3c,,False,0,none,none,32,0.0994720458984375,skip,hdc_k16,k16_lidardataframes,lidardataframes_v1,author_lidardataframes_place_tags,0.1,1024.0,prototype,16.0,hdc_k16
lidardataframes_v1,test_ood,pure_hdc,128,128.0,0.0,0,0.0,0,0.9146341463414634,0.9119897959183674,0.0,0.0,0.0,0.0,262400,217088,2cb4d3c,,False,0,none,none,32,0.0,skip,hdc_k16,k16_lidardataframes,lidardataframes_v1,author_lidardataframes_place_tags,,1024.0,prototype,16.0,hdc_k16
lidardataframes_v1,test_ood,pure_hdc,128,128.0,0.05,0,0.0,0,0.9390243902439024,0.9377587694077056,0.0,0.0,0.0,0.0,262400,217088,2cb4d3c,,False,0,none,none,32,0.04931640625,skip,hdc_k16,k16_lidardataframes,lidardataframes_v1,author_lidardataframes_place_tags,0.05,1024.0,prototype,16.0,hdc_k16
lidardataframes_v1,test_ood,pure_hdc,128,128.0,0.1,0,0.0,0,0.9512195121951219,0.9501672144381018,0.0,0.0,0.0,0.0,262400,217088,2cb4d3c,,False,0,none,none,32,0.0994720458984375,skip,hdc_k16,k16_lidardataframes,lidardataframes_v1,author_lidardataframes_place_tags,0.1,1024.0,prototype,16.0,hdc_k16
lidardataframes_v1,test_id,pure_hdc,128,128.0,0.0,0,0.0,0,0.9759036144578314,0.9761904761904762,0.0,0.0,0.0,0.0,32800,217088,2cb4d3c,,False,0,none,none,32,0.0,skip,hdc_linear,k16_lidardataframes,lidardataframes_v1,author_lidardataframes_place_tags,,1024.0,linear,1.0,hdc_linear
lidardataframes_v1,test_id,pure_hdc,128,128.0,0.05,0,0.0,0,0.963855421686747,0.963960578559274,0.0,0.0,0.0,0.0,32800,217088,2cb4d3c,,False,0,none,none,32,0.04931640625,skip,hdc_linear,k16_lidardataframes,lidardataframes_v1,author_lidardataframes_place_tags,0.05,1024.0,linear,1.0,hdc_linear
lidardataframes_v1,test_id,pure_hdc,128,128.0,0.1,0,0.0,0,0.963855421686747,0.963960578559274,0.0,0.0,0.0,0.0,32800,217088,2cb4d3c,,False,0,none,none,32,0.0994720458984375,skip,hdc_linear,k16_lidardataframes,lidardataframes_v1,author_lidardataframes_place_tags,0.1,1024.0,linear,1.0,hdc_linear
lidardataframes_v1,test_ood,pure_hdc,128,128.0,0.0,0,0.0,0,0.9634146341463414,0.9627626035367287,0.0,0.0,0.0,0.0,32800,217088,2cb4d3c,,False,0,none,none,32,0.0,skip,hdc_linear,k16_lidardataframes,lidardataframes_v1,author_lidardataframes_place_tags,,1024.0,linear,1.0,hdc_linear
lidardataframes_v1,test_ood,pure_hdc,128,128.0,0.05,0,0.0,0,0.9634146341463414,0.9627626035367287,0.0,0.0,0.0,0.0,32800,217088,2cb4d3c,,False,0,none,none,32,0.04931640625,skip,hdc_linear,k16_lidardataframes,lidardataframes_v1,author_lidardataframes_place_tags,0.05,1024.0,linear,1.0,hdc_linear
lidardataframes_v1,test_ood,pure_hdc,128,128.0,0.1,0,0.0,0,0.9512195121951219,0.9501672144381018,0.0,0.0,0.0,0.0,32800,217088,2cb4d3c,,False,0,none,none,32,0.0994720458984375,skip,hdc_linear,k16_lidardataframes,lidardataframes_v1,author_lidardataframes_place_tags,0.1,1024.0,linear,1.0,hdc_linear
lidardataframes_v1,test_id,quantized,128,128.0,0.0,0,0.0,1,0.9036144578313253,0.898989898989899,0.0,0.0,0.0,0.0,1936,0,2cb4d3c,120.0,False,0,none,none,32,0.0,fill,quantized,k16_lidardataframes,lidardataframes_v1,author_lidardataframes_place_tags,,,,,quantized
lidardataframes_v1,test_id,quantized,128,128.0,0.05,0,0.0,1,0.5662650602409639,0.5478535353535353,0.0,0.0,0.0,0.0,1936,0,2cb4d3c,120.0,False,0,none,none,32,0.050750732421875,fill,quantized,k16_lidardataframes,lidardataframes_v1,author_lidardataframes_place_tags,0.05,,,,quantized
lidardataframes_v1,test_id,quantized,128,128.0,0.1,0,0.0,1,0.39759036144578314,0.36649775396470263,0.0,0.0,0.0,0.0,1936,0,2cb4d3c,120.0,False,0,none,none,32,0.1010284423828125,fill,quantized,k16_lidardataframes,lidardataframes_v1,author_lidardataframes_place_tags,0.1,,,,quantized
lidardataframes_v1,test_ood,quantized,128,128.0,0.0,0,0.0,1,0.8536585365853658,0.8418458781362007,0.0,0.0,0.0,0.0,1936,0,2cb4d3c,120.0,False,0,none,none,32,0.0,fill,quantized,k16_lidardataframes,lidardataframes_v1,author_lidardataframes_place_tags,,,,,quantized
lidardataframes_v1,test_ood,quantized,128,128.0,0.05,0,0.0,1,0.5,0.4626949858015326,0.0,0.0,0.0,0.0,1936,0,2cb4d3c,120.0,False,0,none,none,32,0.050750732421875,fill,quantized,k16_lidardataframes,lidardataframes_v1,author_lidardataframes_place_tags,0.05,,,,quantized
lidardataframes_v1,test_ood,quantized,128,128.0,0.1,0,0.0,1,0.4146341463414634,0.3901960784313726,0.0,0.0,0.0,0.0,1936,0,2cb4d3c,120.0,False,0,none,none,32,0.1010284423828125,fill,quantized,k16_lidardataframes,lidardataframes_v1,author_lidardataframes_place_tags,0.1,,,,quantized
lidardataframes_v1,test_id,binary_hash,128,128.0,0.0,0,0.0,1,0.8795180722891566,0.8763758835338898,0.0,0.0,0.0,0.0,16400,737280,2cb4d3c,,False,0,none,none,32,0.0,fill,binary_hash,k16_lidardataframes,lidardataframes_v1,author_lidardataframes_place_tags,,1024.0,,,binary_hash
lidardataframes_v1,test_id,binary_hash,128,128.0,0.05,0,0.0,1,0.8192771084337349,0.8194692903995229,0.0,0.0,0.0,0.0,16400,737280,2cb4d3c,,False,0,none,none,32,0.050750732421875,fill,binary_hash,k16_lidardataframes,lidardataframes_v1,author_lidardataframes_place_tags,0.05,1024.0,,,binary_hash
lidardataframes_v1,test_id,binary_hash,128,128.0,0.1,0,0.0,1,0.7108433734939759,0.7059470308477683,0.0,0.0,0.0,0.0,16400,737280,2cb4d3c,,False,0,none,none,32,0.1010284423828125,fill,binary_hash,k16_lidardataframes,lidardataframes_v1,author_lidardataframes_place_tags,0.1,1024.0,,,binary_hash
lidardataframes_v1,test_ood,binary_hash,128,128.0,0.0,0,0.0,1,0.7926829268292683,0.792634533488192,0.0,0.0,0.0,0.0,16400,737280,2cb4d3c,,False,0,none,none,32,0.0,fill,binary_hash,k16_lidardataframes,lidardataframes_v1,author_lidardataframes_place_tags,,1024.0,,,binary_hash
lidardataframes_v1,test_ood,binary_hash,128,128.0,0.05,0,0.0,1,0.7682926829268293,0.7648122008540885,0.0,0.0,0.0,0.0,16400,737280,2cb4d3c,,False,0,none,none,32,0.050750732421875,fill,binary_hash,k16_lidardataframes,lidardataframes_v1,author_lidardataframes_place_tags,0.05,1024.0,,,binary_hash
lidardataframes_v1,test_ood,binary_hash,128,128.0,0.1,0,0.0,1,0.6829268292682927,0.665281777046483,0.0,0.0,0.0,0.0,16400,737280,2cb4d3c,,False,0,none,none,32,0.1010284423828125,fill,binary_hash,k16_lidardataframes,lidardataframes_v1,author_lidardataframes_place_tags,0.1,1024.0,,,binary_hash
lidardataframes_v1,test_id,pure_hdc,128,128.0,0.0,0,0.0,1,0.9879518072289156,0.9874921826141339,0.0,0.0,0.0,0.0,16400,217088,2cb4d3c,,False,0,none,none,32,0.0,skip,hdc_k1,k16_lidardataframes,lidardataframes_v1,author_lidardataframes_place_tags,,1024.0,prototype,1.0,hdc_k1
lidardataframes_v1,test_id,pure_hdc,128,128.0,0.05,0,0.0,1,0.9879518072289156,0.9874921826141339,0.0,0.0,0.0,0.0,16400,217088,2cb4d3c,,False,0,none,none,32,0.050750732421875,skip,hdc_k1,k16_lidardataframes,lidardataframes_v1,author_lidardataframes_place_tags,0.05,1024.0,prototype,1.0,hdc_k1
lidardataframes_v1,test_id,pure_hdc,128,128.0,0.1,0,0.0,1,0.963855421686747,0.9624765478424016,0.0,0.0,0.0,0.0,16400,217088,2cb4d3c,,False,0,none,none,32,0.1010284423828125,skip,hdc_k1,k16_lidardataframes,lidardataframes_v1,author_lidardataframes_place_tags,0.1,1024.0,prototype,1.0,hdc_k1
lidardataframes_v1,test_ood,pure_hdc,128,128.0,0.0,0,0.0,1,0.8780487804878049,0.8784090909090909,0.0,0.0,0.0,0.0,16400,217088,2cb4d3c,,False,0,none,none,32,0.0,skip,hdc_k1,k16_lidardataframes,lidardataframes_v1,author_lidardataframes_place_tags,,1024.0,prototype,1.0,hdc_k1
lidardataframes_v1,test_ood,pure_hdc,128,128.0,0.05,0,0.0,1,0.8780487804878049,0.8784090909090909,0.0,0.0,0.0,0.0,16400,217088,2cb4d3c,,False,0,none,none,32,0.050750732421875,skip,hdc_k1,k16_lidardataframes,lidardataframes_v1,author_lidardataframes_place_tags,0.05,1024.0,prototype,1.0,hdc_k1
lidardataframes_v1,test_ood,pure_hdc,128,128.0,0.1,0,0.0,1,0.8658536585365854,0.8655982905982906,0.0,0.0,0.0,0.0,16400,217088,2cb4d3c,,False,0,none,none,32,0.1010284423828125,skip,hdc_k1,k16_lidardataframes,lidardataframes_v1,author_lidardataframes_place_tags,0.1,1024.0,prototype,1.0,hdc_k1
lidardataframes_v1,test_id,pure_hdc,128,128.0,0.0,0,0.0,1,0.9759036144578314,0.974937343358396,0.0,0.0,0.0,0.0,262400,217088,2cb4d3c,,False,0,none,none,32,0.0,skip,hdc_k16,k16_lidardataframes,lidardataframes_v1,author_lidardataframes_place_tags,,1024.0,prototype,16.0,hdc_k16
lidardataframes_v1,test_id,pure_hdc,128,128.0,0.05,0,0.0,1,0.9759036144578314,0.974937343358396,0.0,0.0,0.0,0.0,262400,217088,2cb4d3c,,False,0,none,none,32,0.050750732421875,skip,hdc_k16,k16_lidardataframes,lidardataframes_v1,author_lidardataframes_place_tags,0.05,1024.0,prototype,16.0,hdc_k16
lidardataframes_v1,test_id,pure_hdc,128,128.0,0.1,0,0.0,1,0.9879518072289156,0.9874921826141339,0.0,0.0,0.0,0.0,262400,217088,2cb4d3c,,False,0,none,none,32,0.1010284423828125,skip,hdc_k16,k16_lidardataframes,lidardataframes_v1,author_lidardataframes_place_tags,0.1,1024.0,prototype,16.0,hdc_k16
lidardataframes_v1,test_ood,pure_hdc,128,128.0,0.0,0,0.0,1,0.975609756097561,0.9751889887319926,0.0,0.0,0.0,0.0,262400,217088,2cb4d3c,,False,0,none,none,32,0.0,skip,hdc_k16,k16_lidardataframes,lidardataframes_v1,author_lidardataframes_place_tags,,1024.0,prototype,16.0,hdc_k16
lidardataframes_v1,test_ood,pure_hdc,128,128.0,0.05,0,0.0,1,0.9512195121951219,0.9503146453089245,0.0,0.0,0.0,0.0,262400,217088,2cb4d3c,,False,0,none,none,32,0.050750732421875,skip,hdc_k16,k16_lidardataframes,lidardataframes_v1,author_lidardataframes_place_tags,0.05,1024.0,prototype,16.0,hdc_k16
lidardataframes_v1,test_ood,pure_hdc,128,128.0,0.1,0,0.0,1,0.9390243902439024,0.9377587694077056,0.0,0.0,0.0,0.0,262400,217088,2cb4d3c,,False,0,none,none,32,0.1010284423828125,skip,hdc_k16,k16_lidardataframes,lidardataframes_v1,author_lidardataframes_place_tags,0.1,1024.0,prototype,16.0,hdc_k16
lidardataframes_v1,test_id,pure_hdc,128,128.0,0.0,0,0.0,1,0.9759036144578314,0.974937343358396,0.0,0.0,0.0,0.0,32800,217088,2cb4d3c,,False,0,none,none,32,0.0,skip,hdc_linear,k16_lidardataframes,lidardataframes_v1,author_lidardataframes_place_tags,,1024.0,linear,1.0,hdc_linear
lidardataframes_v1,test_id,pure_hdc,128,128.0,0.05,0,0.0,1,0.9397590361445783,0.9388004895960832,0.0,0.0,0.0,0.0,32800,217088,2cb4d3c,,False,0,none,none,32,0.050750732421875,skip,hdc_linear,k16_lidardataframes,lidardataframes_v1,author_lidardataframes_place_tags,0.05,1024.0,linear,1.0,hdc_linear
lidardataframes_v1,test_id,pure_hdc,128,128.0,0.1,0,0.0,1,0.9759036144578314,0.975,0.0,0.0,0.0,0.0,32800,217088,2cb4d3c,,False,0,none,none,32,0.1010284423828125,skip,hdc_linear,k16_lidardataframes,lidardataframes_v1,author_lidardataframes_place_tags,0.1,1024.0,linear,1.0,hdc_linear
lidardataframes_v1,test_ood,pure_hdc,128,128.0,0.0,0,0.0,1,0.9878048780487805,0.9874921826141339,0.0,0.0,0.0,0.0,32800,217088,2cb4d3c,,False,0,none,none,32,0.0,skip,hdc_linear,k16_lidardataframes,lidardataframes_v1,author_lidardataframes_place_tags,,1024.0,linear,1.0,hdc_linear
lidardataframes_v1,test_ood,pure_hdc,128,128.0,0.05,0,0.0,1,0.9878048780487805,0.9874921826141339,0.0,0.0,0.0,0.0,32800,217088,2cb4d3c,,False,0,none,none,32,0.050750732421875,skip,hdc_linear,k16_lidardataframes,lidardataframes_v1,author_lidardataframes_place_tags,0.05,1024.0,linear,1.0,hdc_linear
lidardataframes_v1,test_ood,pure_hdc,128,128.0,0.1,0,0.0,1,0.975609756097561,0.9751889887319926,0.0,0.0,0.0,0.0,32800,217088,2cb4d3c,,False,0,none,none,32,0.1010284423828125,skip,hdc_linear,k16_lidardataframes,lidardataframes_v1,author_lidardataframes_place_tags,0.1,1024.0,linear,1.0,hdc_linear
lidardataframes_v1,test_id,quantized,128,128.0,0.0,0,0.0,2,0.9036144578313253,0.898989898989899,0.0,0.0,0.0,0.0,1936,0,2cb4d3c,120.0,False,0,none,none,32,0.0,fill,quantized,k16_lidardataframes,lidardataframes_v1,author_lidardataframes_place_tags,,,,,quantized
lidardataframes_v1,test_id,quantized,128,128.0,0.05,0,0.0,2,0.6265060240963856,0.6164944013781224,0.0,0.0,0.0,0.0,1936,0,2cb4d3c,120.0,False,0,none,none,32,0.0500030517578125,fill,quantized,k16_lidardataframes,lidardataframes_v1,author_lidardataframes_place_tags,0.05,,,,quantized
lidardataframes_v1,test_id,quantized,128,128.0,0.1,0,0.0,2,0.40963855421686746,0.3868623206858501,0.0,0.0,0.0,0.0,1936,0,2cb4d3c,120.0,False,0,none,none,32,0.1000518798828125,fill,quantized,k16_lidardataframes,lidardataframes_v1,author_lidardataframes_place_tags,0.1,,,,quantized
lidardataframes_v1,test_ood,quantized,128,128.0,0.0,0,0.0,2,0.8536585365853658,0.8418458781362007,0.0,0.0,0.0,0.0,1936,0,2cb4d3c,120.0,False,0,none,none,32,0.0,fill,quantized,k16_lidardataframes,lidardataframes_v1,author_lidardataframes_place_tags,,,,,quantized
lidardataframes_v1,test_ood,quantized,128,128.0,0.05,0,0.0,2,0.5487804878048781,0.5377388727624577,0.0,0.0,0.0,0.0,1936,0,2cb4d3c,120.0,False,0,none,none,32,0.0500030517578125,fill,quantized,k16_lidardataframes,lidardataframes_v1,author_lidardataframes_place_tags,0.05,,,,quantized
lidardataframes_v1,test_ood,quantized,128,128.0,0.1,0,0.0,2,0.4268292682926829,0.4095238095238095,0.0,0.0,0.0,0.0,1936,0,2cb4d3c,120.0,False,0,none,none,32,0.1000518798828125,fill,quantized,k16_lidardataframes,lidardataframes_v1,author_lidardataframes_place_tags,0.1,,,,quantized
lidardataframes_v1,test_id,binary_hash,128,128.0,0.0,0,0.0,2,0.8795180722891566,0.8790319294170384,0.0,0.0,0.0,0.0,16400,737280,2cb4d3c,,False,0,none,none,32,0.0,fill,binary_hash,k16_lidardataframes,lidardataframes_v1,author_lidardataframes_place_tags,,1024.0,,,binary_hash
lidardataframes_v1,test_id,binary_hash,128,128.0,0.05,0,0.0,2,0.7951807228915663,0.7920938710412394,0.0,0.0,0.0,0.0,16400,737280,2cb4d3c,,False,0,none,none,32,0.0500030517578125,fill,binary_hash,k16_lidardataframes,lidardataframes_v1,author_lidardataframes_place_tags,0.05,1024.0,,,binary_hash
lidardataframes_v1,test_id,binary_hash,128,128.0,0.1,0,0.0,2,0.6987951807228916,0.6883466982564851,0.0,0.0,0.0,0.0,16400,737280,2cb4d3c,,False,0,none,none,32,0.1000518798828125,fill,binary_hash,k16_lidardataframes,lidardataframes_v1,author_lidardataframes_place_tags,0.1,1024.0,,,binary_hash
lidardataframes_v1,test_ood,binary_hash,128,128.0,0.0,0,0.0,2,0.8292682926829268,0.8283978618280944,0.0,0.0,0.0,0.0,16400,737280,2cb4d3c,,False,0,none,none,32,0.0,fill,binary_hash,k16_lidardataframes,lidardataframes_v1,author_lidardataframes_place_tags,,1024.0,,,binary_hash
lidardataframes_v1,test_ood,binary_hash,128,128.0,0.05,0,0.0,2,0.8170731707317073,0.8159887462213045,0.0,0.0,0.0,0.0,16400,737280,2cb4d3c,,False,0,none,none,32,0.0500030517578125,fill,binary_hash,k16_lidardataframes,lidardataframes_v1,author_lidardataframes_place_tags,0.05,1024.0,,,binary_hash
lidardataframes_v1,test_ood,binary_hash,128,128.0,0.1,0,0.0,2,0.6951219512195121,0.6860319990711964,0.0,0.0,0.0,0.0,16400,737280,2cb4d3c,,False,0,none,none,32,0.1000518798828125,fill,binary_hash,k16_lidardataframes,lidardataframes_v1,author_lidardataframes_place_tags,0.1,1024.0,,,binary_hash
lidardataframes_v1,test_id,pure_hdc,128,128.0,0.0,0,0.0,2,0.963855421686747,0.9622694122694122,0.0,0.0,0.0,0.0,16400,217088,2cb4d3c,,False,0,none,none,32,0.0,skip,hdc_k1,k16_lidardataframes,lidardataframes_v1,author_lidardataframes_place_tags,,1024.0,prototype,1.0,hdc_k1
lidardataframes_v1,test_id,pure_hdc,128,128.0,0.05,0,0.0,2,0.963855421686747,0.9622694122694122,0.0,0.0,0.0,0.0,16400,217088,2cb4d3c,,False,0,none,none,32,0.0500030517578125,skip,hdc_k1,k16_lidardataframes,lidardataframes_v1,author_lidardataframes_place_tags,0.05,1024.0,prototype,1.0,hdc_k1
lidardataframes_v1,test_id,pure_hdc,128,128.0,0.1,0,0.0,2,0.9518072289156626,0.950924232900977,0.0,0.0,0.0,0.0,16400,217088,2cb4d3c,,False,0,none,none,32,0.1000518798828125,skip,hdc_k1,k16_lidardataframes,lidardataframes_v1,author_lidardataframes_place_tags,0.1,1024.0,prototype,1.0,hdc_k1
lidardataframes_v1,test_ood,pure_hdc,128,128.0,0.0,0,0.0,2,0.9390243902439024,0.93931475029036,0.0,0.0,0.0,0.0,16400,217088,2cb4d3c,,False,0,none,none,32,0.0,skip,hdc_k1,k16_lidardataframes,lidardataframes_v1,author_lidardataframes_place_tags,,1024.0,prototype,1.0,hdc_k1
lidardataframes_v1,test_ood,pure_hdc,128,128.0,0.05,0,0.0,2,0.9512195121951219,0.9508933635847986,0.0,0.0,0.0,0.0,16400,217088,2cb4d3c,,False,0,none,none,32,0.0500030517578125,skip,hdc_k1,k16_lidardataframes,lidardataframes_v1,author_lidardataframes_place_tags,0.05,1024.0,prototype,1.0,hdc_k1
lidardataframes_v1,test_ood,pure_hdc,128,128.0,0.1,0,0.0,2,0.9512195121951219,0.9514226083993527,0.0,0.0,0.0,0.0,16400,217088,2cb4d3c,,False,0,none,none,32,0.1000518798828125,skip,hdc_k1,k16_lidardataframes,lidardataframes_v1,author_lidardataframes_place_tags,0.1,1024.0,prototype,1.0,hdc_k1
lidardataframes_v1,test_id,pure_hdc,128,128.0,0.0,0,0.0,2,0.9518072289156626,0.9501672144381018,0.0,0.0,0.0,0.0,262400,217088,2cb4d3c,,False,0,none,none,32,0.0,skip,hdc_k16,k16_lidardataframes,lidardataframes_v1,author_lidardataframes_place_tags,,1024.0,prototype,16.0,hdc_k16
lidardataframes_v1,test_id,pure_hdc,128,128.0,0.05,0,0.0,2,0.9518072289156626,0.9501672144381018,0.0,0.0,0.0,0.0,262400,217088,2cb4d3c,,False,0,none,none,32,0.0500030517578125,skip,hdc_k16,k16_lidardataframes,lidardataframes_v1,author_lidardataframes_place_tags,0.05,1024.0,prototype,16.0,hdc_k16
lidardataframes_v1,test_id,pure_hdc,128,128.0,0.1,0,0.0,2,0.963855421686747,0.9627626035367287,0.0,0.0,0.0,0.0,262400,217088,2cb4d3c,,False,0,none,none,32,0.1000518798828125,skip,hdc_k16,k16_lidardataframes,lidardataframes_v1,author_lidardataframes_place_tags,0.1,1024.0,prototype,16.0,hdc_k16
lidardataframes_v1,test_ood,pure_hdc,128,128.0,0.0,0,0.0,2,0.9512195121951219,0.949447895100069,0.0,0.0,0.0,0.0,262400,217088,2cb4d3c,,False,0,none,none,32,0.0,skip,hdc_k16,k16_lidardataframes,lidardataframes_v1,author_lidardataframes_place_tags,,1024.0,prototype,16.0,hdc_k16
lidardataframes_v1,test_ood,pure_hdc,128,128.0,0.05,0,0.0,2,0.926829268292683,0.9224830456675495,0.0,0.0,0.0,0.0,262400,217088,2cb4d3c,,False,0,none,none,32,0.0500030517578125,skip,hdc_k16,k16_lidardataframes,lidardataframes_v1,author_lidardataframes_place_tags,0.05,1024.0,prototype,16.0,hdc_k16
lidardataframes_v1,test_ood,pure_hdc,128,128.0,0.1,0,0.0,2,0.9390243902439024,0.9359742886032067,0.0,0.0,0.0,0.0,262400,217088,2cb4d3c,,False,0,none,none,32,0.1000518798828125,skip,hdc_k16,k16_lidardataframes,lidardataframes_v1,author_lidardataframes_place_tags,0.1,1024.0,prototype,16.0,hdc_k16
lidardataframes_v1,test_id,pure_hdc,128,128.0,0.0,0,0.0,2,0.9759036144578314,0.974937343358396,0.0,0.0,0.0,0.0,32800,217088,2cb4d3c,,False,0,none,none,32,0.0,skip,hdc_linear,k16_lidardataframes,lidardataframes_v1,author_lidardataframes_place_tags,,1024.0,linear,1.0,hdc_linear
lidardataframes_v1,test_id,pure_hdc,128,128.0,0.05,0,0.0,2,0.963855421686747,0.9622878692646134,0.0,0.0,0.0,0.0,32800,217088,2cb4d3c,,False,0,none,none,32,0.0500030517578125,skip,hdc_linear,k16_lidardataframes,lidardataframes_v1,author_lidardataframes_place_tags,0.05,1024.0,linear,1.0,hdc_linear
lidardataframes_v1,test_id,pure_hdc,128,128.0,0.1,0,0.0,2,0.963855421686747,0.9635737069947596,0.0,0.0,0.0,0.0,32800,217088,2cb4d3c,,False,0,none,none,32,0.1000518798828125,skip,hdc_linear,k16_lidardataframes,lidardataframes_v1,author_lidardataframes_place_tags,0.1,1024.0,linear,1.0,hdc_linear
lidardataframes_v1,test_ood,pure_hdc,128,128.0,0.0,0,0.0,2,0.975609756097561,0.974937343358396,0.0,0.0,0.0,0.0,32800,217088,2cb4d3c,,False,0,none,none,32,0.0,skip,hdc_linear,k16_lidardataframes,lidardataframes_v1,author_lidardataframes_place_tags,,1024.0,linear,1.0,hdc_linear
lidardataframes_v1,test_ood,pure_hdc,128,128.0,0.05,0,0.0,2,0.975609756097561,0.974937343358396,0.0,0.0,0.0,0.0,32800,217088,2cb4d3c,,False,0,none,none,32,0.0500030517578125,skip,hdc_linear,k16_lidardataframes,lidardataframes_v1,author_lidardataframes_place_tags,0.05,1024.0,linear,1.0,hdc_linear
lidardataframes_v1,test_ood,pure_hdc,128,128.0,0.1,0,0.0,2,0.9878048780487805,0.9874921826141339,0.0,0.0,0.0,0.0,32800,217088,2cb4d3c,,False,0,none,none,32,0.1000518798828125,skip,hdc_linear,k16_lidardataframes,lidardataframes_v1,author_lidardataframes_place_tags,0.1,1024.0,linear,1.0,hdc_linear
