dataset,split,method,budget_bytes,actual_bytes,ber,burst_length,packet_loss_rate,seed,accuracy,macro_f1,encode_ms_median,encode_ms_p95,classify_ms_median,classify_ms_p95,model_bytes,shared_memory_bytes,git_commit,n_keep,interleave,n_bursts,modulation,fading,coherence_symbols,empirical_ber,method_tag,sweep,noise_kind,theory_ber,dimension,hdc_head,n_centroids,method_label
sim_indoor_v1,test_id,quantized,128,128.0,0.0,0,0.0,0,0.743993371996686,0.6417276583909448,0.0,0.0,0.0,0.0,2420,0,2dc1b09,120.0,False,0,none,none,32,0.0,quantized,k16_noise,ber,,,,,quantized
sim_indoor_v1,test_id,quantized,128,128.0,0.01,0,0.0,0,0.5832642916321458,0.5002759129969123,0.0,0.0,0.0,0.0,2420,0,2dc1b09,120.0,False,0,none,none,32,0.0093841552734375,quantized,k16_noise,ber,0.01,,,,quantized
sim_indoor_v1,test_id,quantized,128,128.0,0.05,0,0.0,0,0.4092792046396023,0.3677411747394428,0.0,0.0,0.0,0.0,2420,0,2dc1b09,120.0,False,0,none,none,32,0.04931640625,quantized,k16_noise,ber,0.05,,,,quantized
sim_indoor_v1,test_id,quantized,128,128.0,0.1,0,0.0,0,0.29494614747307374,0.2630015995779109,0.0,0.0,0.0,0.0,2420,0,2dc1b09,120.0,False,0,none,none,32,0.0994720458984375,quantized,k16_noise,ber,0.1,,,,quantized
sim_indoor_v1,test_id,quantized,128,128.0,0.0,128,0.0,0,0.46064623032311514,0.3973838162072526,0.0,0.0,0.0,0.0,2420,0,2dc1b09,120.0,False,1,none,none,32,0.125,quantized,k16_noise,burst,,,,,quantized
sim_indoor_v1,test_id,quantized,128,128.0,0.0,512,0.0,0,0.18309859154929578,0.0973776013149615,0.0,0.0,0.0,0.0,2420,0,2dc1b09,120.0,False,1,none,none,32,0.5,quantized,k16_noise,burst,,,,,quantized
sim_indoor_v1,test_id,quantized,128,128.0,0.0,0,0.05,0,0.7009113504556752,0.6103054362633866,0.0,0.0,0.0,0.0,2420,0,2dc1b09,120.0,False,0,none,none,32,0.01275634765625,quantized,k16_noise,plr,,,,,quantized
sim_indoor_v1,test_id,quantized,128,128.0,0.0,0,0.1,0,0.6429163214581607,0.5635043304077685,0.0,0.0,0.0,0.0,2420,0,2dc1b09,120.0,False,0,none,none,32,0.0226287841796875,quantized,k16_noise,plr,,,,,quantized
sim_indoor_v1,test_id,quantized,128,128.0,0.0,0,0.2,0,0.5625517812758907,0.49962533986430807,0.0,0.0,0.0,0.0,2420,0,2dc1b09,120.0,False,0,none,none,32,0.05926513671875,quantized,k16_noise,plr,,,,,quantized
sim_indoor_v1,test_ood,quantized,128,128.0,0.0,0,0.0,0,0.7341996455995274,0.6016337567289469,0.0,0.0,0.0,0.0,2420,0,2dc1b09,120.0,False,0,none,none,32,0.0,quantized,k16_noise,ber,,,,,quantized
sim_indoor_v1,test_ood,quantized,128,128.0,0.01,0,0.0,0,0.6131128174837567,0.49886472725450737,0.0,0.0,0.0,0.0,2420,0,2dc1b09,120.0,False,0,none,none,32,0.0093841552734375,quantized,k16_noise,ber,0.01,,,,quantized
sim_indoor_v1,test_ood,quantized,128,128.0,0.05,0,0.0,0,0.47607796810395747,0.3835161242085152,0.0,0.0,0.0,0.0,2420,0,2dc1b09,120.0,False,0,none,none,32,0.04931640625,quantized,k16_noise,ber,0.05,,,,quantized
sim_indoor_v1,test_ood,quantized,128,128.0,0.1,0,0.0,0,0.38275251033668045,0.2953392782166454,0.0,0.0,0.0,0.0,2420,0,2dc1b09,120.0,False,0,none,none,32,0.0994720458984375,quantized,k16_noise,ber,0.1,,,,quantized
sim_indoor_v1,test_ood,quantized,128,128.0,0.0,128,0.0,0,0.5150620200826934,0.3904583704691079,0.0,0.0,0.0,0.0,2420,0,2dc1b09,120.0,False,1,none,none,32,0.125,quantized,k16_noise,burst,,,,,quantized
sim_indoor_v1,test_ood,quantized,128,128.0,0.0,512,0.0,0,0.2864737152982871,0.12413128215159253,0.0,0.0,0.0,0.0,2420,0,2dc1b09,120.0,False,1,none,none,32,0.5,quantized,k16_noise,burst,,,,,quantized
sim_indoor_v1,test_ood,quantized,128,128.0,0.0,0,0.05,0,0.7088009450679268,0.5875471316771634,0.0,0.0,0.0,0.0,2420,0,2dc1b09,120.0,False,0,none,none,32,0.0132598876953125,quantized,k16_noise,plr,,,,,quantized
sim_indoor_v1,test_ood,quantized,128,128.0,0.0,0,0.1,0,0.6715888954518606,0.5598522625106994,0.0,0.0,0.0,0.0,2420,0,2dc1b09,120.0,False,0,none,none,32,0.03033447265625,quantized,k16_noise,plr,,,,,quantized
sim_indoor_v1,test_ood,quantized,128,128.0,0.0,0,0.2,0,0.6018901358535145,0.5104739902208926,0.0,0.0,0.0,0.0,2420,0,2dc1b09,120.0,False,0,none,none,32,0.0830078125,quantized,k16_noise,plr,,,,,quantized
sim_indoor_v1,test_id,binary_hash,128,128.0,0.0,0,0.0,0,0.8649544324772163,0.8002418954705035,0.0,0.0,0.0,0.0,20500,737280,2dc1b09,,False,0,none,none,32,0.0,binary_hash,k16_noise,ber,,1024.0,,,binary_hash
sim_indoor_v1,test_id,binary_hash,128,128.0,0.01,0,0.0,0,0.8434134217067109,0.7799785199519957,0.0,0.0,0.0,0.0,20500,737280,2dc1b09,,False,0,none,none,32,0.0093841552734375,binary_hash,k16_noise,ber,0.01,1024.0,,,binary_hash
sim_indoor_v1,test_id,binary_hash,128,128.0,0.05,0,0.0,0,0.7613918806959403,0.6794493396594634,0.0,0.0,0.0,0.0,20500,737280,2dc1b09,,False,0,none,none,32,0.04931640625,binary_hash,k16_noise,ber,0.05,1024.0,,,binary_hash
sim_indoor_v1,test_id,binary_hash,128,128.0,0.1,0,0.0,0,0.6876553438276719,0.6104730202328457,0.0,0.0,0.0,0.0,20500,737280,2dc1b09,,False,0,none,none,32,0.0994720458984375,binary_hash,k16_noise,ber,0.1,1024.0,,,binary_hash
sim_indoor_v1,test_id,binary_hash,128,128.0,0.0,128,0.0,0,0.6545153272576636,0.5762384277751421,0.0,0.0,0.0,0.0,20500,737280,2dc1b09,,False,1,none,none,32,0.125,binary_hash,k16_noise,burst,,1024.0,,,binary_hash
sim_indoor_v1,test_id,binary_hash,128,128.0,0.0,512,0.0,0,0.15244407622203812,0.14725723944431146,0.0,0.0,0.0,0.0,20500,737280,2dc1b09,,False,1,none,none,32,0.5,binary_hash,k16_noise,burst,,1024.0,,,binary_hash
sim_indoor_v1,test_id,binary_hash,128,128.0,0.0,0,0.05,0,0.8367854183927091,0.7628183842391263,0.0,0.0,0.0,0.0,20500,737280,2dc1b09,,False,0,none,none,32,0.0148162841796875,binary_hash,k16_noise,plr,,1024.0,,,binary_hash
sim_indoor_v1,test_id,binary_hash,128,128.0,0.0,0,0.1,0,0.796188898094449,0.7135724395898979,0.0,0.0,0.0,0.0,20500,737280,2dc1b09,,False,0,none,none,32,0.0288238525390625,binary_hash,k16_noise,plr,,1024.0,,,binary_hash
sim_indoor_v1,test_id,binary_hash,128,128.0,0.0,0,0.2,0,0.704225352112676,0.6221072934173872,0.0,0.0,0.0,0.0,20500,737280,2dc1b09,,False,0,none,none,32,0.070831298828125,binary_hash,k16_noise,plr,,1024.0,,,binary_hash
sim_indoor_v1,test_ood,binary_hash,128,128.0,0.0,0,0.0,0,0.5871234494979327,0.51468412578152,0.0,0.0,0.0,0.0,20500,737280,2dc1b09,,False,0,none,none,32,0.0,binary_hash,k16_noise,ber,,1024.0,,,binary_hash
sim_indoor_v1,test_ood,binary_hash,128,128.0,0.01,0,0.0,0,0.564087418783225,0.494447521344436,0.0,0.0,0.0,0.0,20500,737280,2dc1b09,,False,0,none,none,32,0.0093841552734375,binary_hash,k16_noise,ber,0.01,1024.0,,,binary_hash
sim_indoor_v1,test_ood,binary_hash,128,128.0,0.05,0,0.0,0,0.5392793857058477,0.47439733563362746,0.0,0.0,0.0,0.0,20500,737280,2dc1b09,,False,0,none,none,32,0.04931640625,binary_hash,k16_noise,ber,0.05,1024.0,,,binary_hash
sim_indoor_v1,test_ood,binary_hash,128,128.0,0.1,0,0.0,0,0.49793266391021856,0.4476961653607547,0.0,0.0,0.0,0.0,20500,737280,2dc1b09,,False,0,none,none,32,0.0994720458984375,binary_hash,k16_noise,ber,0.1,1024.0,,,binary_hash
sim_indoor_v1,test_ood,binary_hash,128,128.0,0.0,128,0.0,0,0.46249261665682223,0.435677680992665,0.0,0.0,0.0,0.0,20500,737280,2dc1b09,,False,1,none,none,32,0.125,binary_hash,k16_noise,burst,,1024.0,,,binary_hash
sim_indoor_v1,test_ood,binary_hash,128,128.0,0.0,512,0.0,0,0.1831069108092144,0.14327300444858063,0.0,0.0,0.0,0.0,20500,737280,2dc1b09,,False,1,none,none,32,0.5,binary_hash,k16_noise,burst,,1024.0,,,binary_hash
sim_indoor_v1,test_ood,binary_hash,128,128.0,0.0,0,0.05,0,0.5634967513290018,0.5062747240997942,0.0,0.0,0.0,0.0,20500,737280,2dc1b09,,False,0,none,none,32,0.0157012939453125,binary_hash,k16_noise,plr,,1024.0,,,binary_hash
sim_indoor_v1,test_ood,binary_hash,128,128.0,0.0,0,0.1,0,0.5440047253396337,0.484786529924107,0.0,0.0,0.0,0.0,20500,737280,2dc1b09,,False,0,none,none,32,0.02899169921875,binary_hash,k16_noise,plr,,1024.0,,,binary_hash
sim_indoor_v1,test_ood,binary_hash,128,128.0,0.0,0,0.2,0,0.5144713526284702,0.46810292695773653,0.0,0.0,0.0,0.0,20500,737280,2dc1b09,,False,0,none,none,32,0.0712738037109375,binary_hash,k16_noise,plr,,1024.0,,,binary_hash
sim_indoor_v1,test_id,pure_hdc,128,128.0,0.0,0,0.0,0,0.7257663628831814,0.6569533449380223,0.0,0.0,0.0,0.0,20500,217088,2dc1b09,,False,0,none,none,32,0.0,hdc_k1,k16_noise,ber,,1024.0,prototype,1.0,hdc_k1
sim_indoor_v1,test_id,pure_hdc,128,128.0,0.01,0,0.0,0,0.7257663628831814,0.6570490096673887,0.0,0.0,0.0,0.0,20500,217088,2dc1b09,,False,0,none,none,32,0.0093841552734375,hdc_k1,k16_noise,ber,0.01,1024.0,prototype,1.0,hdc_k1
sim_indoor_v1,test_id,pure_hdc,128,128.0,0.05,0,0.0,0,0.7232808616404308,0.6542695118000816,0.0,0.0,0.0,0.0,20500,217088,2dc1b09,,False,0,none,none,32,0.04931640625,hdc_k1,k16_noise,ber,0.05,1024.0,prototype,1.0,hdc_k1
sim_indoor_v1,test_id,pure_hdc,128,128.0,0.1,0,0.0,0,0.7232808616404308,0.6543926864051235,0.0,0.0,0.0,0.0,20500,217088,2dc1b09,,False,0,none,none,32,0.0994720458984375,hdc_k1,k16_noise,ber,0.1,1024.0,prototype,1.0,hdc_k1
sim_indoor_v1,test_id,pure_hdc,128,128.0,0.0,128,0.0,0,0.7141673570836785,0.6481447567585698,0.0,0.0,0.0,0.0,20500,217088,2dc1b09,,False,1,none,none,32,0.125,hdc_k1,k16_noise,burst,,1024.0,prototype,1.0,hdc_k1
sim_indoor_v1,test_id,pure_hdc,128,128.0,0.0,512,0.0,0,0.1375310687655344,0.11547412184161343,0.0,0.0,0.0,0.0,20500,217088,2dc1b09,,False,1,none,none,32,0.5,hdc_k1,k16_noise,burst,,1024.0,prototype,1.0,hdc_k1
sim_indoor_v1,test_id,pure_hdc,128,128.0,0.0,0,0.05,0,0.7315658657829329,0.6629419250691505,0.0,0.0,0.0,0.0,20500,217088,2dc1b09,,False,0,none,none,32,0.01776123046875,hdc_k1,k16_noise,plr,,1024.0,prototype,1.0,hdc_k1
sim_indoor_v1,test_id,pure_hdc,128,128.0,0.0,0,0.1,0,0.7232808616404308,0.6530477670132988,0.0,0.0,0.0,0.0,20500,217088,2dc1b09,,False,0,none,none,32,0.03302001953125,hdc_k1,k16_noise,plr,,1024.0,prototype,1.0,hdc_k1
sim_indoor_v1,test_id,pure_hdc,128,128.0,0.0,0,0.2,0,0.7108533554266777,0.6368519129360124,0.0,0.0,0.0,0.0,20500,217088,2dc1b09,,False,0,none,none,32,0.082305908203125,hdc_k1,k16_noise,plr,,1024.0,prototype,1.0,hdc_k1
sim_indoor_v1,test_ood,pure_hdc,128,128.0,0.0,0,0.0,0,0.6922622563496751,0.592395605939557,0.0,0.0,0.0,0.0,20500,217088,2dc1b09,,False,0,none,none,32,0.0,hdc_k1,k16_noise,ber,,1024.0,prototype,1.0,hdc_k1
sim_indoor_v1,test_ood,pure_hdc,128,128.0,0.01,0,0.0,0,0.689899586532782,0.588229678067514,0.0,0.0,0.0,0.0,20500,217088,2dc1b09,,False,0,none,none,32,0.0093841552734375,hdc_k1,k16_noise,ber,0.01,1024.0,prototype,1.0,hdc_k1
sim_indoor_v1,test_ood,pure_hdc,128,128.0,0.05,0,0.0,0,0.6857649143532192,0.5808557911742508,0.0,0.0,0.0,0.0,20500,217088,2dc1b09,,False,0,none,none,32,0.04931640625,hdc_k1,k16_noise,ber,0.05,1024.0,prototype,1.0,hdc_k1
sim_indoor_v1,test_ood,pure_hdc,128,128.0,0.1,0,0.0,0,0.6786769049025398,0.5757326343554747,0.0,0.0,0.0,0.0,20500,217088,2dc1b09,,False,0,none,none,32,0.0994720458984375,hdc_k1,k16_noise,ber,0.1,1024.0,prototype,1.0,hdc_k1
sim_indoor_v1,test_ood,pure_hdc,128,128.0,0.0,128,0.0,0,0.668044890726521,0.5678289618962268,0.0,0.0,0.0,0.0,20500,217088,2dc1b09,,False,1,none,none,32,0.125,hdc_k1,k16_noise,burst,,1024.0,prototype,1.0,hdc_k1
sim_indoor_v1,test_ood,pure_hdc,128,128.0,0.0,512,0.0,0,0.1600708800945068,0.11740588736810216,0.0,0.0,0.0,0.0,20500,217088,2dc1b09,,False,1,none,none,32,0.5,hdc_k1,k16_noise,burst,,1024.0,prototype,1.0,hdc_k1
sim_indoor_v1,test_ood,pure_hdc,128,128.0,0.0,0,0.05,0,0.6940342587123449,0.5954469557136798,0.0,0.0,0.0,0.0,20500,217088,2dc1b09,,False,0,none,none,32,0.0178375244140625,hdc_k1,k16_noise,plr,,1024.0,prototype,1.0,hdc_k1
sim_indoor_v1,test_ood,pure_hdc,128,128.0,0.0,0,0.1,0,0.6916715888954519,0.5918673413280625,0.0,0.0,0.0,0.0,20500,217088,2dc1b09,,False,0,none,none,32,0.0334930419921875,hdc_k1,k16_noise,plr,,1024.0,prototype,1.0,hdc_k1
sim_indoor_v1,test_ood,pure_hdc,128,128.0,0.0,0,0.2,0,0.6839929119905493,0.5870742952493007,0.0,0.0,0.0,0.0,20500,217088,2dc1b09,,False,0,none,none,32,0.082794189453125,hdc_k1,k16_noise,plr,,1024.0,prototype,1.0,hdc_k1
sim_indoor_v1,test_id,pure_hdc,128,128.0,0.0,0,0.0,0,0.9544324772162386,0.9278985983135135,0.0,0.0,0.0,0.0,328000,217088,2dc1b09,,False,0,none,none,32,0.0,hdc_k16,k16_noise,ber,,1024.0,prototype,16.0,hdc_k16
sim_indoor_v1,test_id,pure_hdc,128,128.0,0.01,0,0.0,0,0.9552609776304888,0.9284426586600076,0.0,0.0,0.0,0.0,328000,217088,2dc1b09,,False,0,none,none,32,0.0093841552734375,hdc_k16,k16_noise,ber,0.01,1024.0,prototype,16.0,hdc_k16
sim_indoor_v1,test_id,pure_hdc,128,128.0,0.05,0,0.0,0,0.951946975973488,0.9221336885197073,0.0,0.0,0.0,0.0,328000,217088,2dc1b09,,False,0,none,none,32,0.04931640625,hdc_k16,k16_noise,ber,0.05,1024.0,prototype,16.0,hdc_k16
sim_indoor_v1,test_id,pure_hdc,128,128.0,0.1,0,0.0,0,0.951946975973488,0.9204700116253705,0.0,0.0,0.0,0.0,328000,217088,2dc1b09,,False,0,none,none,32,0.0994720458984375,hdc_k16,k16_noise,ber,0.1,1024.0,prototype,16.0,hdc_k16
sim_indoor_v1,test_id,pure_hdc,128,128.0,0.0,128,0.0,0,0.9527754763877382,0.9234375063674376,0.0,0.0,0.0,0.0,328000,217088,2dc1b09,,False,1,none,none,32,0.125,hdc_k16,k16_noise,burst,,1024.0,prototype,16.0,hdc_k16
sim_indoor_v1,test_id,pure_hdc,128,128.0,0.0,512,0.0,0,0.13587406793703397,0.12588902751449843,0.0,0.0,0.0,0.0,328000,217088,2dc1b09,,False,1,none,none,32,0.5,hdc_k16,k16_noise,burst,,1024.0,prototype,16.0,hdc_k16
sim_indoor_v1,test_id,pure_hdc,128,128.0,0.0,0,0.05,0,0.9527754763877382,0.9232644196529011,0.0,0.0,0.0,0.0,328000,217088,2dc1b09,,False,0,none,none,32,0.01776123046875,hdc_k16,k16_noise,plr,,1024.0,prototype,16.0,hdc_k16
sim_indoor_v1,test_id,pure_hdc,128,128.0,0.0,0,0.1,0,0.9494614747307374,0.9164237688436009,0.0,0.0,0.0,0.0,328000,217088,2dc1b09,,False,0,none,none,32,0.03302001953125,hdc_k16,k16_noise,plr,,1024.0,prototype,16.0,hdc_k16
sim_indoor_v1,test_id,pure_hdc,128,128.0,0.0,0,0.2,0,0.9444904722452361,0.909370111300546,0.0,0.0,0.0,0.0,328000,217088,2dc1b09,,False,0,none,none,32,0.082305908203125,hdc_k16,k16_noise,plr,,1024.0,prototype,16.0,hdc_k16
sim_indoor_v1,test_ood,pure_hdc,128,128.0,0.0,0,0.0,0,0.8281157708210277,0.6860870661433925,0.0,0.0,0.0,0.0,328000,217088,2dc1b09,,False,0,none,none,32,0.0,hdc_k16,k16_noise,ber,,1024.0,prototype,16.0,hdc_k16
sim_indoor_v1,test_ood,pure_hdc,128,128.0,0.01,0,0.0,0,0.8281157708210277,0.687189061007661,0.0,0.0,0.0,0.0,328000,217088,2dc1b09,,False,0,none,none,32,0.0093841552734375,hdc_k16,k16_noise,ber,0.01,1024.0,prototype,16.0,hdc_k16
sim_indoor_v1,test_ood,pure_hdc,128,128.0,0.05,0,0.0,0,0.8269344359125812,0.687486529430542,0.0,0.0,0.0,0.0,328000,217088,2dc1b09,,False,0,none,none,32,0.04931640625,hdc_k16,k16_noise,ber,0.05,1024.0,prototype,16.0,hdc_k16
sim_indoor_v1,test_ood,pure_hdc,128,128.0,0.1,0,0.0,0,0.8186650915534555,0.6770448821859057,0.0,0.0,0.0,0.0,328000,217088,2dc1b09,,False,0,none,none,32,0.0994720458984375,hdc_k16,k16_noise,ber,0.1,1024.0,prototype,16.0,hdc_k16
sim_indoor_v1,test_ood,pure_hdc,128,128.0,0.0,128,0.0,0,0.8186650915534555,0.6765255736514367,0.0,0.0,0.0,0.0,328000,217088,2dc1b09,,False,1,none,none,32,0.125,hdc_k16,k16_noise,burst,,1024.0,prototype,16.0,hdc_k16
sim_indoor_v1,test_ood,pure_hdc,128,128.0,0.0,512,0.0,0,0.18901358535144713,0.1451688399646867,0.0,0.0,0.0,0.0,328000,217088,2dc1b09,,False,1,none,none,32,0.5,hdc_k16,k16_noise,burst,,1024.0,prototype,16.0,hdc_k16
sim_indoor_v1,test_ood,pure_hdc,128,128.0,0.0,0,0.05,0,0.8233904311872415,0.6791602414387964,0.0,0.0,0.0,0.0,328000,217088,2dc1b09,,False,0,none,none,32,0.0178375244140625,hdc_k16,k16_noise,plr,,1024.0,prototype,16.0,hdc_k16
sim_indoor_v1,test_ood,pure_hdc,128,128.0,0.0,0,0.1,0,0.8216184288245718,0.6780975032169911,0.0,0.0,0.0,0.0,328000,217088,2dc1b09,,False,0,none,none,32,0.0334930419921875,hdc_k16,k16_noise,plr,,1024.0,prototype,16.0,hdc_k16
sim_indoor_v1,test_ood,pure_hdc,128,128.0,0.0,0,0.2,0,0.8086237448316598,0.6662540181646601,0.0,0.0,0.0,0.0,328000,217088,2dc1b09,,False,0,none,none,32,0.082794189453125,hdc_k16,k16_noise,plr,,1024.0,prototype,16.0,hdc_k16
sim_indoor_v1,test_id,pure_hdc,128,128.0,0.0,0,0.0,0,0.9461474730737366,0.919585466533585,0.0,0.0,0.0,0.0,41000,217088,2dc1b09,,False,0,none,none,32,0.0,hdc_linear,k16_noise,ber,,1024.0,linear,1.0,hdc_linear
sim_indoor_v1,test_id,pure_hdc,128,128.0,0.01,0,0.0,0,0.9411764705882353,0.9110610628067064,0.0,0.0,0.0,0.0,41000,217088,2dc1b09,,False,0,none,none,32,0.0093841552734375,hdc_linear,k16_noise,ber,0.01,1024.0,linear,1.0,hdc_linear
sim_indoor_v1,test_id,pure_hdc,128,128.0,0.05,0,0.0,0,0.9130074565037283,0.8726431282735113,0.0,0.0,0.0,0.0,41000,217088,2dc1b09,,False,0,none,none,32,0.04931640625,hdc_linear,k16_noise,ber,0.05,1024.0,linear,1.0,hdc_linear
sim_indoor_v1,test_id,pure_hdc,128,128.0,0.1,0,0.0,0,0.8790389395194698,0.8263680931252969,0.0,0.0,0.0,0.0,41000,217088,2dc1b09,,False,0,none,none,32,0.0994720458984375,hdc_linear,k16_noise,ber,0.1,1024.0,linear,1.0,hdc_linear
sim_indoor_v1,test_id,pure_hdc,128,128.0,0.0,128,0.0,0,0.8169014084507042,0.7561966337276098,0.0,0.0,0.0,0.0,41000,217088,2dc1b09,,False,1,none,none,32,0.125,hdc_linear,k16_noise,burst,,1024.0,linear,1.0,hdc_linear
sim_indoor_v1,test_id,pure_hdc,128,128.0,0.0,512,0.0,0,0.14415907207953604,0.139465202503615,0.0,0.0,0.0,0.0,41000,217088,2dc1b09,,False,1,none,none,32,0.5,hdc_linear,k16_noise,burst,,1024.0,linear,1.0,hdc_linear
sim_indoor_v1,test_id,pure_hdc,128,128.0,0.0,0,0.05,0,0.9063794531897266,0.8638298937415773,0.0,0.0,0.0,0.0,41000,217088,2dc1b09,,False,0,none,none,32,0.01776123046875,hdc_linear,k16_noise,plr,,1024.0,linear,1.0,hdc_linear
sim_indoor_v1,test_id,pure_hdc,128,128.0,0.0,0,0.1,0,0.8682684341342171,0.8143123439211799,0.0,0.0,0.0,0.0,41000,217088,2dc1b09,,False,0,none,none,32,0.03302001953125,hdc_linear,k16_noise,plr,,1024.0,linear,1.0,hdc_linear
sim_indoor_v1,test_id,pure_hdc,128,128.0,0.0,0,0.2,0,0.7837613918806959,0.7223541182537511,0.0,0.0,0.0,0.0,41000,217088,2dc1b09,,False,0,none,none,32,0.082305908203125,hdc_linear,k16_noise,plr,,1024.0,linear,1.0,hdc_linear
sim_indoor_v1,test_ood,pure_hdc,128,128.0,0.0,0,0.0,0,0.8050797401063201,0.643807421579594,0.0,0.0,0.0,0.0,41000,217088,2dc1b09,,False,0,none,none,32,0.0,hdc_linear,k16_noise,ber,,1024.0,linear,1.0,hdc_linear
sim_indoor_v1,test_ood,pure_hdc,128,128.0,0.01,0,0.0,0,0.7956290608387477,0.6373896843358108,0.0,0.0,0.0,0.0,41000,217088,2dc1b09,,False,0,none,none,32,0.0093841552734375,hdc_linear,k16_noise,ber,0.01,1024.0,linear,1.0,hdc_linear
sim_indoor_v1,test_ood,pure_hdc,128,128.0,0.05,0,0.0,0,0.7731836975782634,0.6206442838464499,0.0,0.0,0.0,0.0,41000,217088,2dc1b09,,False,0,none,none,32,0.04931640625,hdc_linear,k16_noise,ber,0.05,1024.0,linear,1.0,hdc_linear
sim_indoor_v1,test_ood,pure_hdc,128,128.0,0.1,0,0.0,0,0.7336089781453042,0.5921257005064857,0.0,0.0,0.0,0.0,41000,217088,2dc1b09,,False,0,none,none,32,0.0994720458984375,hdc_linear,k16_noise,ber,0.1,1024.0,linear,1.0,hdc_linear
sim_indoor_v1,test_ood,pure_hdc,128,128.0,0.0,128,0.0,0,0.6969875959834613,0.5571679490429037,0.0,0.0,0.0,0.0,41000,217088,2dc1b09,,False,1,none,none,32,0.125,hdc_linear,k16_noise,burst,,1024.0,linear,1.0,hdc_linear
sim_indoor_v1,test_ood,pure_hdc,128,128.0,0.0,512,0.0,0,0.19196692262256349,0.17318990917609695,0.0,0.0,0.0,0.0,41000,217088,2dc1b09,,False,1,none,none,32,0.5,hdc_linear,k16_noise,burst,,1024.0,linear,1.0,hdc_linear
sim_indoor_v1,test_ood,pure_hdc,128,128.0,0.0,0,0.05,0,0.7838157117542823,0.6295374453316551,0.0,0.0,0.0,0.0,41000,217088,2dc1b09,,False,0,none,none,32,0.0178375244140625,hdc_linear,k16_noise,plr,,1024.0,linear,1.0,hdc_linear
sim_indoor_v1,test_ood,pure_hdc,128,128.0,0.0,0,0.1,0,0.7643236857649144,0.6177612855033268,0.0,0.0,0.0,0.0,41000,217088,2dc1b09,,False,0,none,none,32,0.0334930419921875,hdc_linear,k16_noise,plr,,1024.0,linear,1.0,hdc_linear
sim_indoor_v1,test_ood,pure_hdc,128,128.0,0.0,0,0.2,0,0.6993502658003544,0.5642180010781056,0.0,0.0,0.0,0.0,41000,217088,2dc1b09,,False,0,none,none,32,0.082794189453125,hdc_linear,k16_noise,plr,,1024.0,linear,1.0,hdc_linear
sim_indoor_v1,test_id,quantized,512,188.0,0.0,0,0.0,0,0.7473073736536868,0.6436382849372578,0.0,0.0,0.0,0.0,3620,0,2dc1b09,180.0,False,0,none,none,32,0.0,quantized,k16_noise,ber,,,,,quantized
sim_indoor_v1,test_id,quantized,512,188.0,0.01,0,0.0,0,0.5724937862468932,0.4925915627616006,0.0,0.0,0.0,0.0,3620,0,2dc1b09,180.0,False,0,none,none,32,0.009516289893617021,quantized,k16_noise,ber,0.01,,,,quantized
sim_indoor_v1,test_id,quantized,512,188.0,0.05,0,0.0,0,0.3835956917978459,0.3422772597001955,0.0,0.0,0.0,0.0,3620,0,2dc1b09,180.0,False,0,none,none,32,0.0491709607712766,quantized,k16_noise,ber,0.05,,,,quantized
sim_indoor_v1,test_id,quantized,512,188.0,0.1,0,0.0,0,0.28500414250207123,0.2569245469177458,0.0,0.0,0.0,0.0,3620,0,2dc1b09,180.0,False,0,none,none,32,0.09903798204787234,quantized,k16_noise,ber,0.1,,,,quantized
sim_indoor_v1,test_ood,quantized,512,188.0,0.0,0,0.0,0,0.7531010041346722,0.609553790350909,0.0,0.0,0.0,0.0,3620,0,2dc1b09,180.0,False,0,none,none,32,0.0,quantized,k16_noise,ber,,,,,quantized
sim_indoor_v1,test_ood,quantized,512,188.0,0.01,0,0.0,0,0.596574128765505,0.4970519131222589,0.0,0.0,0.0,0.0,3620,0,2dc1b09,180.0,False,0,none,none,32,0.009516289893617021,quantized,k16_noise,ber,0.01,,,,quantized
sim_indoor_v1,test_ood,quantized,512,188.0,0.05,0,0.0,0,0.45776727702303605,0.3870914805036934,0.0,0.0,0.0,0.0,3620,0,2dc1b09,180.0,False,0,none,none,32,0.0491709607712766,quantized,k16_noise,ber,0.05,,,,quantized
sim_indoor_v1,test_ood,quantized,512,188.0,0.1,0,0.0,0,0.36975782634376847,0.30287820393299497,0.0,0.0,0.0,0.0,3620,0,2dc1b09,180.0,False,0,none,none,32,0.09903798204787234,quantized,k16_noise,ber,0.1,,,,quantized
sim_indoor_v1,test_id,binary_hash,512,512.0,0.0,0,0.0,0,0.9154929577464789,0.8662026074723801,0.0,0.0,0.0,0.0,81940,2949120,2dc1b09,,False,0,none,none,32,0.0,binary_hash,k16_noise,ber,,4096.0,,,binary_hash
sim_indoor_v1,test_id,binary_hash,512,512.0,0.01,0,0.0,0,0.9072079536039768,0.8620044073764136,0.0,0.0,0.0,0.0,81940,2949120,2dc1b09,,False,0,none,none,32,0.00998687744140625,binary_hash,k16_noise,ber,0.01,4096.0,,,binary_hash
sim_indoor_v1,test_id,binary_hash,512,512.0,0.05,0,0.0,0,0.8806959403479702,0.8121249388020548,0.0,0.0,0.0,0.0,81940,2949120,2dc1b09,,False,0,none,none,32,0.04975128173828125,binary_hash,k16_noise,ber,0.05,4096.0,,,binary_hash
sim_indoor_v1,test_id,binary_hash,512,512.0,0.1,0,0.0,0,0.8376139188069595,0.7694947658845238,0.0,0.0,0.0,0.0,81940,2949120,2dc1b09,,False,0,none,none,32,0.09943008422851562,binary_hash,k16_noise,ber,0.1,4096.0,,,binary_hash
sim_indoor_v1,test_ood,binary_hash,512,512.0,0.0,0,0.0,0,0.6249261665682221,0.54033424196439,0.0,0.0,0.0,0.0,81940,2949120,2dc1b09,,False,0,none,none,32,0.0,binary_hash,k16_noise,ber,,4096.0,,,binary_hash
sim_indoor_v1,test_ood,binary_hash,512,512.0,0.01,0,0.0,0,0.6172474896633195,0.532923018326332,0.0,0.0,0.0,0.0,81940,2949120,2dc1b09,,False,0,none,none,32,0.00998687744140625,binary_hash,k16_noise,ber,0.01,4096.0,,,binary_hash
sim_indoor_v1,test_ood,binary_hash,512,512.0,0.05,0,0.0,0,0.603071470761961,0.5190219461157364,0.0,0.0,0.0,0.0,81940,2949120,2dc1b09,,False,0,none,none,32,0.04975128173828125,binary_hash,k16_noise,ber,0.05,4096.0,,,binary_hash
sim_indoor_v1,test_ood,binary_hash,512,512.0,0.1,0,0.0,0,0.5717660956881275,0.496456546964971,0.0,0.0,0.0,0.0,81940,2949120,2dc1b09,,False,0,none,none,32,0.09943008422851562,binary_hash,k16_noise,ber,0.1,4096.0,,,binary_hash
sim_indoor_v1,test_id,pure_hdc,512,512.0,0.0,0,0.0,0,0.7299088649544325,0.6638516578731524,0.0,0.0,0.0,0.0,81940,868352,2dc1b09,,False,0,none,none,32,0.0,hdc_k1,k16_noise,ber,,4096.0,prototype,1.0,hdc_k1
sim_indoor_v1,test_id,pure_hdc,512,512.0,0.01,0,0.0,0,0.7265948632974316,0.6599649927290191,0.0,0.0,0.0,0.0,81940,868352,2dc1b09,,False,0,none,none,32,0.00998687744140625,hdc_k1,k16_noise,ber,0.01,4096.0,prototype,1.0,hdc_k1
sim_indoor_v1,test_id,pure_hdc,512,512.0,0.05,0,0.0,0,0.724109362054681,0.6564518994283017,0.0,0.0,0.0,0.0,81940,868352,2dc1b09,,False,0,none,none,32,0.04975128173828125,hdc_k1,k16_noise,ber,0.05,4096.0,prototype,1.0,hdc_k1
sim_indoor_v1,test_id,pure_hdc,512,512.0,0.1,0,0.0,0,0.7265948632974316,0.6571465693367988,0.0,0.0,0.0,0.0,81940,868352,2dc1b09,,False,0,none,none,32,0.09943008422851562,hdc_k1,k16_noise,ber,0.1,4096.0,prototype,1.0,hdc_k1
sim_indoor_v1,test_ood,pure_hdc,512,512.0,0.0,0,0.0,0,0.7217956290608387,0.6123345363951522,0.0,0.0,0.0,0.0,81940,868352,2dc1b09,,False,0,none,none,32,0.0,hdc_k1,k16_noise,ber,,4096.0,prototype,1.0,hdc_k1
sim_indoor_v1,test_ood,pure_hdc,512,512.0,0.01,0,0.0,0,0.7241582988777319,0.6138959856995638,0.0,0.0,0.0,0.0,81940,868352,2dc1b09,,False,0,none,none,32,0.00998687744140625,hdc_k1,k16_noise,ber,0.01,4096.0,prototype,1.0,hdc_k1
sim_indoor_v1,test_ood,pure_hdc,512,512.0,0.05,0,0.0,0,0.7152982870643827,0.6047448990043189,0.0,0.0,0.0,0.0,81940,868352,2dc1b09,,False,0,none,none,32,0.04975128173828125,hdc_k1,k16_noise,ber,0.05,4096.0,prototype,1.0,hdc_k1
sim_indoor_v1,test_ood,pure_hdc,512,512.0,0.1,0,0.0,0,0.713526284701713,0.603317808133505,0.0,0.0,0.0,0.0,81940,868352,2dc1b09,,False,0,none,none,32,0.09943008422851562,hdc_k1,k16_noise,ber,0.1,4096.0,prototype,1.0,hdc_k1
sim_indoor_v1,test_id,pure_hdc,512,512.0,0.0,0,0.0,0,0.9577464788732394,0.9303367793652747,0.0,0.0,0.0,0.0,1311040,868352,2dc1b09,,False,0,none,none,32,0.0,hdc_k16,k16_noise,ber,,4096.0,prototype,16.0,hdc_k16
sim_indoor_v1,test_id,pure_hdc,512,512.0,0.01,0,0.0,0,0.9585749792874897,0.9326450371194527,0.0,0.0,0.0,0.0,1311040,868352,2dc1b09,,False,0,none,none,32,0.00998687744140625,hdc_k16,k16_noise,ber,0.01,4096.0,prototype,16.0,hdc_k16
sim_indoor_v1,test_id,pure_hdc,512,512.0,0.05,0,0.0,0,0.956089478044739,0.9275456698622035,0.0,0.0,0.0,0.0,1311040,868352,2dc1b09,,False,0,none,none,32,0.04975128173828125,hdc_k16,k16_noise,ber,0.05,4096.0,prototype,16.0,hdc_k16
sim_indoor_v1,test_id,pure_hdc,512,512.0,0.1,0,0.0,0,0.9527754763877382,0.9225326795474746,0.0,0.0,0.0,0.0,1311040,868352,2dc1b09,,False,0,none,none,32,0.09943008422851562,hdc_k16,k16_noise,ber,0.1,4096.0,prototype,16.0,hdc_k16
sim_indoor_v1,test_ood,pure_hdc,512,512.0,0.0,0,0.0,0,0.8476077968103958,0.7021949090745319,0.0,0.0,0.0,0.0,1311040,868352,2dc1b09,,False,0,none,none,32,0.0,hdc_k16,k16_noise,ber,,4096.0,prototype,16.0,hdc_k16
sim_indoor_v1,test_ood,pure_hdc,512,512.0,0.01,0,0.0,0,0.8470171293561725,0.6999725537409259,0.0,0.0,0.0,0.0,1311040,868352,2dc1b09,,False,0,none,none,32,0.00998687744140625,hdc_k16,k16_noise,ber,0.01,4096.0,prototype,16.0,hdc_k16
sim_indoor_v1,test_ood,pure_hdc,512,512.0,0.05,0,0.0,0,0.8452451269935026,0.7018706097528449,0.0,0.0,0.0,0.0,1311040,868352,2dc1b09,,False,0,none,none,32,0.04975128173828125,hdc_k16,k16_noise,ber,0.05,4096.0,prototype,16.0,hdc_k16
sim_indoor_v1,test_ood,pure_hdc,512,512.0,0.1,0,0.0,0,0.8411104548139398,0.6981362068640512,0.0,0.0,0.0,0.0,1311040,868352,2dc1b09,,False,0,none,none,32,0.09943008422851562,hdc_k16,k16_noise,ber,0.1,4096.0,prototype,16.0,hdc_k16
sim_indoor_v1,test_id,pure_hdc,512,512.0,0.0,0,0.0,0,0.9784589892294946,0.9617930178238968,0.0,0.0,0.0,0.0,163880,868352,2dc1b09,,False,0,none,none,32,0.0,hdc_linear,k16_noise,ber,,4096.0,linear,1.0,hdc_linear
sim_indoor_v1,test_id,pure_hdc,512,512.0,0.01,0,0.0,0,0.9751449875724938,0.9565722185854941,0.0,0.0,0.0,0.0,163880,868352,2dc1b09,,False,0,none,none,32,0.00998687744140625,hdc_linear,k16_noise,ber,0.01,4096.0,linear,1.0,hdc_linear
sim_indoor_v1,test_id,pure_hdc,512,512.0,0.05,0,0.0,0,0.9743164871582436,0.9559564056914243,0.0,0.0,0.0,0.0,163880,868352,2dc1b09,,False,0,none,none,32,0.04975128173828125,hdc_linear,k16_noise,ber,0.05,4096.0,linear,1.0,hdc_linear
sim_indoor_v1,test_id,pure_hdc,512,512.0,0.1,0,0.0,0,0.9577464788732394,0.9316902072464577,0.0,0.0,0.0,0.0,163880,868352,2dc1b09,,False,0,none,none,32,0.09943008422851562,hdc_linear,k16_noise,ber,0.1,4096.0,linear,1.0,hdc_linear
sim_indoor_v1,test_ood,pure_hdc,512,512.0,0.0,0,0.0,0,0.8139397519196693,0.6555033476891229,0.0,0.0,0.0,0.0,163880,868352,2dc1b09,,False,0,none,none,32,0.0,hdc_linear,k16_noise,ber,,4096.0,linear,1.0,hdc_linear
sim_indoor_v1,test_ood,pure_hdc,512,512.0,0.01,0,0.0,0,0.8163024217365623,0.6579888376598272,0.0,0.0,0.0,0.0,163880,868352,2dc1b09,,False,0,none,none,32,0.00998687744140625,hdc_linear,k16_noise,ber,0.01,4096.0,linear,1.0,hdc_linear
sim_indoor_v1,test_ood,pure_hdc,512,512.0,0.05,0,0.0,0,0.8056704075605434,0.6407843592447792,0.0,0.0,0.0,0.0,163880,868352,2dc1b09,,False,0,none,none,32,0.04975128173828125,hdc_linear,k16_noise,ber,0.05,4096.0,linear,1.0,hdc_linear
sim_indoor_v1,test_ood,pure_hdc,512,512.0,0.1,0,0.0,0,0.8038984051978736,0.6488334520615713,0.0,0.0,0.0,0.0,163880,868352,2dc1b09,,False,0,none,none,32,0.09943008422851562,hdc_linear,k16_noise,ber,0.1,4096.0,linear,1.0,hdc_linear
sim_indoor_v1,test_id,quantized,128,128.0,0.0,0,0.0,1,0.743993371996686,0.6417276583909448,0.0,0.0,0.0,0.0,2420,0,2dc1b09,120.0,False,0,none,none,32,0.0,quantized,k16_noise,ber,,,,,quantized
sim_indoor_v1,test_id,quantized,128,128.0,0.01,0,0.0,1,0.5990057995028998,0.514383922271884,0.0,0.0,0.0,0.0,2420,0,2dc1b09,120.0,False,0,none,none,32,0.0092926025390625,quantized,k16_noise,ber,0.01,,,,quantized
sim_indoor_v1,test_id,quantized,128,128.0,0.05,0,0.0,1,0.4142502071251036,0.35926785440378783,0.0,0.0,0.0,0.0,2420,0,2dc1b09,120.0,False,0,none,none,32,0.050750732421875,quantized,k16_noise,ber,0.05,,,,quantized
sim_indoor_v1,test_id,quantized,128,128.0,0.1,0,0.0,1,0.3264291632145816,0.288413789235651,0.0,0.0,0.0,0.0,2420,0,2dc1b09,120.0,False,0,none,none,32,0.1010284423828125,quantized,k16_noise,ber,0.1,,,,quantized
sim_indoor_v1,test_id,quantized,128,128.0,0.0,128,0.0,1,0.4374482187241094,0.3784266916621734,0.0,0.0,0.0,0.0,2420,0,2dc1b09,120.0,False,1,none,none,32,0.125,quantized,k16_noise,burst,,,,,quantized
sim_indoor_v1,test_id,quantized,128,128.0,0.0,512,0.0,1,0.20049710024855014,0.10710685463764127,0.0,0.0,0.0,0.0,2420,0,2dc1b09,120.0,False,1,none,none,32,0.5,quantized,k16_noise,burst,,,,,quantized
sim_indoor_v1,test_id,quantized,128,128.0,0.0,0,0.05,1,0.7149958574979287,0.6200113228086648,0.0,0.0,0.0,0.0,2420,0,2dc1b09,120.0,False,0,none,none,32,0.014617919921875,quantized,k16_noise,plr,,,,,quantized
sim_indoor_v1,test_id,quantized,128,128.0,0.0,0,0.1,1,0.6677713338856669,0.5799119431567819,0.0,0.0,0.0,0.0,2420,0,2dc1b09,120.0,False,0,none,none,32,0.034454345703125,quantized,k16_noise,plr,,,,,quantized
sim_indoor_v1,test_id,quantized,128,128.0,0.0,0,0.2,1,0.5666942833471417,0.5056672368270962,0.0,0.0,0.0,0.0,2420,0,2dc1b09,120.0,False,0,none,none,32,0.0615386962890625,quantized,k16_noise,plr,,,,,quantized
sim_indoor_v1,test_ood,quantized,128,128.0,0.0,0,0.0,1,0.7341996455995274,0.6016337567289469,0.0,0.0,0.0,0.0,2420,0,2dc1b09,120.0,False,0,none,none,32,0.0,quantized,k16_noise,ber,,,,,quantized
sim_indoor_v1,test_ood,quantized,128,128.0,0.01,0,0.0,1,0.6343768458357945,0.521439724302031,0.0,0.0,0.0,0.0,2420,0,2dc1b09,120.0,False,0,none,none,32,0.0092926025390625,quantized,k16_noise,ber,0.01,,,,quantized
sim_indoor_v1,test_ood,quantized,128,128.0,0.05,0,0.0,1,0.48080330773774366,0.3876475881904424,0.0,0.0,0.0,0.0,2420,0,2dc1b09,120.0,False,0,none,none,32,0.050750732421875,quantized,k16_noise,ber,0.05,,,,quantized
sim_indoor_v1,test_ood,quantized,128,128.0,0.1,0,0.0,1,0.40401653868871823,0.311198226677338,0.0,0.0,0.0,0.0,2420,0,2dc1b09,120.0,False,0,none,none,32,0.1010284423828125,quantized,k16_noise,ber,0.1,,,,quantized
sim_indoor_v1,test_ood,quantized,128,128.0,0.0,128,0.0,1,0.5256940342587123,0.3998886262077392,0.0,0.0,0.0,0.0,2420,0,2dc1b09,120.0,False,1,none,none,32,0.125,quantized,k16_noise,burst,,,,,quantized
sim_indoor_v1,test_ood,quantized,128,128.0,0.0,512,0.0,1,0.27879503839338454,0.12878051565392748,0.0,0.0,0.0,0.0,2420,0,2dc1b09,120.0,False,1,none,none,32,0.5,quantized,k16_noise,burst,,,,,quantized
sim_indoor_v1,test_ood,quantized,128,128.0,0.0,0,0.05,1,0.6993502658003544,0.5734274625657566,0.0,0.0,0.0,0.0,2420,0,2dc1b09,120.0,False,0,none,none,32,0.02044677734375,quantized,k16_noise,plr,,,,,quantized
sim_indoor_v1,test_ood,quantized,128,128.0,0.0,0,0.1,1,0.6585942114589486,0.5453486488709214,0.0,0.0,0.0,0.0,2420,0,2dc1b09,120.0,False,0,none,none,32,0.0479888916015625,quantized,k16_noise,plr,,,,,quantized
sim_indoor_v1,test_ood,quantized,128,128.0,0.0,0,0.2,1,0.5776727702303603,0.49140000641390236,0.0,0.0,0.0,0.0,2420,0,2dc1b09,120.0,False,0,none,none,32,0.084930419921875,quantized,k16_noise,plr,,,,,quantized
sim_indoor_v1,test_id,binary_hash,128,128.0,0.0,0,0.0,1,0.8624689312344657,0.7902003688341847,0.0,0.0,0.0,0.0,20500,737280,2dc1b09,,False,0,none,none,32,0.0,binary_hash,k16_noise,ber,,1024.0,,,binary_hash
sim_indoor_v1,test_id,binary_hash,128,128.0,0.01,0,0.0,1,0.8260149130074566,0.7536489288911111,0.0,0.0,0.0,0.0,20500,737280,2dc1b09,,False,0,none,none,32,0.0092926025390625,binary_hash,k16_noise,ber,0.01,1024.0,,,binary_hash
sim_indoor_v1,test_id,binary_hash,128,128.0,0.05,0,0.0,1,0.7348798674399337,0.6431674671331172,0.0,0.0,0.0,0.0,20500,737280,2dc1b09,,False,0,none,none,32,0.050750732421875,binary_hash,k16_noise,ber,0.05,1024.0,,,binary_hash
sim_indoor_v1,test_id,binary_hash,128,128.0,0.1,0,0.0,1,0.6677713338856669,0.5875485058505479,0.0,0.0,0.0,0.0,20500,737280,2dc1b09,,False,0,none,none,32,0.1010284423828125,binary_hash,k16_noise,ber,0.1,1024.0,,,binary_hash
sim_indoor_v1,test_id,binary_hash,128,128.0,0.0,128,0.0,1,0.6329743164871583,0.5487244086170471,0.0,0.0,0.0,0.0,20500,737280,2dc1b09,,False,1,none,none,32,0.125,binary_hash,k16_noise,burst,,1024.0,,,binary_hash
sim_indoor_v1,test_id,binary_hash,128,128.0,0.0,512,0.0,1,0.24192212096106047,0.1909683820143197,0.0,0.0,0.0,0.0,20500,737280,2dc1b09,,False,1,none,none,32,0.5,binary_hash,k16_noise,burst,,1024.0,,,binary_hash
sim_indoor_v1,test_id,binary_hash,128,128.0,0.0,0,0.05,1,0.8119304059652029,0.7289657782272503,0.0,0.0,0.0,0.0,20500,737280,2dc1b09,,False,0,none,none,32,0.01751708984375,binary_hash,k16_noise,plr,,1024.0,,,binary_hash
sim_indoor_v1,test_id,binary_hash,128,128.0,0.0,0,0.1,1,0.7738193869096934,0.6919306696610332,0.0,0.0,0.0,0.0,20500,737280,2dc1b09,,False,0,none,none,32,0.0423431396484375,binary_hash,k16_noise,plr,,1024.0,,,binary_hash
sim_indoor_v1,test_id,binary_hash,128,128.0,0.0,0,0.2,1,0.6992543496271748,0.6120295557314874,0.0,0.0,0.0,0.0,20500,737280,2dc1b09,,False,0,none,none,32,0.0746917724609375,binary_hash,k16_noise,plr,,1024.0,,,binary_hash
sim_indoor_v1,test_ood,binary_hash,128,128.0,0.0,0,0.0,1,0.5652687536916716,0.511990441045626,0.0,0.0,0.0,0.0,20500,737280,2dc1b09,,False,0,none,none,32,0.0,binary_hash,k16_noise,ber,,1024.0,,,binary_hash
sim_indoor_v1,test_ood,binary_hash,128,128.0,0.01,0,0.0,1,0.5564087418783225,0.502118870809076,0.0,0.0,0.0,0.0,20500,737280,2dc1b09,,False,0,none,none,32,0.0092926025390625,binary_hash,k16_noise,ber,0.01,1024.0,,,binary_hash
sim_indoor_v1,test_ood,binary_hash,128,128.0,0.05,0,0.0,1,0.5191966922622564,0.46717728876879827,0.0,0.0,0.0,0.0,20500,737280,2dc1b09,,False,0,none,none,32,0.050750732421875,binary_hash,k16_noise,ber,0.05,1024.0,,,binary_hash
sim_indoor_v1,test_ood,binary_hash,128,128.0,0.1,0,0.0,1,0.4949793266391022,0.454206683177274,0.0,0.0,0.0,0.0,20500,737280,2dc1b09,,False,0,none,none,32,0.1010284423828125,binary_hash,k16_noise,ber,0.1,1024.0,,,binary_hash
sim_indoor_v1,test_ood,binary_hash,128,128.0,0.0,128,0.0,1,0.4678086237448317,0.43236963433293757,0.0,0.0,0.0,0.0,20500,737280,2dc1b09,,False,1,none,none,32,0.125,binary_hash,k16_noise,burst,,1024.0,,,binary_hash
sim_indoor_v1,test_ood,binary_hash,128,128.0,0.0,512,0.0,1,0.22563496751329,0.16089419014196354,0.0,0.0,0.0,0.0,20500,737280,2dc1b09,,False,1,none,none,32,0.5,binary_hash,k16_noise,burst,,1024.0,,,binary_hash
sim_indoor_v1,test_ood,binary_hash,128,128.0,0.0,0,0.05,1,0.5463673951565269,0.4971865384206799,0.0,0.0,0.0,0.0,20500,737280,2dc1b09,,False,0,none,none,32,0.0170440673828125,binary_hash,k16_noise,plr,,1024.0,,,binary_hash
sim_indoor_v1,test_ood,binary_hash,128,128.0,0.0,0,0.1,1,0.522740696987596,0.48092877021877867,0.0,0.0,0.0,0.0,20500,737280,2dc1b09,,False,0,none,none,32,0.0422821044921875,binary_hash,k16_noise,plr,,1024.0,,,binary_hash
sim_indoor_v1,test_ood,binary_hash,128,128.0,0.0,0,0.2,1,0.48375664500886,0.44313039026915624,0.0,0.0,0.0,0.0,20500,737280,2dc1b09,,False,0,none,none,32,0.0749664306640625,binary_hash,k16_noise,plr,,1024.0,,,binary_hash
sim_indoor_v1,test_id,pure_hdc,128,128.0,0.0,0,0.0,1,0.7249378624689312,0.6547982362114971,0.0,0.0,0.0,0.0,20500,217088,2dc1b09,,False,0,none,none,32,0.0,hdc_k1,k16_noise,ber,,1024.0,prototype,1.0,hdc_k1
sim_indoor_v1,test_id,pure_hdc,128,128.0,0.01,0,0.0,1,0.7290803645401823,0.659549447877877,0.0,0.0,0.0,0.0,20500,217088,2dc1b09,,False,0,none,none,32,0.0092926025390625,hdc_k1,k16_noise,ber,0.01,1024.0,prototype,1.0,hdc_k1
sim_indoor_v1,test_id,pure_hdc,128,128.0,0.05,0,0.0,1,0.71996685998343,0.6490572587606882,0.0,0.0,0.0,0.0,20500,217088,2dc1b09,,False,0,none,none,32,0.050750732421875,hdc_k1,k16_noise,ber,0.05,1024.0,prototype,1.0,hdc_k1
sim_indoor_v1,test_id,pure_hdc,128,128.0,0.1,0,0.0,1,0.7249378624689312,0.6543094424697633,0.0,0.0,0.0,0.0,20500,217088,2dc1b09,,False,0,none,none,32,0.1010284423828125,hdc_k1,k16_noise,ber,0.1,1024.0,prototype,1.0,hdc_k1
sim_indoor_v1,test_id,pure_hdc,128,128.0,0.0,128,0.0,1,0.7249378624689312,0.6543672541666177,0.0,0.0,0.0,0.0,20500,217088,2dc1b09,,False,1,none,none,32,0.125,hdc_k1,k16_noise,burst,,1024.0,prototype,1.0,hdc_k1
sim_indoor_v1,test_id,pure_hdc,128,128.0,0.0,512,0.0,1,0.25766362883181443,0.21269054716797298,0.0,0.0,0.0,0.0,20500,217088,2dc1b09,,False,1,none,none,32,0.5,hdc_k1,k16_noise,burst,,1024.0,prototype,1.0,hdc_k1
sim_indoor_v1,test_id,pure_hdc,128,128.0,0.0,0,0.05,1,0.7265948632974316,0.6566164184195467,0.0,0.0,0.0,0.0,20500,217088,2dc1b09,,False,0,none,none,32,0.017669677734375,hdc_k1,k16_noise,plr,,1024.0,prototype,1.0,hdc_k1
sim_indoor_v1,test_id,pure_hdc,128,128.0,0.0,0,0.1,1,0.7207953603976802,0.6482247578232565,0.0,0.0,0.0,0.0,20500,217088,2dc1b09,,False,0,none,none,32,0.0432891845703125,hdc_k1,k16_noise,plr,,1024.0,prototype,1.0,hdc_k1
sim_indoor_v1,test_id,pure_hdc,128,128.0,0.0,0,0.2,1,0.7191383595691798,0.6459523645900385,0.0,0.0,0.0,0.0,20500,217088,2dc1b09,,False,0,none,none,32,0.0769805908203125,hdc_k1,k16_noise,plr,,1024.0,prototype,1.0,hdc_k1
sim_indoor_v1,test_ood,pure_hdc,128,128.0,0.0,0,0.0,1,0.6999409332545776,0.5928257345226952,0.0,0.0,0.0,0.0,20500,217088,2dc1b09,,False,0,none,none,32,0.0,hdc_k1,k16_noise,ber,,1024.0,prototype,1.0,hdc_k1
sim_indoor_v1,test_ood,pure_hdc,128,128.0,0.01,0,0.0,1,0.7023036030714708,0.5957524928266463,0.0,0.0,0.0,0.0,20500,217088,2dc1b09,,False,0,none,none,32,0.0092926025390625,hdc_k1,k16_noise,ber,0.01,1024.0,prototype,1.0,hdc_k1
sim_indoor_v1,test_ood,pure_hdc,128,128.0,0.05,0,0.0,1,0.6952155936207915,0.5892934567639199,0.0,0.0,0.0,0.0,20500,217088,2dc1b09,,False,0,none,none,32,0.050750732421875,hdc_k1,k16_noise,ber,0.05,1024.0,prototype,1.0,hdc_k1
sim_indoor_v1,test_ood,pure_hdc,128,128.0,0.1,0,0.0,1,0.6851742468989959,0.5805897679687737,0.0,0.0,0.0,0.0,20500,217088,2dc1b09,,False,0,none,none,32,0.1010284423828125,hdc_k1,k16_noise,ber,0.1,1024.0,prototype,1.0,hdc_k1
sim_indoor_v1,test_ood,pure_hdc,128,128.0,0.0,128,0.0,1,0.6875369167158889,0.5813353042425373,0.0,0.0,0.0,0.0,20500,217088,2dc1b09,,False,1,none,none,32,0.125,hdc_k1,k16_noise,burst,,1024.0,prototype,1.0,hdc_k1
sim_indoor_v1,test_ood,pure_hdc,128,128.0,0.0,512,0.0,1,0.23626698168930893,0.20854273019179836,0.0,0.0,0.0,0.0,20500,217088,2dc1b09,,False,1,none,none,32,0.5,hdc_k1,k16_noise,burst,,1024.0,prototype,1.0,hdc_k1
sim_indoor_v1,test_ood,pure_hdc,128,128.0,0.0,0,0.05,1,0.6975782634376846,0.5900335460423609,0.0,0.0,0.0,0.0,20500,217088,2dc1b09,,False,0,none,none,32,0.017608642578125,hdc_k1,k16_noise,plr,,1024.0,prototype,1.0,hdc_k1
sim_indoor_v1,test_ood,pure_hdc,128,128.0,0.0,0,0.1,1,0.6975782634376846,0.5891358536273652,0.0,0.0,0.0,0.0,20500,217088,2dc1b09,,False,0,none,none,32,0.0435791015625,hdc_k1,k16_noise,plr,,1024.0,prototype,1.0,hdc_k1
sim_indoor_v1,test_ood,pure_hdc,128,128.0,0.0,0,0.2,1,0.6881275841701122,0.5801643800366709,0.0,0.0,0.0,0.0,20500,217088,2dc1b09,,False,0,none,none,32,0.07720947265625,hdc_k1,k16_noise,plr,,1024.0,prototype,1.0,hdc_k1
sim_indoor_v1,test_id,pure_hdc,128,128.0,0.0,0,0.0,1,0.9544324772162386,0.9236555798223348,0.0,0.0,0.0,0.0,328000,217088,2dc1b09,,False,0,none,none,32,0.0,hdc_k16,k16_noise,ber,,1024.0,prototype,16.0,hdc_k16
sim_indoor_v1,test_id,pure_hdc,128,128.0,0.01,0,0.0,1,0.951946975973488,0.9188771888561327,0.0,0.0,0.0,0.0,328000,217088,2dc1b09,,False,0,none,none,32,0.0092926025390625,hdc_k16,k16_noise,ber,0.01,1024.0,prototype,16.0,hdc_k16
sim_indoor_v1,test_id,pure_hdc,128,128.0,0.05,0,0.0,1,0.9536039768019884,0.9230589735826793,0.0,0.0,0.0,0.0,328000,217088,2dc1b09,,False,0,none,none,32,0.050750732421875,hdc_k16,k16_noise,ber,0.05,1024.0,prototype,16.0,hdc_k16
sim_indoor_v1,test_id,pure_hdc,128,128.0,0.1,0,0.0,1,0.9527754763877382,0.920592788980237,0.0,0.0,0.0,0.0,328000,217088,2dc1b09,,False,0,none,none,32,0.1010284423828125,hdc_k16,k16_noise,ber,0.1,1024.0,prototype,16.0,hdc_k16
sim_indoor_v1,test_id,pure_hdc,128,128.0,0.0,128,0.0,1,0.9494614747307374,0.911287870745431,0.0,0.0,0.0,0.0,328000,217088,2dc1b09,,False,1,none,none,32,0.125,hdc_k16,k16_noise,burst,,1024.0,prototype,16.0,hdc_k16
sim_indoor_v1,test_id,pure_hdc,128,128.0,0.0,512,0.0,1,0.19221209610604806,0.17674352066166127,0.0,0.0,0.0,0.0,328000,217088,2dc1b09,,False,1,none,none,32,0.5,hdc_k16,k16_noise,burst,,1024.0,prototype,16.0,hdc_k16
sim_indoor_v1,test_id,pure_hdc,128,128.0,0.0,0,0.05,1,0.9544324772162386,0.9227799199683808,0.0,0.0,0.0,0.0,328000,217088,2dc1b09,,False,0,none,none,32,0.017669677734375,hdc_k16,k16_noise,plr,,1024.0,prototype,16.0,hdc_k16
sim_indoor_v1,test_id,pure_hdc,128,128.0,0.0,0,0.1,1,0.9527754763877382,0.9201095759578333,0.0,0.0,0.0,0.0,328000,217088,2dc1b09,,False,0,none,none,32,0.0432891845703125,hdc_k16,k16_noise,plr,,1024.0,prototype,16.0,hdc_k16
sim_indoor_v1,test_id,pure_hdc,128,128.0,0.0,0,0.2,1,0.9461474730737366,0.9117204828479573,0.0,0.0,0.0,0.0,328000,217088,2dc1b09,,False,0,none,none,32,0.0769805908203125,hdc_k16,k16_noise,plr,,1024.0,prototype,16.0,hdc_k16
sim_indoor_v1,test_ood,pure_hdc,128,128.0,0.0,0,0.0,1,0.8505611340815121,0.7048687730118413,0.0,0.0,0.0,0.0,328000,217088,2dc1b09,,False,0,none,none,32,0.0,hdc_k16,k16_noise,ber,,1024.0,prototype,16.0,hdc_k16
sim_indoor_v1,test_ood,pure_hdc,128,128.0,0.01,0,0.0,1,0.8511518015357353,0.7087889448509949,0.0,0.0,0.0,0.0,328000,217088,2dc1b09,,False,0,none,none,32,0.0092926025390625,hdc_k16,k16_noise,ber,0.01,1024.0,prototype,16.0,hdc_k16
sim_indoor_v1,test_ood,pure_hdc,128,128.0,0.05,0,0.0,1,0.8493797991730656,0.7045844562182911,0.0,0.0,0.0,0.0,328000,217088,2dc1b09,,False,0,none,none,32,0.050750732421875,hdc_k16,k16_noise,ber,0.05,1024.0,prototype,16.0,hdc_k16
sim_indoor_v1,test_ood,pure_hdc,128,128.0,0.1,0,0.0,1,0.8440637920850561,0.6966011736022572,0.0,0.0,0.0,0.0,328000,217088,2dc1b09,,False,0,none,none,32,0.1010284423828125,hdc_k16,k16_noise,ber,0.1,1024.0,prototype,16.0,hdc_k16
sim_indoor_v1,test_ood,pure_hdc,128,128.0,0.0,128,0.0,1,0.8470171293561725,0.7088493761003642,0.0,0.0,0.0,0.0,328000,217088,2dc1b09,,False,1,none,none,32,0.125,hdc_k16,k16_noise,burst,,1024.0,prototype,16.0,hdc_k16
sim_indoor_v1,test_ood,pure_hdc,128,128.0,0.0,512,0.0,1,0.20850561134081513,0.1731191703840665,0.0,0.0,0.0,0.0,328000,217088,2dc1b09,,False,1,none,none,32,0.5,hdc_k16,k16_noise,burst,,1024.0,prototype,16.0,hdc_k16
sim_indoor_v1,test_ood,pure_hdc,128,128.0,0.0,0,0.05,1,0.8505611340815121,0.7056081401643827,0.0,0.0,0.0,0.0,328000,217088,2dc1b09,,False,0,none,none,32,0.017608642578125,hdc_k16,k16_noise,plr,,1024.0,prototype,16.0,hdc_k16
sim_indoor_v1,test_ood,pure_hdc,128,128.0,0.0,0,0.1,1,0.8434731246308328,0.6978532651911548,0.0,0.0,0.0,0.0,328000,217088,2dc1b09,,False,0,none,none,32,0.0435791015625,hdc_k16,k16_noise,plr,,1024.0,prototype,16.0,hdc_k16
sim_indoor_v1,test_ood,pure_hdc,128,128.0,0.0,0,0.2,1,0.8275251033668045,0.6882521857818219,0.0,0.0,0.0,0.0,328000,217088,2dc1b09,,False,0,none,none,32,0.07720947265625,hdc_k16,k16_noise,plr,,1024.0,prototype,16.0,hdc_k16
sim_indoor_v1,test_id,pure_hdc,128,128.0,0.0,0,0.0,1,0.9502899751449876,0.9172351817909128,0.0,0.0,0.0,0.0,41000,217088,2dc1b09,,False,0,none,none,32,0.0,hdc_linear,k16_noise,ber,,1024.0,linear,1.0,hdc_linear
sim_indoor_v1,test_id,pure_hdc,128,128.0,0.01,0,0.0,1,0.9411764705882353,0.9061345551475224,0.0,0.0,0.0,0.0,41000,217088,2dc1b09,,False,0,none,none,32,0.0092926025390625,hdc_linear,k16_noise,ber,0.01,1024.0,linear,1.0,hdc_linear
sim_indoor_v1,test_id,pure_hdc,128,128.0,0.05,0,0.0,1,0.908036454018227,0.8586137715895491,0.0,0.0,0.0,0.0,41000,217088,2dc1b09,,False,0,none,none,32,0.050750732421875,hdc_linear,k16_noise,ber,0.05,1024.0,linear,1.0,hdc_linear
sim_indoor_v1,test_id,pure_hdc,128,128.0,0.1,0,0.0,1,0.8616404308202155,0.8034065853415046,0.0,0.0,0.0,0.0,41000,217088,2dc1b09,,False,0,none,none,32,0.1010284423828125,hdc_linear,k16_noise,ber,0.1,1024.0,linear,1.0,hdc_linear
sim_indoor_v1,test_id,pure_hdc,128,128.0,0.0,128,0.0,1,0.8210439105219552,0.7547516536540176,0.0,0.0,0.0,0.0,41000,217088,2dc1b09,,False,1,none,none,32,0.125,hdc_linear,k16_noise,burst,,1024.0,linear,1.0,hdc_linear
sim_indoor_v1,test_id,pure_hdc,128,128.0,0.0,512,0.0,1,0.21292460646230324,0.1945848522910482,0.0,0.0,0.0,0.0,41000,217088,2dc1b09,,False,1,none,none,32,0.5,hdc_linear,k16_noise,burst,,1024.0,linear,1.0,hdc_linear
sim_indoor_v1,test_id,pure_hdc,128,128.0,0.0,0,0.05,1,0.9212924606462303,0.8745102032116485,0.0,0.0,0.0,0.0,41000,217088,2dc1b09,,False,0,none,none,32,0.017669677734375,hdc_linear,k16_noise,plr,,1024.0,linear,1.0,hdc_linear
sim_indoor_v1,test_id,pure_hdc,128,128.0,0.0,0,0.1,1,0.8939519469759735,0.8378910655096673,0.0,0.0,0.0,0.0,41000,217088,2dc1b09,,False,0,none,none,32,0.0432891845703125,hdc_linear,k16_noise,plr,,1024.0,linear,1.0,hdc_linear
sim_indoor_v1,test_id,pure_hdc,128,128.0,0.0,0,0.2,1,0.8309859154929577,0.7645978680125035,0.0,0.0,0.0,0.0,41000,217088,2dc1b09,,False,0,none,none,32,0.0769805908203125,hdc_linear,k16_noise,plr,,1024.0,linear,1.0,hdc_linear
sim_indoor_v1,test_ood,pure_hdc,128,128.0,0.0,0,0.0,1,0.7914943886591849,0.645431107346816,0.0,0.0,0.0,0.0,41000,217088,2dc1b09,,False,0,none,none,32,0.0,hdc_linear,k16_noise,ber,,1024.0,linear,1.0,hdc_linear
sim_indoor_v1,test_ood,pure_hdc,128,128.0,0.01,0,0.0,1,0.7885410513880685,0.6412217099010304,0.0,0.0,0.0,0.0,41000,217088,2dc1b09,,False,0,none,none,32,0.0092926025390625,hdc_linear,k16_noise,ber,0.01,1024.0,linear,1.0,hdc_linear
sim_indoor_v1,test_ood,pure_hdc,128,128.0,0.05,0,0.0,1,0.7584170112226817,0.6070132237628912,0.0,0.0,0.0,0.0,41000,217088,2dc1b09,,False,0,none,none,32,0.050750732421875,hdc_linear,k16_noise,ber,0.05,1024.0,linear,1.0,hdc_linear
sim_indoor_v1,test_ood,pure_hdc,128,128.0,0.1,0,0.0,1,0.7247489663319551,0.5827986900237193,0.0,0.0,0.0,0.0,41000,217088,2dc1b09,,False,0,none,none,32,0.1010284423828125,hdc_linear,k16_noise,ber,0.1,1024.0,linear,1.0,hdc_linear
sim_indoor_v1,test_ood,pure_hdc,128,128.0,0.0,128,0.0,1,0.7164796219728293,0.5813837421669733,0.0,0.0,0.0,0.0,41000,217088,2dc1b09,,False,1,none,none,32,0.125,hdc_linear,k16_noise,burst,,1024.0,linear,1.0,hdc_linear
sim_indoor_v1,test_ood,pure_hdc,128,128.0,0.0,512,0.0,1,0.2297696396928529,0.206156257259424,0.0,0.0,0.0,0.0,41000,217088,2dc1b09,,False,1,none,none,32,0.5,hdc_linear,k16_noise,burst,,1024.0,linear,1.0,hdc_linear
sim_indoor_v1,test_ood,pure_hdc,128,128.0,0.0,0,0.05,1,0.7790903721204961,0.6386005262964245,0.0,0.0,0.0,0.0,41000,217088,2dc1b09,,False,0,none,none,32,0.017608642578125,hdc_linear,k16_noise,plr,,1024.0,linear,1.0,hdc_linear
sim_indoor_v1,test_ood,pure_hdc,128,128.0,0.0,0,0.1,1,0.761370348493798,0.62206810643982,0.0,0.0,0.0,0.0,41000,217088,2dc1b09,,False,0,none,none,32,0.0435791015625,hdc_linear,k16_noise,plr,,1024.0,linear,1.0,hdc_linear
sim_indoor_v1,test_ood,pure_hdc,128,128.0,0.0,0,0.2,1,0.7170702894270525,0.5825335266075183,0.0,0.0,0.0,0.0,41000,217088,2dc1b09,,False,0,none,none,32,0.07720947265625,hdc_linear,k16_noise,plr,,1024.0,linear,1.0,hdc_linear
sim_indoor_v1,test_id,quantized,512,188.0,0.0,0,0.0,1,0.7473073736536868,0.6436382849372578,0.0,0.0,0.0,0.0,3620,0,2dc1b09,180.0,False,0,none,none,32,0.0,quantized,k16_noise,ber,,,,,quantized
sim_indoor_v1,test_id,quantized,512,188.0,0.01,0,0.0,1,0.5608947804473903,0.4856818911422961,0.0,0.0,0.0,0.0,3620,0,2dc1b09,180.0,False,0,none,none,32,0.009734458111702128,quantized,k16_noise,ber,0.01,,,,quantized
sim_indoor_v1,test_id,quantized,512,188.0,0.05,0,0.0,1,0.38111019055509526,0.3442359264654108,0.0,0.0,0.0,0.0,3620,0,2dc1b09,180.0,False,0,none,none,32,0.05115525265957446,quantized,k16_noise,ber,0.05,,,,quantized
sim_indoor_v1,test_id,quantized,512,188.0,0.1,0,0.0,1,0.3007456503728252,0.2726640439943601,0.0,0.0,0.0,0.0,3620,0,2dc1b09,180.0,False,0,none,none,32,0.10094955119680851,quantized,k16_noise,ber,0.1,,,,quantized
sim_indoor_v1,test_ood,quantized,512,188.0,0.0,0,0.0,1,0.7531010041346722,0.609553790350909,0.0,0.0,0.0,0.0,3620,0,2dc1b09,180.0,False,0,none,none,32,0.0,quantized,k16_noise,ber,,,,,quantized
sim_indoor_v1,test_ood,quantized,512,188.0,0.01,0,0.0,1,0.607206142941524,0.5004709855307534,0.0,0.0,0.0,0.0,3620,0,2dc1b09,180.0,False,0,none,none,32,0.009734458111702128,quantized,k16_noise,ber,0.01,,,,quantized
sim_indoor_v1,test_ood,quantized,512,188.0,0.05,0,0.0,1,0.45304193738924986,0.3648141250570406,0.0,0.0,0.0,0.0,3620,0,2dc1b09,180.0,False,0,none,none,32,0.05115525265957446,quantized,k16_noise,ber,0.05,,,,quantized
sim_indoor_v1,test_ood,quantized,512,188.0,0.1,0,0.0,1,0.3691671588895452,0.28512167158346136,0.0,0.0,0.0,0.0,3620,0,2dc1b09,180.0,False,0,none,none,32,0.10094955119680851,quantized,k16_noise,ber,0.1,,,,quantized
sim_indoor_v1,test_id,binary_hash,512,512.0,0.0,0,0.0,1,0.9270919635459818,0.8840642692353267,0.0,0.0,0.0,0.0,81940,2949120,2dc1b09,,False,0,none,none,32,0.0,binary_hash,k16_noise,ber,,4096.0,,,binary_hash
sim_indoor_v1,test_id,binary_hash,512,512.0,0.01,0,0.0,1,0.9221209610604806,0.8787822664739467,0.0,0.0,0.0,0.0,81940,2949120,2dc1b09,,False,0,none,none,32,0.00989532470703125,binary_hash,k16_noise,ber,0.01,4096.0,,,binary_hash
sim_indoor_v1,test_id,binary_hash,512,512.0,0.05,0,0.0,1,0.8947804473902237,0.8469336363532658,0.0,0.0,0.0,0.0,81940,2949120,2dc1b09,,False,0,none,none,32,0.050029754638671875,binary_hash,k16_noise,ber,0.05,4096.0,,,binary_hash
sim_indoor_v1,test_id,binary_hash,512,512.0,0.1,0,0.0,1,0.844241922120961,0.7964632406807167,0.0,0.0,0.0,0.0,81940,2949120,2dc1b09,,False,0,none,none,32,0.10019302368164062,binary_hash,k16_noise,ber,0.1,4096.0,,,binary_hash
sim_indoor_v1,test_ood,binary_hash,512,512.0,0.0,0,0.0,1,0.6243354991139988,0.5479476601387901,0.0,0.0,0.0,0.0,81940,2949120,2dc1b09,,False,0,none,none,32,0.0,binary_hash,k16_noise,ber,,4096.0,,,binary_hash
sim_indoor_v1,test_ood,binary_hash,512,512.0,0.01,0,0.0,1,0.6142941523922032,0.5370935673629449,0.0,0.0,0.0,0.0,81940,2949120,2dc1b09,,False,0,none,none,32,0.00989532470703125,binary_hash,k16_noise,ber,0.01,4096.0,,,binary_hash
sim_indoor_v1,test_ood,binary_hash,512,512.0,0.05,0,0.0,1,0.6001181334908446,0.5286621660716566,0.0,0.0,0.0,0.0,81940,2949120,2dc1b09,,False,0,none,none,32,0.050029754638671875,binary_hash,k16_noise,ber,0.05,4096.0,,,binary_hash
sim_indoor_v1,test_ood,binary_hash,512,512.0,0.1,0,0.0,1,0.5711754282339043,0.5119424669062085,0.0,0.0,0.0,0.0,81940,2949120,2dc1b09,,False,0,none,none,32,0.10019302368164062,binary_hash,k16_noise,ber,0.1,4096.0,,,binary_hash
sim_indoor_v1,test_id,pure_hdc,512,512.0,0.0,0,0.0,1,0.7307373653686827,0.662479807302779,0.0,0.0,0.0,0.0,81940,868352,2dc1b09,,False,0,none,none,32,0.0,hdc_k1,k16_noise,ber,,4096.0,prototype,1.0,hdc_k1
sim_indoor_v1,test_id,pure_hdc,512,512.0,0.01,0,0.0,1,0.7299088649544325,0.6617487566461787,0.0,0.0,0.0,0.0,81940,868352,2dc1b09,,False,0,none,none,32,0.00989532470703125,hdc_k1,k16_noise,ber,0.01,4096.0,prototype,1.0,hdc_k1
sim_indoor_v1,test_id,pure_hdc,512,512.0,0.05,0,0.0,1,0.7307373653686827,0.6628814150486695,0.0,0.0,0.0,0.0,81940,868352,2dc1b09,,False,0,none,none,32,0.050029754638671875,hdc_k1,k16_noise,ber,0.05,4096.0,prototype,1.0,hdc_k1
sim_indoor_v1,test_id,pure_hdc,512,512.0,0.1,0,0.0,1,0.7290803645401823,0.660801544269159,0.0,0.0,0.0,0.0,81940,868352,2dc1b09,,False,0,none,none,32,0.10019302368164062,hdc_k1,k16_noise,ber,0.1,4096.0,prototype,1.0,hdc_k1
sim_indoor_v1,test_ood,pure_hdc,512,512.0,0.0,0,0.0,1,0.6993502658003544,0.5944698092737204,0.0,0.0,0.0,0.0,81940,868352,2dc1b09,,False,0,none,none,32,0.0,hdc_k1,k16_noise,ber,,4096.0,prototype,1.0,hdc_k1
sim_indoor_v1,test_ood,pure_hdc,512,512.0,0.01,0,0.0,1,0.7011222681630243,0.5963050651775351,0.0,0.0,0.0,0.0,81940,868352,2dc1b09,,False,0,none,none,32,0.00989532470703125,hdc_k1,k16_noise,ber,0.01,4096.0,prototype,1.0,hdc_k1
sim_indoor_v1,test_ood,pure_hdc,512,512.0,0.05,0,0.0,1,0.7028942705256941,0.5977685192201522,0.0,0.0,0.0,0.0,81940,868352,2dc1b09,,False,0,none,none,32,0.050029754638671875,hdc_k1,k16_noise,ber,0.05,4096.0,prototype,1.0,hdc_k1
sim_indoor_v1,test_ood,pure_hdc,512,512.0,0.1,0,0.0,1,0.6987595983461311,0.592451546002415,0.0,0.0,0.0,0.0,81940,868352,2dc1b09,,False,0,none,none,32,0.10019302368164062,hdc_k1,k16_noise,ber,0.1,4096.0,prototype,1.0,hdc_k1
sim_indoor_v1,test_id,pure_hdc,512,512.0,0.0,0,0.0,1,0.9635459817729909,0.9394999731976863,0.0,0.0,0.0,0.0,1311040,868352,2dc1b09,,False,0,none,none,32,0.0,hdc_k16,k16_noise,ber,,4096.0,prototype,16.0,hdc_k16
sim_indoor_v1,test_id,pure_hdc,512,512.0,0.01,0,0.0,1,0.9643744821872411,0.9404595174203415,0.0,0.0,0.0,0.0,1311040,868352,2dc1b09,,False,0,none,none,32,0.00989532470703125,hdc_k16,k16_noise,ber,0.01,4096.0,prototype,16.0,hdc_k16
sim_indoor_v1,test_id,pure_hdc,512,512.0,0.05,0,0.0,1,0.9635459817729909,0.9394385941056121,0.0,0.0,0.0,0.0,1311040,868352,2dc1b09,,False,0,none,none,32,0.050029754638671875,hdc_k16,k16_noise,ber,0.05,4096.0,prototype,16.0,hdc_k16
sim_indoor_v1,test_id,pure_hdc,512,512.0,0.1,0,0.0,1,0.9618889809444905,0.9364615458462293,0.0,0.0,0.0,0.0,1311040,868352,2dc1b09,,False,0,none,none,32,0.10019302368164062,hdc_k16,k16_noise,ber,0.1,4096.0,prototype,16.0,hdc_k16
sim_indoor_v1,test_ood,pure_hdc,512,512.0,0.0,0,0.0,1,0.8535144713526285,0.7136985797367897,0.0,0.0,0.0,0.0,1311040,868352,2dc1b09,,False,0,none,none,32,0.0,hdc_k16,k16_noise,ber,,4096.0,prototype,16.0,hdc_k16
sim_indoor_v1,test_ood,pure_hdc,512,512.0,0.01,0,0.0,1,0.8529238038984052,0.7147457349328878,0.0,0.0,0.0,0.0,1311040,868352,2dc1b09,,False,0,none,none,32,0.00989532470703125,hdc_k16,k16_noise,ber,0.01,4096.0,prototype,16.0,hdc_k16
sim_indoor_v1,test_ood,pure_hdc,512,512.0,0.05,0,0.0,1,0.8499704666272888,0.7106378108021663,0.0,0.0,0.0,0.0,1311040,868352,2dc1b09,,False,0,none,none,32,0.050029754638671875,hdc_k16,k16_noise,ber,0.05,4096.0,prototype,16.0,hdc_k16
sim_indoor_v1,test_ood,pure_hdc,512,512.0,0.1,0,0.0,1,0.8446544595392794,0.7046412392129447,0.0,0.0,0.0,0.0,1311040,868352,2dc1b09,,False,0,none,none,32,0.10019302368164062,hdc_k16,k16_noise,ber,0.1,4096.0,prototype,16.0,hdc_k16
sim_indoor_v1,test_id,pure_hdc,512,512.0,0.0,0,0.0,1,0.9726594863297432,0.9528257259389058,0.0,0.0,0.0,0.0,163880,868352,2dc1b09,,False,0,none,none,32,0.0,hdc_linear,k16_noise,ber,,4096.0,linear,1.0,hdc_linear
sim_indoor_v1,test_id,pure_hdc,512,512.0,0.01,0,0.0,1,0.9743164871582436,0.9547347972252203,0.0,0.0,0.0,0.0,163880,868352,2dc1b09,,False,0,none,none,32,0.00989532470703125,hdc_linear,k16_noise,ber,0.01,4096.0,linear,1.0,hdc_linear
sim_indoor_v1,test_id,pure_hdc,512,512.0,0.05,0,0.0,1,0.9652029826014913,0.937793685387504,0.0,0.0,0.0,0.0,163880,868352,2dc1b09,,False,0,none,none,32,0.050029754638671875,hdc_linear,k16_noise,ber,0.05,4096.0,linear,1.0,hdc_linear
sim_indoor_v1,test_id,pure_hdc,512,512.0,0.1,0,0.0,1,0.9544324772162386,0.9219298982777477,0.0,0.0,0.0,0.0,163880,868352,2dc1b09,,False,0,none,none,32,0.10019302368164062,hdc_linear,k16_noise,ber,0.1,4096.0,linear,1.0,hdc_linear
sim_indoor_v1,test_ood,pure_hdc,512,512.0,0.0,0,0.0,1,0.8180744240992321,0.6618593166778514,0.0,0.0,0.0,0.0,163880,868352,2dc1b09,,False,0,none,none,32,0.0,hdc_linear,k16_noise,ber,,4096.0,linear,1.0,hdc_linear
sim_indoor_v1,test_ood,pure_hdc,512,512.0,0.01,0,0.0,1,0.8151210868281158,0.6604748017244132,0.0,0.0,0.0,0.0,163880,868352,2dc1b09,,False,0,none,none,32,0.00989532470703125,hdc_linear,k16_noise,ber,0.01,4096.0,linear,1.0,hdc_linear
sim_indoor_v1,test_ood,pure_hdc,512,512.0,0.05,0,0.0,1,0.8074424099232133,0.6542232600334067,0.0,0.0,0.0,0.0,163880,868352,2dc1b09,,False,0,none,none,32,0.050029754638671875,hdc_linear,k16_noise,ber,0.05,4096.0,linear,1.0,hdc_linear
sim_indoor_v1,test_ood,pure_hdc,512,512.0,0.1,0,0.0,1,0.796219728292971,0.6438524532591865,0.0,0.0,0.0,0.0,163880,868352,2dc1b09,,False,0,none,none,32,0.10019302368164062,hdc_linear,k16_noise,ber,0.1,4096.0,linear,1.0,hdc_linear
sim_indoor_v1,test_id,quantized,128,128.0,0.0,0,0.0,2,0.743993371996686,0.6417276583909448,0.0,0.0,0.0,0.0,2420,0,2dc1b09,120.0,False,0,none,none,32,0.0,quantized,k16_noise,ber,,,,,quantized
sim_indoor_v1,test_id,quantized,128,128.0,0.01,0,0.0,2,0.5898922949461475,0.5053252334746716,0.0,0.0,0.0,0.0,2420,0,2dc1b09,120.0,False,0,none,none,32,0.009735107421875,quantized,k16_noise,ber,0.01,,,,quantized
sim_indoor_v1,test_id,quantized,128,128.0,0.05,0,0.0,2,0.4076222038111019,0.36235810085658404,0.0,0.0,0.0,0.0,2420,0,2dc1b09,120.0,False,0,none,none,32,0.0500030517578125,quantized,k16_noise,ber,0.05,,,,quantized
sim_indoor_v1,test_id,quantized,128,128.0,0.1,0,0.0,2,0.3032311516155758,0.2688398846950765,0.0,0.0,0.0,0.0,2420,0,2dc1b09,120.0,False,0,none,none,32,0.1000518798828125,quantized,k16_noise,ber,0.1,,,,quantized
sim_indoor_v1,test_id,quantized,128,128.0,0.0,128,0.0,2,0.4498757249378625,0.37506752328377313,0.0,0.0,0.0,0.0,2420,0,2dc1b09,120.0,False,1,none,none,32,0.125,quantized,k16_noise,burst,,,,,quantized
sim_indoor_v1,test_id,quantized,128,128.0,0.0,512,0.0,2,0.1996685998342999,0.10887386322318186,0.0,0.0,0.0,0.0,2420,0,2dc1b09,120.0,False,1,none,none,32,0.5,quantized,k16_noise,burst,,,,,quantized
sim_indoor_v1,test_id,quantized,128,128.0,0.0,0,0.05,2,0.7075393537696769,0.6128808970631339,0.0,0.0,0.0,0.0,2420,0,2dc1b09,120.0,False,0,none,none,32,0.0145263671875,quantized,k16_noise,plr,,,,,quantized
sim_indoor_v1,test_id,quantized,128,128.0,0.0,0,0.1,2,0.647887323943662,0.5652994658261802,0.0,0.0,0.0,0.0,2420,0,2dc1b09,120.0,False,0,none,none,32,0.046722412109375,quantized,k16_noise,plr,,,,,quantized
sim_indoor_v1,test_id,quantized,128,128.0,0.0,0,0.2,2,0.56006628003314,0.49439580300259306,0.0,0.0,0.0,0.0,2420,0,2dc1b09,120.0,False,0,none,none,32,0.0760498046875,quantized,k16_noise,plr,,,,,quantized
sim_indoor_v1,test_ood,quantized,128,128.0,0.0,0,0.0,2,0.7341996455995274,0.6016337567289469,0.0,0.0,0.0,0.0,2420,0,2dc1b09,120.0,False,0,none,none,32,0.0,quantized,k16_noise,ber,,,,,quantized
sim_indoor_v1,test_ood,quantized,128,128.0,0.01,0,0.0,2,0.6261075014766686,0.5137004412230352,0.0,0.0,0.0,0.0,2420,0,2dc1b09,120.0,False,0,none,none,32,0.009735107421875,quantized,k16_noise,ber,0.01,,,,quantized
sim_indoor_v1,test_ood,quantized,128,128.0,0.05,0,0.0,2,0.4884819846426462,0.39676788637890326,0.0,0.0,0.0,0.0,2420,0,2dc1b09,120.0,False,0,none,none,32,0.0500030517578125,quantized,k16_noise,ber,0.05,,,,quantized
sim_indoor_v1,test_ood,quantized,128,128.0,0.1,0,0.0,2,0.3922031896042528,0.30786005465410204,0.0,0.0,0.0,0.0,2420,0,2dc1b09,120.0,False,0,none,none,32,0.1000518798828125,quantized,k16_noise,ber,0.1,,,,quantized
sim_indoor_v1,test_ood,quantized,128,128.0,0.0,128,0.0,2,0.5191966922622564,0.4058147440588592,0.0,0.0,0.0,0.0,2420,0,2dc1b09,120.0,False,1,none,none,32,0.125,quantized,k16_noise,burst,,,,,quantized
sim_indoor_v1,test_ood,quantized,128,128.0,0.0,512,0.0,2,0.2793857058476078,0.12859588376648706,0.0,0.0,0.0,0.0,2420,0,2dc1b09,120.0,False,1,none,none,32,0.5,quantized,k16_noise,burst,,,,,quantized
sim_indoor_v1,test_ood,quantized,128,128.0,0.0,0,0.05,2,0.7052569403425871,0.5835562115128724,0.0,0.0,0.0,0.0,2420,0,2dc1b09,120.0,False,0,none,none,32,0.016937255859375,quantized,k16_noise,plr,,,,,quantized
sim_indoor_v1,test_ood,quantized,128,128.0,0.0,0,0.1,2,0.6692262256349675,0.5611297737064664,0.0,0.0,0.0,0.0,2420,0,2dc1b09,120.0,False,0,none,none,32,0.061370849609375,quantized,k16_noise,plr,,,,,quantized
sim_indoor_v1,test_ood,quantized,128,128.0,0.0,0,0.2,2,0.5894861193148258,0.5056448538470926,0.0,0.0,0.0,0.0,2420,0,2dc1b09,120.0,False,0,none,none,32,0.1089935302734375,quantized,k16_noise,plr,,,,,quantized
sim_indoor_v1,test_id,binary_hash,128,128.0,0.0,0,0.0,2,0.8641259320629661,0.792292318851233,0.0,0.0,0.0,0.0,20500,737280,2dc1b09,,False,0,none,none,32,0.0,binary_hash,k16_noise,ber,,1024.0,,,binary_hash
sim_indoor_v1,test_id,binary_hash,128,128.0,0.01,0,0.0,2,0.8293289146644574,0.7526270557237544,0.0,0.0,0.0,0.0,20500,737280,2dc1b09,,False,0,none,none,32,0.009735107421875,binary_hash,k16_noise,ber,0.01,1024.0,,,binary_hash
sim_indoor_v1,test_id,binary_hash,128,128.0,0.05,0,0.0,2,0.7589063794531897,0.6699983548929178,0.0,0.0,0.0,0.0,20500,737280,2dc1b09,,False,0,none,none,32,0.0500030517578125,binary_hash,k16_noise,ber,0.05,1024.0,,,binary_hash
sim_indoor_v1,test_id,binary_hash,128,128.0,0.1,0,0.0,2,0.6851698425849213,0.6002422049259832,0.0,0.0,0.0,0.0,20500,737280,2dc1b09,,False,0,none,none,32,0.1000518798828125,binary_hash,k16_noise,ber,0.1,1024.0,,,binary_hash
sim_indoor_v1,test_id,binary_hash,128,128.0,0.0,128,0.0,2,0.6371168185584093,0.5516265266026732,0.0,0.0,0.0,0.0,20500,737280,2dc1b09,,False,1,none,none,32,0.125,binary_hash,k16_noise,burst,,1024.0,,,binary_hash
sim_indoor_v1,test_id,binary_hash,128,128.0,0.0,512,0.0,2,0.16901408450704225,0.15839568500423556,0.0,0.0,0.0,0.0,20500,737280,2dc1b09,,False,1,none,none,32,0.5,binary_hash,k16_noise,burst,,1024.0,,,binary_hash
sim_indoor_v1,test_id,binary_hash,128,128.0,0.0,0,0.05,2,0.816072908036454,0.7385544294682257,0.0,0.0,0.0,0.0,20500,737280,2dc1b09,,False,0,none,none,32,0.0172882080078125,binary_hash,k16_noise,plr,,1024.0,,,binary_hash
sim_indoor_v1,test_id,binary_hash,128,128.0,0.0,0,0.1,2,0.7555923777961889,0.6733223506340507,0.0,0.0,0.0,0.0,20500,737280,2dc1b09,,False,0,none,none,32,0.056549072265625,binary_hash,k16_noise,plr,,1024.0,,,binary_hash
sim_indoor_v1,test_id,binary_hash,128,128.0,0.0,0,0.2,2,0.6437448218724109,0.5779735624412397,0.0,0.0,0.0,0.0,20500,737280,2dc1b09,,False,0,none,none,32,0.0951080322265625,binary_hash,k16_noise,plr,,1024.0,,,binary_hash
sim_indoor_v1,test_ood,binary_hash,128,128.0,0.0,0,0.0,2,0.5977554636739516,0.5207732383732556,0.0,0.0,0.0,0.0,20500,737280,2dc1b09,,False,0,none,none,32,0.0,binary_hash,k16_noise,ber,,1024.0,,,binary_hash
sim_indoor_v1,test_ood,binary_hash,128,128.0,0.01,0,0.0,2,0.5942114589486119,0.5234350216932109,0.0,0.0,0.0,0.0,20500,737280,2dc1b09,,False,0,none,none,32,0.009735107421875,binary_hash,k16_noise,ber,0.01,1024.0,,,binary_hash
sim_indoor_v1,test_ood,binary_hash,128,128.0,0.05,0,0.0,2,0.5516834022445364,0.48253650396759784,0.0,0.0,0.0,0.0,20500,737280,2dc1b09,,False,0,none,none,32,0.0500030517578125,binary_hash,k16_noise,ber,0.05,1024.0,,,binary_hash
sim_indoor_v1,test_ood,binary_hash,128,128.0,0.1,0,0.0,2,0.5115180153573539,0.4608561099997603,0.0,0.0,0.0,0.0,20500,737280,2dc1b09,,False,0,none,none,32,0.1000518798828125,binary_hash,k16_noise,ber,0.1,1024.0,,,binary_hash
sim_indoor_v1,test_ood,binary_hash,128,128.0,0.0,128,0.0,2,0.5144713526284702,0.4691269886974547,0.0,0.0,0.0,0.0,20500,737280,2dc1b09,,False,1,none,none,32,0.125,binary_hash,k16_noise,burst,,1024.0,,,binary_hash
sim_indoor_v1,test_ood,binary_hash,128,128.0,0.0,512,0.0,2,0.2043709391612522,0.15899439703088392,0.0,0.0,0.0,0.0,20500,737280,2dc1b09,,False,1,none,none,32,0.5,binary_hash,k16_noise,burst,,1024.0,,,binary_hash
sim_indoor_v1,test_ood,binary_hash,128,128.0,0.0,0,0.05,2,0.5694034258712345,0.5013129973030702,0.0,0.0,0.0,0.0,20500,737280,2dc1b09,,False,0,none,none,32,0.017547607421875,binary_hash,k16_noise,plr,,1024.0,,,binary_hash
sim_indoor_v1,test_ood,binary_hash,128,128.0,0.0,0,0.1,2,0.5333727111636148,0.47283546187523157,0.0,0.0,0.0,0.0,20500,737280,2dc1b09,,False,0,none,none,32,0.0557098388671875,binary_hash,k16_noise,plr,,1024.0,,,binary_hash
sim_indoor_v1,test_ood,binary_hash,128,128.0,0.0,0,0.2,2,0.4654459539279386,0.4344606610585747,0.0,0.0,0.0,0.0,20500,737280,2dc1b09,,False,0,none,none,32,0.093841552734375,binary_hash,k16_noise,plr,,1024.0,,,binary_hash
sim_indoor_v1,test_id,pure_hdc,128,128.0,0.0,0,0.0,2,0.7299088649544325,0.6580900876489179,0.0,0.0,0.0,0.0,20500,217088,2dc1b09,,False,0,none,none,32,0.0,hdc_k1,k16_noise,ber,,1024.0,prototype,1.0,hdc_k1
sim_indoor_v1,test_id,pure_hdc,128,128.0,0.01,0,0.0,2,0.7274233637116818,0.6559170970029575,0.0,0.0,0.0,0.0,20500,217088,2dc1b09,,False,0,none,none,32,0.009735107421875,hdc_k1,k16_noise,ber,0.01,1024.0,prototype,1.0,hdc_k1
sim_indoor_v1,test_id,pure_hdc,128,128.0,0.05,0,0.0,2,0.7249378624689312,0.6510330448805426,0.0,0.0,0.0,0.0,20500,217088,2dc1b09,,False,0,none,none,32,0.0500030517578125,hdc_k1,k16_noise,ber,0.05,1024.0,prototype,1.0,hdc_k1
sim_indoor_v1,test_id,pure_hdc,128,128.0,0.1,0,0.0,2,0.7108533554266777,0.6388591872853202,0.0,0.0,0.0,0.0,20500,217088,2dc1b09,,False,0,none,none,32,0.1000518798828125,hdc_k1,k16_noise,ber,0.1,1024.0,prototype,1.0,hdc_k1
sim_indoor_v1,test_id,pure_hdc,128,128.0,0.0,128,0.0,2,0.7058823529411765,0.6331803851792139,0.0,0.0,0.0,0.0,20500,217088,2dc1b09,,False,1,none,none,32,0.125,hdc_k1,k16_noise,burst,,1024.0,prototype,1.0,hdc_k1
sim_indoor_v1,test_id,pure_hdc,128,128.0,0.0,512,0.0,2,0.1996685998342999,0.17097654242641752,0.0,0.0,0.0,0.0,20500,217088,2dc1b09,,False,1,none,none,32,0.5,hdc_k1,k16_noise,burst,,1024.0,prototype,1.0,hdc_k1
sim_indoor_v1,test_id,pure_hdc,128,128.0,0.0,0,0.05,2,0.7290803645401823,0.6535925845266333,0.0,0.0,0.0,0.0,20500,217088,2dc1b09,,False,0,none,none,32,0.0175628662109375,hdc_k1,k16_noise,plr,,1024.0,prototype,1.0,hdc_k1
sim_indoor_v1,test_id,pure_hdc,128,128.0,0.0,0,0.1,2,0.7249378624689312,0.6482492351503206,0.0,0.0,0.0,0.0,20500,217088,2dc1b09,,False,0,none,none,32,0.0584716796875,hdc_k1,k16_noise,plr,,1024.0,prototype,1.0,hdc_k1
sim_indoor_v1,test_id,pure_hdc,128,128.0,0.0,0,0.2,2,0.71996685998343,0.6369268942390605,0.0,0.0,0.0,0.0,20500,217088,2dc1b09,,False,0,none,none,32,0.100372314453125,hdc_k1,k16_noise,plr,,1024.0,prototype,1.0,hdc_k1
sim_indoor_v1,test_ood,pure_hdc,128,128.0,0.0,0,0.0,2,0.7046662728883638,0.5906111442520425,0.0,0.0,0.0,0.0,20500,217088,2dc1b09,,False,0,none,none,32,0.0,hdc_k1,k16_noise,ber,,1024.0,prototype,1.0,hdc_k1
sim_indoor_v1,test_ood,pure_hdc,128,128.0,0.01,0,0.0,2,0.7005316007088009,0.5859878796751739,0.0,0.0,0.0,0.0,20500,217088,2dc1b09,,False,0,none,none,32,0.009735107421875,hdc_k1,k16_noise,ber,0.01,1024.0,prototype,1.0,hdc_k1
sim_indoor_v1,test_ood,pure_hdc,128,128.0,0.05,0,0.0,2,0.6922622563496751,0.5830360690014003,0.0,0.0,0.0,0.0,20500,217088,2dc1b09,,False,0,none,none,32,0.0500030517578125,hdc_k1,k16_noise,ber,0.05,1024.0,prototype,1.0,hdc_k1
sim_indoor_v1,test_ood,pure_hdc,128,128.0,0.1,0,0.0,2,0.681039574719433,0.5730975230916278,0.0,0.0,0.0,0.0,20500,217088,2dc1b09,,False,0,none,none,32,0.1000518798828125,hdc_k1,k16_noise,ber,0.1,1024.0,prototype,1.0,hdc_k1
sim_indoor_v1,test_ood,pure_hdc,128,128.0,0.0,128,0.0,2,0.6798582398109864,0.568341690767228,0.0,0.0,0.0,0.0,20500,217088,2dc1b09,,False,1,none,none,32,0.125,hdc_k1,k16_noise,burst,,1024.0,prototype,1.0,hdc_k1
sim_indoor_v1,test_ood,pure_hdc,128,128.0,0.0,512,0.0,2,0.1878322504430006,0.15457481125176487,0.0,0.0,0.0,0.0,20500,217088,2dc1b09,,False,1,none,none,32,0.5,hdc_k1,k16_noise,burst,,1024.0,prototype,1.0,hdc_k1
sim_indoor_v1,test_ood,pure_hdc,128,128.0,0.0,0,0.05,2,0.7046662728883638,0.5862988644497542,0.0,0.0,0.0,0.0,20500,217088,2dc1b09,,False,0,none,none,32,0.0180816650390625,hdc_k1,k16_noise,plr,,1024.0,prototype,1.0,hdc_k1
sim_indoor_v1,test_ood,pure_hdc,128,128.0,0.0,0,0.1,2,0.7088009450679268,0.5892913578620789,0.0,0.0,0.0,0.0,20500,217088,2dc1b09,,False,0,none,none,32,0.0596466064453125,hdc_k1,k16_noise,plr,,1024.0,prototype,1.0,hdc_k1
sim_indoor_v1,test_ood,pure_hdc,128,128.0,0.0,0,0.2,2,0.6987595983461311,0.5737380486053538,0.0,0.0,0.0,0.0,20500,217088,2dc1b09,,False,0,none,none,32,0.10260009765625,hdc_k1,k16_noise,plr,,1024.0,prototype,1.0,hdc_k1
sim_indoor_v1,test_id,pure_hdc,128,128.0,0.0,0,0.0,2,0.9511184755592378,0.9176879347849665,0.0,0.0,0.0,0.0,328000,217088,2dc1b09,,False,0,none,none,32,0.0,hdc_k16,k16_noise,ber,,1024.0,prototype,16.0,hdc_k16
sim_indoor_v1,test_id,pure_hdc,128,128.0,0.01,0,0.0,2,0.9527754763877382,0.9196758774205007,0.0,0.0,0.0,0.0,328000,217088,2dc1b09,,False,0,none,none,32,0.009735107421875,hdc_k16,k16_noise,ber,0.01,1024.0,prototype,16.0,hdc_k16
sim_indoor_v1,test_id,pure_hdc,128,128.0,0.05,0,0.0,2,0.9502899751449876,0.9155901721494815,0.0,0.0,0.0,0.0,328000,217088,2dc1b09,,False,0,none,none,32,0.0500030517578125,hdc_k16,k16_noise,ber,0.05,1024.0,prototype,16.0,hdc_k16
sim_indoor_v1,test_id,pure_hdc,128,128.0,0.1,0,0.0,2,0.9502899751449876,0.9143459977497643,0.0,0.0,0.0,0.0,328000,217088,2dc1b09,,False,0,none,none,32,0.1000518798828125,hdc_k16,k16_noise,ber,0.1,1024.0,prototype,16.0,hdc_k16
sim_indoor_v1,test_id,pure_hdc,128,128.0,0.0,128,0.0,2,0.9502899751449876,0.913176934576233,0.0,0.0,0.0,0.0,328000,217088,2dc1b09,,False,1,none,none,32,0.125,hdc_k16,k16_noise,burst,,1024.0,prototype,16.0,hdc_k16
sim_indoor_v1,test_id,pure_hdc,128,128.0,0.0,512,0.0,2,0.14747307373653687,0.13140832479297065,0.0,0.0,0.0,0.0,328000,217088,2dc1b09,,False,1,none,none,32,0.5,hdc_k16,k16_noise,burst,,1024.0,prototype,16.0,hdc_k16
sim_indoor_v1,test_id,pure_hdc,128,128.0,0.0,0,0.05,2,0.9494614747307374,0.9141760453267395,0.0,0.0,0.0,0.0,328000,217088,2dc1b09,,False,0,none,none,32,0.0175628662109375,hdc_k16,k16_noise,plr,,1024.0,prototype,16.0,hdc_k16
sim_indoor_v1,test_id,pure_hdc,128,128.0,0.0,0,0.1,2,0.9461474730737366,0.907946033007249,0.0,0.0,0.0,0.0,328000,217088,2dc1b09,,False,0,none,none,32,0.0584716796875,hdc_k16,k16_noise,plr,,1024.0,prototype,16.0,hdc_k16
sim_indoor_v1,test_id,pure_hdc,128,128.0,0.0,0,0.2,2,0.9469759734879868,0.9088303419903623,0.0,0.0,0.0,0.0,328000,217088,2dc1b09,,False,0,none,none,32,0.100372314453125,hdc_k16,k16_noise,plr,,1024.0,prototype,16.0,hdc_k16
sim_indoor_v1,test_ood,pure_hdc,128,128.0,0.0,0,0.0,2,0.8428824571766096,0.7082699519943823,0.0,0.0,0.0,0.0,328000,217088,2dc1b09,,False,0,none,none,32,0.0,hdc_k16,k16_noise,ber,,1024.0,prototype,16.0,hdc_k16
sim_indoor_v1,test_ood,pure_hdc,128,128.0,0.01,0,0.0,2,0.8422917897223863,0.7063717181684008,0.0,0.0,0.0,0.0,328000,217088,2dc1b09,,False,0,none,none,32,0.009735107421875,hdc_k16,k16_noise,ber,0.01,1024.0,prototype,16.0,hdc_k16
sim_indoor_v1,test_ood,pure_hdc,128,128.0,0.05,0,0.0,2,0.8357944477259303,0.7004614435325519,0.0,0.0,0.0,0.0,328000,217088,2dc1b09,,False,0,none,none,32,0.0500030517578125,hdc_k16,k16_noise,ber,0.05,1024.0,prototype,16.0,hdc_k16
sim_indoor_v1,test_ood,pure_hdc,128,128.0,0.1,0,0.0,2,0.8387477849970466,0.7031170617717023,0.0,0.0,0.0,0.0,328000,217088,2dc1b09,,False,0,none,none,32,0.1000518798828125,hdc_k16,k16_noise,ber,0.1,1024.0,prototype,16.0,hdc_k16
sim_indoor_v1,test_ood,pure_hdc,128,128.0,0.0,128,0.0,2,0.8387477849970466,0.7038296860379994,0.0,0.0,0.0,0.0,328000,217088,2dc1b09,,False,1,none,none,32,0.125,hdc_k16,k16_noise,burst,,1024.0,prototype,16.0,hdc_k16
sim_indoor_v1,test_ood,pure_hdc,128,128.0,0.0,512,0.0,2,0.1748375664500886,0.1293258196241532,0.0,0.0,0.0,0.0,328000,217088,2dc1b09,,False,1,none,none,32,0.5,hdc_k16,k16_noise,burst,,1024.0,prototype,16.0,hdc_k16
sim_indoor_v1,test_ood,pure_hdc,128,128.0,0.0,0,0.05,2,0.8411104548139398,0.7084211389040476,0.0,0.0,0.0,0.0,328000,217088,2dc1b09,,False,0,none,none,32,0.0180816650390625,hdc_k16,k16_noise,plr,,1024.0,prototype,16.0,hdc_k16
sim_indoor_v1,test_ood,pure_hdc,128,128.0,0.0,0,0.1,2,0.8417011222681631,0.7089993560637744,0.0,0.0,0.0,0.0,328000,217088,2dc1b09,,False,0,none,none,32,0.0596466064453125,hdc_k16,k16_noise,plr,,1024.0,prototype,16.0,hdc_k16
sim_indoor_v1,test_ood,pure_hdc,128,128.0,0.0,0,0.2,2,0.8393384524512699,0.7078740744696486,0.0,0.0,0.0,0.0,328000,217088,2dc1b09,,False,0,none,none,32,0.10260009765625,hdc_k16,k16_noise,plr,,1024.0,prototype,16.0,hdc_k16
sim_indoor_v1,test_id,pure_hdc,128,128.0,0.0,0,0.0,2,0.9395194697597349,0.9036546373410191,0.0,0.0,0.0,0.0,41000,217088,2dc1b09,,False,0,none,none,32,0.0,hdc_linear,k16_noise,ber,,1024.0,linear,1.0,hdc_linear
sim_indoor_v1,test_id,pure_hdc,128,128.0,0.01,0,0.0,2,0.9370339685169843,0.9032848019654669,0.0,0.0,0.0,0.0,41000,217088,2dc1b09,,False,0,none,none,32,0.009735107421875,hdc_linear,k16_noise,ber,0.01,1024.0,linear,1.0,hdc_linear
sim_indoor_v1,test_id,pure_hdc,128,128.0,0.05,0,0.0,2,0.9047224523612262,0.8569329974469685,0.0,0.0,0.0,0.0,41000,217088,2dc1b09,,False,0,none,none,32,0.0500030517578125,hdc_linear,k16_noise,ber,0.05,1024.0,linear,1.0,hdc_linear
sim_indoor_v1,test_id,pure_hdc,128,128.0,0.1,0,0.0,2,0.8417564208782105,0.7737365774401201,0.0,0.0,0.0,0.0,41000,217088,2dc1b09,,False,0,none,none,32,0.1000518798828125,hdc_linear,k16_noise,ber,0.1,1024.0,linear,1.0,hdc_linear
sim_indoor_v1,test_id,pure_hdc,128,128.0,0.0,128,0.0,2,0.8425849212924607,0.7759085245031662,0.0,0.0,0.0,0.0,41000,217088,2dc1b09,,False,1,none,none,32,0.125,hdc_linear,k16_noise,burst,,1024.0,linear,1.0,hdc_linear
sim_indoor_v1,test_id,pure_hdc,128,128.0,0.0,512,0.0,2,0.1632145816072908,0.1470848523438188,0.0,0.0,0.0,0.0,41000,217088,2dc1b09,,False,1,none,none,32,0.5,hdc_linear,k16_noise,burst,,1024.0,linear,1.0,hdc_linear
sim_indoor_v1,test_id,pure_hdc,128,128.0,0.0,0,0.05,2,0.9312344656172328,0.8932437947305338,0.0,0.0,0.0,0.0,41000,217088,2dc1b09,,False,0,none,none,32,0.0175628662109375,hdc_linear,k16_noise,plr,,1024.0,linear,1.0,hdc_linear
sim_indoor_v1,test_id,pure_hdc,128,128.0,0.0,0,0.1,2,0.9130074565037283,0.8683311259348152,0.0,0.0,0.0,0.0,41000,217088,2dc1b09,,False,0,none,none,32,0.0584716796875,hdc_linear,k16_noise,plr,,1024.0,linear,1.0,hdc_linear
sim_indoor_v1,test_id,pure_hdc,128,128.0,0.0,0,0.2,2,0.8782104391052196,0.8153196637068658,0.0,0.0,0.0,0.0,41000,217088,2dc1b09,,False,0,none,none,32,0.100372314453125,hdc_linear,k16_noise,plr,,1024.0,linear,1.0,hdc_linear
sim_indoor_v1,test_ood,pure_hdc,128,128.0,0.0,0,0.0,2,0.7844063792085056,0.6232231086885558,0.0,0.0,0.0,0.0,41000,217088,2dc1b09,,False,0,none,none,32,0.0,hdc_linear,k16_noise,ber,,1024.0,linear,1.0,hdc_linear
sim_indoor_v1,test_ood,pure_hdc,128,128.0,0.01,0,0.0,2,0.787359716479622,0.6310017043263574,0.0,0.0,0.0,0.0,41000,217088,2dc1b09,,False,0,none,none,32,0.009735107421875,hdc_linear,k16_noise,ber,0.01,1024.0,linear,1.0,hdc_linear
sim_indoor_v1,test_ood,pure_hdc,128,128.0,0.05,0,0.0,2,0.7660956881275842,0.614401071069129,0.0,0.0,0.0,0.0,41000,217088,2dc1b09,,False,0,none,none,32,0.0500030517578125,hdc_linear,k16_noise,ber,0.05,1024.0,linear,1.0,hdc_linear
sim_indoor_v1,test_ood,pure_hdc,128,128.0,0.1,0,0.0,2,0.7347903130537508,0.5861860337636191,0.0,0.0,0.0,0.0,41000,217088,2dc1b09,,False,0,none,none,32,0.1000518798828125,hdc_linear,k16_noise,ber,0.1,1024.0,linear,1.0,hdc_linear
sim_indoor_v1,test_ood,pure_hdc,128,128.0,0.0,128,0.0,2,0.7170702894270525,0.5623463689681885,0.0,0.0,0.0,0.0,41000,217088,2dc1b09,,False,1,none,none,32,0.125,hdc_linear,k16_noise,burst,,1024.0,linear,1.0,hdc_linear
sim_indoor_v1,test_ood,pure_hdc,128,128.0,0.0,512,0.0,2,0.1836975782634377,0.1593139169704229,0.0,0.0,0.0,0.0,41000,217088,2dc1b09,,False,1,none,none,32,0.5,hdc_linear,k16_noise,burst,,1024.0,linear,1.0,hdc_linear
sim_indoor_v1,test_ood,pure_hdc,128,128.0,0.0,0,0.05,2,0.7826343768458358,0.6218535367401723,0.0,0.0,0.0,0.0,41000,217088,2dc1b09,,False,0,none,none,32,0.0180816650390625,hdc_linear,k16_noise,plr,,1024.0,linear,1.0,hdc_linear
sim_indoor_v1,test_ood,pure_hdc,128,128.0,0.0,0,0.1,2,0.7802717070289427,0.6207641281845574,0.0,0.0,0.0,0.0,41000,217088,2dc1b09,,False,0,none,none,32,0.0596466064453125,hdc_linear,k16_noise,plr,,1024.0,linear,1.0,hdc_linear
sim_indoor_v1,test_ood,pure_hdc,128,128.0,0.0,0,0.2,2,0.761370348493798,0.5987128988135445,0.0,0.0,0.0,0.0,41000,217088,2dc1b09,,False,0,none,none,32,0.10260009765625,hdc_linear,k16_noise,plr,,1024.0,linear,1.0,hdc_linear
sim_indoor_v1,test_id,quantized,512,188.0,0.0,0,0.0,2,0.7473073736536868,0.6436382849372578,0.0,0.0,0.0,0.0,3620,0,2dc1b09,180.0,False,0,none,none,32,0.0,quantized,k16_noise,ber,,,,,quantized
sim_indoor_v1,test_id,quantized,512,188.0,0.01,0,0.0,2,0.5749792874896438,0.5038426904627467,0.0,0.0,0.0,0.0,3620,0,2dc1b09,180.0,False,0,none,none,32,0.009589012632978722,quantized,k16_noise,ber,0.01,,,,quantized
sim_indoor_v1,test_id,quantized,512,188.0,0.05,0,0.0,2,0.40265120132560067,0.3565693720395412,0.0,0.0,0.0,0.0,3620,0,2dc1b09,180.0,False,0,none,none,32,0.04990857712765957,quantized,k16_noise,ber,0.05,,,,quantized
sim_indoor_v1,test_id,quantized,512,188.0,0.1,0,0.0,2,0.2990886495443248,0.26618052618917426,0.0,0.0,0.0,0.0,3620,0,2dc1b09,180.0,False,0,none,none,32,0.09953665226063829,quantized,k16_noise,ber,0.1,,,,quantized
sim_indoor_v1,test_ood,quantized,512,188.0,0.0,0,0.0,2,0.7531010041346722,0.609553790350909,0.0,0.0,0.0,0.0,3620,0,2dc1b09,180.0,False,0,none,none,32,0.0,quantized,k16_noise,ber,,,,,quantized
sim_indoor_v1,test_ood,quantized,512,188.0,0.01,0,0.0,2,0.6172474896633195,0.5105466697405194,0.0,0.0,0.0,0.0,3620,0,2dc1b09,180.0,False,0,none,none,32,0.009589012632978722,quantized,k16_noise,ber,0.01,,,,quantized
sim_indoor_v1,test_ood,quantized,512,188.0,0.05,0,0.0,2,0.44300059066745423,0.37159215188085626,0.0,0.0,0.0,0.0,3620,0,2dc1b09,180.0,False,0,none,none,32,0.04990857712765957,quantized,k16_noise,ber,0.05,,,,quantized
sim_indoor_v1,test_ood,quantized,512,188.0,0.1,0,0.0,2,0.357944477259303,0.2826681553786649,0.0,0.0,0.0,0.0,3620,0,2dc1b09,180.0,False,0,none,none,32,0.09953665226063829,quantized,k16_noise,ber,0.1,,,,quantized
sim_indoor_v1,test_id,binary_hash,512,512.0,0.0,0,0.0,2,0.9221209610604806,0.8766804510670834,0.0,0.0,0.0,0.0,81940,2949120,2dc1b09,,False,0,none,none,32,0.0,binary_hash,k16_noise,ber,,4096.0,,,binary_hash
sim_indoor_v1,test_id,binary_hash,512,512.0,0.01,0,0.0,2,0.9154929577464789,0.8709984581765239,0.0,0.0,0.0,0.0,81940,2949120,2dc1b09,,False,0,none,none,32,0.009738922119140625,binary_hash,k16_noise,ber,0.01,4096.0,,,binary_hash
sim_indoor_v1,test_id,binary_hash,512,512.0,0.05,0,0.0,2,0.875724937862469,0.821259547619636,0.0,0.0,0.0,0.0,81940,2949120,2dc1b09,,False,0,none,none,32,0.049762725830078125,binary_hash,k16_noise,ber,0.05,4096.0,,,binary_hash
sim_indoor_v1,test_id,binary_hash,512,512.0,0.1,0,0.0,2,0.8376139188069595,0.7614697551533712,0.0,0.0,0.0,0.0,81940,2949120,2dc1b09,,False,0,none,none,32,0.09943389892578125,binary_hash,k16_noise,ber,0.1,4096.0,,,binary_hash
sim_indoor_v1,test_ood,binary_hash,512,512.0,0.0,0,0.0,2,0.6190194920259894,0.5345130262838498,0.0,0.0,0.0,0.0,81940,2949120,2dc1b09,,False,0,none,none,32,0.0,binary_hash,k16_noise,ber,,4096.0,,,binary_hash
sim_indoor_v1,test_ood,binary_hash,512,512.0,0.01,0,0.0,2,0.6142941523922032,0.535394069029753,0.0,0.0,0.0,0.0,81940,2949120,2dc1b09,,False,0,none,none,32,0.009738922119140625,binary_hash,k16_noise,ber,0.01,4096.0,,,binary_hash
sim_indoor_v1,test_ood,binary_hash,512,512.0,0.05,0,0.0,2,0.6154754873006497,0.5488532175185618,0.0,0.0,0.0,0.0,81940,2949120,2dc1b09,,False,0,none,none,32,0.049762725830078125,binary_hash,k16_noise,ber,0.05,4096.0,,,binary_hash
sim_indoor_v1,test_ood,binary_hash,512,512.0,0.1,0,0.0,2,0.5953927938570585,0.5250963822671537,0.0,0.0,0.0,0.0,81940,2949120,2dc1b09,,False,0,none,none,32,0.09943389892578125,binary_hash,k16_noise,ber,0.1,4096.0,,,binary_hash
sim_indoor_v1,test_id,pure_hdc,512,512.0,0.0,0,0.0,2,0.7332228666114333,0.6651585878194195,0.0,0.0,0.0,0.0,81940,868352,2dc1b09,,False,0,none,none,32,0.0,hdc_k1,k16_noise,ber,,4096.0,prototype,1.0,hdc_k1
sim_indoor_v1,test_id,pure_hdc,512,512.0,0.01,0,0.0,2,0.7340513670256835,0.6657106025336534,0.0,0.0,0.0,0.0,81940,868352,2dc1b09,,False,0,none,none,32,0.009738922119140625,hdc_k1,k16_noise,ber,0.01,4096.0,prototype,1.0,hdc_k1
sim_indoor_v1,test_id,pure_hdc,512,512.0,0.05,0,0.0,2,0.7332228666114333,0.6665796438495676,0.0,0.0,0.0,0.0,81940,868352,2dc1b09,,False,0,none,none,32,0.049762725830078125,hdc_k1,k16_noise,ber,0.05,4096.0,prototype,1.0,hdc_k1
sim_indoor_v1,test_id,pure_hdc,512,512.0,0.1,0,0.0,2,0.7299088649544325,0.6618901973604304,0.0,0.0,0.0,0.0,81940,868352,2dc1b09,,False,0,none,none,32,0.09943389892578125,hdc_k1,k16_noise,ber,0.1,4096.0,prototype,1.0,hdc_k1
sim_indoor_v1,test_ood,pure_hdc,512,512.0,0.0,0,0.0,2,0.7129356172474897,0.600416289541349,0.0,0.0,0.0,0.0,81940,868352,2dc1b09,,False,0,none,none,32,0.0,hdc_k1,k16_noise,ber,,4096.0,prototype,1.0,hdc_k1
sim_indoor_v1,test_ood,pure_hdc,512,512.0,0.01,0,0.0,2,0.7147076196101595,0.6017755986957736,0.0,0.0,0.0,0.0,81940,868352,2dc1b09,,False,0,none,none,32,0.009738922119140625,hdc_k1,k16_noise,ber,0.01,4096.0,prototype,1.0,hdc_k1
sim_indoor_v1,test_ood,pure_hdc,512,512.0,0.05,0,0.0,2,0.7129356172474897,0.6010975653418226,0.0,0.0,0.0,0.0,81940,868352,2dc1b09,,False,0,none,none,32,0.049762725830078125,hdc_k1,k16_noise,ber,0.05,4096.0,prototype,1.0,hdc_k1
sim_indoor_v1,test_ood,pure_hdc,512,512.0,0.1,0,0.0,2,0.7064382752510336,0.5927145606964836,0.0,0.0,0.0,0.0,81940,868352,2dc1b09,,False,0,none,none,32,0.09943389892578125,hdc_k1,k16_noise,ber,0.1,4096.0,prototype,1.0,hdc_k1
sim_indoor_v1,test_id,pure_hdc,512,512.0,0.0,0,0.0,2,0.9577464788732394,0.9284807045977127,0.0,0.0,0.0,0.0,1311040,868352,2dc1b09,,False,0,none,none,32,0.0,hdc_k16,k16_noise,ber,,4096.0,prototype,16.0,hdc_k16
sim_indoor_v1,test_id,pure_hdc,512,512.0,0.01,0,0.0,2,0.9585749792874897,0.9294848550936952,0.0,0.0,0.0,0.0,1311040,868352,2dc1b09,,False,0,none,none,32,0.009738922119140625,hdc_k16,k16_noise,ber,0.01,4096.0,prototype,16.0,hdc_k16
sim_indoor_v1,test_id,pure_hdc,512,512.0,0.05,0,0.0,2,0.9569179784589892,0.9269375116347629,0.0,0.0,0.0,0.0,1311040,868352,2dc1b09,,False,0,none,none,32,0.049762725830078125,hdc_k16,k16_noise,ber,0.05,4096.0,prototype,16.0,hdc_k16
sim_indoor_v1,test_id,pure_hdc,512,512.0,0.1,0,0.0,2,0.9585749792874897,0.9300485820531368,0.0,0.0,0.0,0.0,1311040,868352,2dc1b09,,False,0,none,none,32,0.09943389892578125,hdc_k16,k16_noise,ber,0.1,4096.0,prototype,16.0,hdc_k16
sim_indoor_v1,test_ood,pure_hdc,512,512.0,0.0,0,0.0,2,0.8493797991730656,0.7048250888564545,0.0,0.0,0.0,0.0,1311040,868352,2dc1b09,,False,0,none,none,32,0.0,hdc_k16,k16_noise,ber,,4096.0,prototype,16.0,hdc_k16
sim_indoor_v1,test_ood,pure_hdc,512,512.0,0.01,0,0.0,2,0.852333136444182,0.7091961904867488,0.0,0.0,0.0,0.0,1311040,868352,2dc1b09,,False,0,none,none,32,0.009738922119140625,hdc_k16,k16_noise,ber,0.01,4096.0,prototype,16.0,hdc_k16
sim_indoor_v1,test_ood,pure_hdc,512,512.0,0.05,0,0.0,2,0.8541051388068518,0.7141658287282575,0.0,0.0,0.0,0.0,1311040,868352,2dc1b09,,False,0,none,none,32,0.049762725830078125,hdc_k16,k16_noise,ber,0.05,4096.0,prototype,16.0,hdc_k16
sim_indoor_v1,test_ood,pure_hdc,512,512.0,0.1,0,0.0,2,0.8529238038984052,0.7093206422700762,0.0,0.0,0.0,0.0,1311040,868352,2dc1b09,,False,0,none,none,32,0.09943389892578125,hdc_k16,k16_noise,ber,0.1,4096.0,prototype,16.0,hdc_k16
sim_indoor_v1,test_id,pure_hdc,512,512.0,0.0,0,0.0,2,0.9701739850869926,0.9493793864347759,0.0,0.0,0.0,0.0,163880,868352,2dc1b09,,False,0,none,none,32,0.0,hdc_linear,k16_noise,ber,,4096.0,linear,1.0,hdc_linear
sim_indoor_v1,test_id,pure_hdc,512,512.0,0.01,0,0.0,2,0.9701739850869926,0.9506247634360336,0.0,0.0,0.0,0.0,163880,868352,2dc1b09,,False,0,none,none,32,0.009738922119140625,hdc_linear,k16_noise,ber,0.01,4096.0,linear,1.0,hdc_linear
sim_indoor_v1,test_id,pure_hdc,512,512.0,0.05,0,0.0,2,0.9643744821872411,0.9407679387323237,0.0,0.0,0.0,0.0,163880,868352,2dc1b09,,False,0,none,none,32,0.049762725830078125,hdc_linear,k16_noise,ber,0.05,4096.0,linear,1.0,hdc_linear
sim_indoor_v1,test_id,pure_hdc,512,512.0,0.1,0,0.0,2,0.9569179784589892,0.9317996418140961,0.0,0.0,0.0,0.0,163880,868352,2dc1b09,,False,0,none,none,32,0.09943389892578125,hdc_linear,k16_noise,ber,0.1,4096.0,linear,1.0,hdc_linear
sim_indoor_v1,test_ood,pure_hdc,512,512.0,0.0,0,0.0,2,0.8186650915534555,0.6639421300952834,0.0,0.0,0.0,0.0,163880,868352,2dc1b09,,False,0,none,none,32,0.0,hdc_linear,k16_noise,ber,,4096.0,linear,1.0,hdc_linear
sim_indoor_v1,test_ood,pure_hdc,512,512.0,0.01,0,0.0,2,0.8145304193738925,0.6560131424940445,0.0,0.0,0.0,0.0,163880,868352,2dc1b09,,False,0,none,none,32,0.009738922119140625,hdc_linear,k16_noise,ber,0.01,4096.0,linear,1.0,hdc_linear
sim_indoor_v1,test_ood,pure_hdc,512,512.0,0.05,0,0.0,2,0.8098050797401063,0.6509203220574268,0.0,0.0,0.0,0.0,163880,868352,2dc1b09,,False,0,none,none,32,0.049762725830078125,hdc_linear,k16_noise,ber,0.05,4096.0,linear,1.0,hdc_linear
sim_indoor_v1,test_ood,pure_hdc,512,512.0,0.1,0,0.0,2,0.7926757235676314,0.631314109338876,0.0,0.0,0.0,0.0,163880,868352,2dc1b09,,False,0,none,none,32,0.09943389892578125,hdc_linear,k16_noise,ber,0.1,4096.0,linear,1.0,hdc_linear
