dataset,split,method,budget_bytes,actual_bytes,ber,burst_length,packet_loss_rate,seed,accuracy,macro_f1,encode_ms_median,encode_ms_p95,classify_ms_median,classify_ms_p95,model_bytes,shared_memory_bytes,git_commit,sensor,method_tag,sweep,dimension,hdc_head,n_centroids,method_label
sim_indoor_v1,test_id,quantized,512,188.0,0.0,0,0.0,0,0.7473073736536868,0.6436382849372578,0.0,0.0,0.0,0.0,3620,0,f288d40,clean,quantized,k16_sensor,,,,quantized
sim_indoor_v1,test_id,quantized,512,188.0,0.0,0,0.0,0,0.30985915492957744,0.2813195559311443,0.0,0.0,0.0,0.0,3620,0,f288d40,beam_drop:drop_rate=0.1,quantized,k16_sensor,,,,quantized
sim_indoor_v1,test_id,quantized,512,188.0,0.0,0,0.0,0,0.2618061309030654,0.22738111127949684,0.0,0.0,0.0,0.0,3620,0,f288d40,beam_drop:drop_rate=0.3,quantized,k16_sensor,,,,quantized
sim_indoor_v1,test_id,quantized,512,188.0,0.0,0,0.0,0,0.4266777133388567,0.3378573386428143,0.0,0.0,0.0,0.0,3620,0,f288d40,sector_drop:fraction=0.15,quantized,k16_sensor,,,,quantized
sim_indoor_v1,test_id,quantized,512,188.0,0.0,0,0.0,0,0.32228666114333054,0.21824553512997585,0.0,0.0,0.0,0.0,3620,0,f288d40,sector_drop:fraction=0.3,quantized,k16_sensor,,,,quantized
sim_indoor_v1,test_id,quantized,512,188.0,0.0,0,0.0,0,0.7589063794531897,0.6516389328812074,0.0,0.0,0.0,0.0,3620,0,f288d40,range_bias:bias=0.25,quantized,k16_sensor,,,,quantized
sim_indoor_v1,test_id,quantized,512,188.0,0.0,0,0.0,0,0.743993371996686,0.6388789655174837,0.0,0.0,0.0,0.0,3620,0,f288d40,range_scale:scale=1.15,quantized,k16_sensor,,,,quantized
sim_indoor_v1,test_id,quantized,512,188.0,0.0,0,0.0,0,0.7323943661971831,0.6263034058098695,0.0,0.0,0.0,0.0,3620,0,f288d40,gauss:sigma=0.05,quantized,k16_sensor,,,,quantized
sim_indoor_v1,test_id,quantized,512,188.0,0.0,0,0.0,0,0.704225352112676,0.6053361703260093,0.0,0.0,0.0,0.0,3620,0,f288d40,gauss:sigma=0.15,quantized,k16_sensor,,,,quantized
sim_indoor_v1,test_id,quantized,512,188.0,0.0,0,0.0,0,0.6429163214581607,0.5568193615524127,0.0,0.0,0.0,0.0,3620,0,f288d40,clip:clip_to=6.0,quantized,k16_sensor,,,,quantized
sim_indoor_v1,test_ood,quantized,512,188.0,0.0,0,0.0,0,0.7531010041346722,0.609553790350909,0.0,0.0,0.0,0.0,3620,0,f288d40,clean,quantized,k16_sensor,,,,quantized
sim_indoor_v1,test_ood,quantized,512,188.0,0.0,0,0.0,0,0.38984051978735973,0.3101379768980433,0.0,0.0,0.0,0.0,3620,0,f288d40,beam_drop:drop_rate=0.1,quantized,k16_sensor,,,,quantized
sim_indoor_v1,test_ood,quantized,512,188.0,0.0,0,0.0,0,0.34376845835794445,0.237190973602417,0.0,0.0,0.0,0.0,3620,0,f288d40,beam_drop:drop_rate=0.3,quantized,k16_sensor,,,,quantized
sim_indoor_v1,test_ood,quantized,512,188.0,0.0,0,0.0,0,0.529238038984052,0.36490234753063183,0.0,0.0,0.0,0.0,3620,0,f288d40,sector_drop:fraction=0.15,quantized,k16_sensor,,,,quantized
sim_indoor_v1,test_ood,quantized,512,188.0,0.0,0,0.0,0,0.4737152982870644,0.26575044250879637,0.0,0.0,0.0,0.0,3620,0,f288d40,sector_drop:fraction=0.3,quantized,k16_sensor,,,,quantized
sim_indoor_v1,test_ood,quantized,512,188.0,0.0,0,0.0,0,0.6958062610750148,0.5598797648639005,0.0,0.0,0.0,0.0,3620,0,f288d40,range_bias:bias=0.25,quantized,k16_sensor,,,,quantized
sim_indoor_v1,test_ood,quantized,512,188.0,0.0,0,0.0,0,0.6450088600118133,0.5172721116941728,0.0,0.0,0.0,0.0,3620,0,f288d40,range_scale:scale=1.15,quantized,k16_sensor,,,,quantized
sim_indoor_v1,test_ood,quantized,512,188.0,0.0,0,0.0,0,0.7383343177790904,0.5993926930521,0.0,0.0,0.0,0.0,3620,0,f288d40,gauss:sigma=0.05,quantized,k16_sensor,,,,quantized
sim_indoor_v1,test_ood,quantized,512,188.0,0.0,0,0.0,0,0.7217956290608387,0.5906373465649324,0.0,0.0,0.0,0.0,3620,0,f288d40,gauss:sigma=0.15,quantized,k16_sensor,,,,quantized
sim_indoor_v1,test_ood,quantized,512,188.0,0.0,0,0.0,0,0.6544595392793857,0.5563424161626088,0.0,0.0,0.0,0.0,3620,0,f288d40,clip:clip_to=6.0,quantized,k16_sensor,,,,quantized
sim_indoor_v1,test_id,binary_hash,512,512.0,0.0,0,0.0,0,0.9154929577464789,0.8662026074723801,0.0,0.0,0.0,0.0,81940,2949120,f288d40,clean,binary_hash,k16_sensor,4096.0,,,binary_hash
sim_indoor_v1,test_id,binary_hash,512,512.0,0.0,0,0.0,0,0.49378624689312345,0.4433639544057512,0.0,0.0,0.0,0.0,81940,2949120,f288d40,beam_drop:drop_rate=0.1,binary_hash,k16_sensor,4096.0,,,binary_hash
sim_indoor_v1,test_id,binary_hash,512,512.0,0.0,0,0.0,0,0.19469759734879868,0.19133727297223152,0.0,0.0,0.0,0.0,81940,2949120,f288d40,beam_drop:drop_rate=0.3,binary_hash,k16_sensor,4096.0,,,binary_hash
sim_indoor_v1,test_id,binary_hash,512,512.0,0.0,0,0.0,0,0.38193869096934546,0.33010496622417995,0.0,0.0,0.0,0.0,81940,2949120,f288d40,sector_drop:fraction=0.15,binary_hash,k16_sensor,4096.0,,,binary_hash
sim_indoor_v1,test_id,binary_hash,512,512.0,0.0,0,0.0,0,0.2626346313173157,0.22469036007116633,0.0,0.0,0.0,0.0,81940,2949120,f288d40,sector_drop:fraction=0.3,binary_hash,k16_sensor,4096.0,,,binary_hash
sim_indoor_v1,test_id,binary_hash,512,512.0,0.0,0,0.0,0,0.9088649544324772,0.8573394374823836,0.0,0.0,0.0,0.0,81940,2949120,f288d40,range_bias:bias=0.25,binary_hash,k16_sensor,4096.0,,,binary_hash
sim_indoor_v1,test_id,binary_hash,512,512.0,0.0,0,0.0,0,0.9105219552609777,0.8609817489298128,0.0,0.0,0.0,0.0,81940,2949120,f288d40,range_scale:scale=1.15,binary_hash,k16_sensor,4096.0,,,binary_hash
sim_indoor_v1,test_id,binary_hash,512,512.0,0.0,0,0.0,0,0.9138359569179785,0.8627491524248324,0.0,0.0,0.0,0.0,81940,2949120,f288d40,gauss:sigma=0.05,binary_hash,k16_sensor,4096.0,,,binary_hash
sim_indoor_v1,test_id,binary_hash,512,512.0,0.0,0,0.0,0,0.9105219552609777,0.8593932700069317,0.0,0.0,0.0,0.0,81940,2949120,f288d40,gauss:sigma=0.15,binary_hash,k16_sensor,4096.0,,,binary_hash
sim_indoor_v1,test_id,binary_hash,512,512.0,0.0,0,0.0,0,0.820215410107705,0.7652802162836257,0.0,0.0,0.0,0.0,81940,2949120,f288d40,clip:clip_to=6.0,binary_hash,k16_sensor,4096.0,,,binary_hash
sim_indoor_v1,test_ood,binary_hash,512,512.0,0.0,0,0.0,0,0.6249261665682221,0.54033424196439,0.0,0.0,0.0,0.0,81940,2949120,f288d40,clean,binary_hash,k16_sensor,4096.0,,,binary_hash
sim_indoor_v1,test_ood,binary_hash,512,512.0,0.0,0,0.0,0,0.4282339043118724,0.4245601953917205,0.0,0.0,0.0,0.0,81940,2949120,f288d40,beam_drop:drop_rate=0.1,binary_hash,k16_sensor,4096.0,,,binary_hash
sim_indoor_v1,test_ood,binary_hash,512,512.0,0.0,0,0.0,0,0.24630832841110456,0.2587004961021998,0.0,0.0,0.0,0.0,81940,2949120,f288d40,beam_drop:drop_rate=0.3,binary_hash,k16_sensor,4096.0,,,binary_hash
sim_indoor_v1,test_ood,binary_hash,512,512.0,0.0,0,0.0,0,0.3691671588895452,0.34659224818396983,0.0,0.0,0.0,0.0,81940,2949120,f288d40,sector_drop:fraction=0.15,binary_hash,k16_sensor,4096.0,,,binary_hash
sim_indoor_v1,test_ood,binary_hash,512,512.0,0.0,0,0.0,0,0.29356172474896636,0.25632132772406174,0.0,0.0,0.0,0.0,81940,2949120,f288d40,sector_drop:fraction=0.3,binary_hash,k16_sensor,4096.0,,,binary_hash
sim_indoor_v1,test_ood,binary_hash,512,512.0,0.0,0,0.0,0,0.6255168340224454,0.544016383853332,0.0,0.0,0.0,0.0,81940,2949120,f288d40,range_bias:bias=0.25,binary_hash,k16_sensor,4096.0,,,binary_hash
sim_indoor_v1,test_ood,binary_hash,512,512.0,0.0,0,0.0,0,0.6018901358535145,0.5263099970408722,0.0,0.0,0.0,0.0,81940,2949120,f288d40,range_scale:scale=1.15,binary_hash,k16_sensor,4096.0,,,binary_hash
sim_indoor_v1,test_ood,binary_hash,512,512.0,0.0,0,0.0,0,0.6166568222090962,0.5358487878385334,0.0,0.0,0.0,0.0,81940,2949120,f288d40,gauss:sigma=0.05,binary_hash,k16_sensor,4096.0,,,binary_hash
sim_indoor_v1,test_ood,binary_hash,512,512.0,0.0,0,0.0,0,0.6166568222090962,0.540584550996113,0.0,0.0,0.0,0.0,81940,2949120,f288d40,gauss:sigma=0.15,binary_hash,k16_sensor,4096.0,,,binary_hash
sim_indoor_v1,test_ood,binary_hash,512,512.0,0.0,0,0.0,0,0.5239220318960425,0.48605286738655773,0.0,0.0,0.0,0.0,81940,2949120,f288d40,clip:clip_to=6.0,binary_hash,k16_sensor,4096.0,,,binary_hash
sim_indoor_v1,test_id,pure_hdc,512,512.0,0.0,0,0.0,0,0.7299088649544325,0.6638516578731524,0.0,0.0,0.0,0.0,81940,868352,f288d40,clean,hdc_k1,k16_sensor,4096.0,prototype,1.0,hdc_k1
sim_indoor_v1,test_id,pure_hdc,512,512.0,0.0,0,0.0,0,0.6694283347141674,0.623131499725549,0.0,0.0,0.0,0.0,81940,868352,f288d40,beam_drop:drop_rate=0.1,hdc_k1,k16_sensor,4096.0,prototype,1.0,hdc_k1
sim_indoor_v1,test_id,pure_hdc,512,512.0,0.0,0,0.0,0,0.49212924606462305,0.37478968413203206,0.0,0.0,0.0,0.0,81940,868352,f288d40,beam_drop:drop_rate=0.3,hdc_k1,k16_sensor,4096.0,prototype,1.0,hdc_k1
sim_indoor_v1,test_id,pure_hdc,512,512.0,0.0,0,0.0,0,0.5741507870753936,0.5089819754890923,0.0,0.0,0.0,0.0,81940,868352,f288d40,sector_drop:fraction=0.15,hdc_k1,k16_sensor,4096.0,prototype,1.0,hdc_k1
sim_indoor_v1,test_id,pure_hdc,512,512.0,0.0,0,0.0,0,0.44739022369511183,0.31373600459379014,0.0,0.0,0.0,0.0,81940,868352,f288d40,sector_drop:fraction=0.3,hdc_k1,k16_sensor,4096.0,prototype,1.0,hdc_k1
sim_indoor_v1,test_id,pure_hdc,512,512.0,0.0,0,0.0,0,0.7357083678541839,0.6599213572394788,0.0,0.0,0.0,0.0,81940,868352,f288d40,range_bias:bias=0.25,hdc_k1,k16_sensor,4096.0,prototype,1.0,hdc_k1
sim_indoor_v1,test_id,pure_hdc,512,512.0,0.0,0,0.0,0,0.7025683512841756,0.6343809376152052,0.0,0.0,0.0,0.0,81940,868352,f288d40,range_scale:scale=1.15,hdc_k1,k16_sensor,4096.0,prototype,1.0,hdc_k1
sim_indoor_v1,test_id,pure_hdc,512,512.0,0.0,0,0.0,0,0.728251864125932,0.6609518601267252,0.0,0.0,0.0,0.0,81940,868352,f288d40,gauss:sigma=0.05,hdc_k1,k16_sensor,4096.0,prototype,1.0,hdc_k1
sim_indoor_v1,test_id,pure_hdc,512,512.0,0.0,0,0.0,0,0.7224523612261806,0.6550928940463562,0.0,0.0,0.0,0.0,81940,868352,f288d40,gauss:sigma=0.15,hdc_k1,k16_sensor,4096.0,prototype,1.0,hdc_k1
sim_indoor_v1,test_id,pure_hdc,512,512.0,0.0,0,0.0,0,0.6470588235294118,0.5739743544726383,0.0,0.0,0.0,0.0,81940,868352,f288d40,clip:clip_to=6.0,hdc_k1,k16_sensor,4096.0,prototype,1.0,hdc_k1
sim_indoor_v1,test_ood,pure_hdc,512,512.0,0.0,0,0.0,0,0.7217956290608387,0.6123345363951522,0.0,0.0,0.0,0.0,81940,868352,f288d40,clean,hdc_k1,k16_sensor,4096.0,prototype,1.0,hdc_k1
sim_indoor_v1,test_ood,pure_hdc,512,512.0,0.0,0,0.0,0,0.5463673951565269,0.42271000427208943,0.0,0.0,0.0,0.0,81940,868352,f288d40,beam_drop:drop_rate=0.1,hdc_k1,k16_sensor,4096.0,prototype,1.0,hdc_k1
sim_indoor_v1,test_ood,pure_hdc,512,512.0,0.0,0,0.0,0,0.5481393975191967,0.3695736393548592,0.0,0.0,0.0,0.0,81940,868352,f288d40,beam_drop:drop_rate=0.3,hdc_k1,k16_sensor,4096.0,prototype,1.0,hdc_k1
sim_indoor_v1,test_ood,pure_hdc,512,512.0,0.0,0,0.0,0,0.5251033668044891,0.35983486188028896,0.0,0.0,0.0,0.0,81940,868352,f288d40,sector_drop:fraction=0.15,hdc_k1,k16_sensor,4096.0,prototype,1.0,hdc_k1
sim_indoor_v1,test_ood,pure_hdc,512,512.0,0.0,0,0.0,0,0.5103366804489072,0.30067968170383147,0.0,0.0,0.0,0.0,81940,868352,f288d40,sector_drop:fraction=0.3,hdc_k1,k16_sensor,4096.0,prototype,1.0,hdc_k1
sim_indoor_v1,test_ood,pure_hdc,512,512.0,0.0,0,0.0,0,0.6916715888954519,0.5724110668200428,0.0,0.0,0.0,0.0,81940,868352,f288d40,range_bias:bias=0.25,hdc_k1,k16_sensor,4096.0,prototype,1.0,hdc_k1
sim_indoor_v1,test_ood,pure_hdc,512,512.0,0.0,0,0.0,0,0.5883047844063792,0.4840862759260934,0.0,0.0,0.0,0.0,81940,868352,f288d40,range_scale:scale=1.15,hdc_k1,k16_sensor,4096.0,prototype,1.0,hdc_k1
sim_indoor_v1,test_ood,pure_hdc,512,512.0,0.0,0,0.0,0,0.7188422917897224,0.6103627442202654,0.0,0.0,0.0,0.0,81940,868352,f288d40,gauss:sigma=0.05,hdc_k1,k16_sensor,4096.0,prototype,1.0,hdc_k1
sim_indoor_v1,test_ood,pure_hdc,512,512.0,0.0,0,0.0,0,0.7152982870643827,0.6075262979372302,0.0,0.0,0.0,0.0,81940,868352,f288d40,gauss:sigma=0.15,hdc_k1,k16_sensor,4096.0,prototype,1.0,hdc_k1
sim_indoor_v1,test_ood,pure_hdc,512,512.0,0.0,0,0.0,0,0.622563496751329,0.5445380796131539,0.0,0.0,0.0,0.0,81940,868352,f288d40,clip:clip_to=6.0,hdc_k1,k16_sensor,4096.0,prototype,1.0,hdc_k1
sim_indoor_v1,test_id,pure_hdc,512,512.0,0.0,0,0.0,0,0.9577464788732394,0.9303367793652747,0.0,0.0,0.0,0.0,1311040,868352,f288d40,clean,hdc_k16,k16_sensor,4096.0,prototype,16.0,hdc_k16
sim_indoor_v1,test_id,pure_hdc,512,512.0,0.0,0,0.0,0,0.9461474730737366,0.9178758423795406,0.0,0.0,0.0,0.0,1311040,868352,f288d40,beam_drop:drop_rate=0.1,hdc_k16,k16_sensor,4096.0,prototype,16.0,hdc_k16
sim_indoor_v1,test_id,pure_hdc,512,512.0,0.0,0,0.0,0,0.8177299088649544,0.7682103338691534,0.0,0.0,0.0,0.0,1311040,868352,f288d40,beam_drop:drop_rate=0.3,hdc_k16,k16_sensor,4096.0,prototype,16.0,hdc_k16
sim_indoor_v1,test_id,pure_hdc,512,512.0,0.0,0,0.0,0,0.7796188898094449,0.7005575202642034,0.0,0.0,0.0,0.0,1311040,868352,f288d40,sector_drop:fraction=0.15,hdc_k16,k16_sensor,4096.0,prototype,16.0,hdc_k16
sim_indoor_v1,test_id,pure_hdc,512,512.0,0.0,0,0.0,0,0.3951946975973488,0.32241720635962395,0.0,0.0,0.0,0.0,1311040,868352,f288d40,sector_drop:fraction=0.3,hdc_k16,k16_sensor,4096.0,prototype,16.0,hdc_k16
sim_indoor_v1,test_id,pure_hdc,512,512.0,0.0,0,0.0,0,0.951946975973488,0.9206812750770565,0.0,0.0,0.0,0.0,1311040,868352,f288d40,range_bias:bias=0.25,hdc_k16,k16_sensor,4096.0,prototype,16.0,hdc_k16
sim_indoor_v1,test_id,pure_hdc,512,512.0,0.0,0,0.0,0,0.9486329743164872,0.9192698351653659,0.0,0.0,0.0,0.0,1311040,868352,f288d40,range_scale:scale=1.15,hdc_k16,k16_sensor,4096.0,prototype,16.0,hdc_k16
sim_indoor_v1,test_id,pure_hdc,512,512.0,0.0,0,0.0,0,0.9544324772162386,0.9248235078859292,0.0,0.0,0.0,0.0,1311040,868352,f288d40,gauss:sigma=0.05,hdc_k16,k16_sensor,4096.0,prototype,16.0,hdc_k16
sim_indoor_v1,test_id,pure_hdc,512,512.0,0.0,0,0.0,0,0.9544324772162386,0.9262206160335553,0.0,0.0,0.0,0.0,1311040,868352,f288d40,gauss:sigma=0.15,hdc_k16,k16_sensor,4096.0,prototype,16.0,hdc_k16
sim_indoor_v1,test_id,pure_hdc,512,512.0,0.0,0,0.0,0,0.87986743993372,0.8477758003728683,0.0,0.0,0.0,0.0,1311040,868352,f288d40,clip:clip_to=6.0,hdc_k16,k16_sensor,4096.0,prototype,16.0,hdc_k16
sim_indoor_v1,test_ood,pure_hdc,512,512.0,0.0,0,0.0,0,0.8476077968103958,0.7021949090745319,0.0,0.0,0.0,0.0,1311040,868352,f288d40,clean,hdc_k16,k16_sensor,4096.0,prototype,16.0,hdc_k16
sim_indoor_v1,test_ood,pure_hdc,512,512.0,0.0,0,0.0,0,0.6975782634376846,0.5645582059569966,0.0,0.0,0.0,0.0,1311040,868352,f288d40,beam_drop:drop_rate=0.1,hdc_k16,k16_sensor,4096.0,prototype,16.0,hdc_k16
sim_indoor_v1,test_ood,pure_hdc,512,512.0,0.0,0,0.0,0,0.5936207914943886,0.4218593091607241,0.0,0.0,0.0,0.0,1311040,868352,f288d40,beam_drop:drop_rate=0.3,hdc_k16,k16_sensor,4096.0,prototype,16.0,hdc_k16
sim_indoor_v1,test_ood,pure_hdc,512,512.0,0.0,0,0.0,0,0.5717660956881275,0.40198315265898665,0.0,0.0,0.0,0.0,1311040,868352,f288d40,sector_drop:fraction=0.15,hdc_k16,k16_sensor,4096.0,prototype,16.0,hdc_k16
sim_indoor_v1,test_ood,pure_hdc,512,512.0,0.0,0,0.0,0,0.44654459539279384,0.19601701367979532,0.0,0.0,0.0,0.0,1311040,868352,f288d40,sector_drop:fraction=0.3,hdc_k16,k16_sensor,4096.0,prototype,16.0,hdc_k16
sim_indoor_v1,test_ood,pure_hdc,512,512.0,0.0,0,0.0,0,0.783225044300059,0.6416752451822079,0.0,0.0,0.0,0.0,1311040,868352,f288d40,range_bias:bias=0.25,hdc_k16,k16_sensor,4096.0,prototype,16.0,hdc_k16
sim_indoor_v1,test_ood,pure_hdc,512,512.0,0.0,0,0.0,0,0.6857649143532192,0.5663297905903177,0.0,0.0,0.0,0.0,1311040,868352,f288d40,range_scale:scale=1.15,hdc_k16,k16_sensor,4096.0,prototype,16.0,hdc_k16
sim_indoor_v1,test_ood,pure_hdc,512,512.0,0.0,0,0.0,0,0.8464264619019493,0.7031152296462839,0.0,0.0,0.0,0.0,1311040,868352,f288d40,gauss:sigma=0.05,hdc_k16,k16_sensor,4096.0,prototype,16.0,hdc_k16
sim_indoor_v1,test_ood,pure_hdc,512,512.0,0.0,0,0.0,0,0.848198464264619,0.702911141583462,0.0,0.0,0.0,0.0,1311040,868352,f288d40,gauss:sigma=0.15,hdc_k16,k16_sensor,4096.0,prototype,16.0,hdc_k16
sim_indoor_v1,test_ood,pure_hdc,512,512.0,0.0,0,0.0,0,0.6993502658003544,0.6023454623885012,0.0,0.0,0.0,0.0,1311040,868352,f288d40,clip:clip_to=6.0,hdc_k16,k16_sensor,4096.0,prototype,16.0,hdc_k16
sim_indoor_v1,test_id,pure_hdc,512,512.0,0.0,0,0.0,0,0.9784589892294946,0.9617930178238968,0.0,0.0,0.0,0.0,163880,868352,f288d40,clean,hdc_linear,k16_sensor,4096.0,linear,1.0,hdc_linear
sim_indoor_v1,test_id,pure_hdc,512,512.0,0.0,0,0.0,0,0.7580778790389395,0.693564058619079,0.0,0.0,0.0,0.0,163880,868352,f288d40,beam_drop:drop_rate=0.1,hdc_linear,k16_sensor,4096.0,linear,1.0,hdc_linear
sim_indoor_v1,test_id,pure_hdc,512,512.0,0.0,0,0.0,0,0.5376967688483845,0.38686283372153374,0.0,0.0,0.0,0.0,163880,868352,f288d40,beam_drop:drop_rate=0.3,hdc_linear,k16_sensor,4096.0,linear,1.0,hdc_linear
sim_indoor_v1,test_id,pure_hdc,512,512.0,0.0,0,0.0,0,0.5940347970173985,0.46278367506057433,0.0,0.0,0.0,0.0,163880,868352,f288d40,sector_drop:fraction=0.15,hdc_linear,k16_sensor,4096.0,linear,1.0,hdc_linear
sim_indoor_v1,test_id,pure_hdc,512,512.0,0.0,0,0.0,0,0.4664457332228666,0.334978722649638,0.0,0.0,0.0,0.0,163880,868352,f288d40,sector_drop:fraction=0.3,hdc_linear,k16_sensor,4096.0,linear,1.0,hdc_linear
sim_indoor_v1,test_id,pure_hdc,512,512.0,0.0,0,0.0,0,0.9378624689312345,0.8970422776713944,0.0,0.0,0.0,0.0,163880,868352,f288d40,range_bias:bias=0.25,hdc_linear,k16_sensor,4096.0,linear,1.0,hdc_linear
sim_indoor_v1,test_id,pure_hdc,512,512.0,0.0,0,0.0,0,0.8906379453189727,0.8546964025831814,0.0,0.0,0.0,0.0,163880,868352,f288d40,range_scale:scale=1.15,hdc_linear,k16_sensor,4096.0,linear,1.0,hdc_linear
sim_indoor_v1,test_id,pure_hdc,512,512.0,0.0,0,0.0,0,0.9743164871582436,0.9543318608732972,0.0,0.0,0.0,0.0,163880,868352,f288d40,gauss:sigma=0.05,hdc_linear,k16_sensor,4096.0,linear,1.0,hdc_linear
sim_indoor_v1,test_id,pure_hdc,512,512.0,0.0,0,0.0,0,0.9693454846727423,0.9465730189421059,0.0,0.0,0.0,0.0,163880,868352,f288d40,gauss:sigma=0.15,hdc_linear,k16_sensor,4096.0,linear,1.0,hdc_linear
sim_indoor_v1,test_id,pure_hdc,512,512.0,0.0,0,0.0,0,0.536039768019884,0.5060867626325277,0.0,0.0,0.0,0.0,163880,868352,f288d40,clip:clip_to=6.0,hdc_linear,k16_sensor,4096.0,linear,1.0,hdc_linear
sim_indoor_v1,test_ood,pure_hdc,512,512.0,0.0,0,0.0,0,0.8139397519196693,0.6555033476891229,0.0,0.0,0.0,0.0,163880,868352,f288d40,clean,hdc_linear,k16_sensor,4096.0,linear,1.0,hdc_linear
sim_indoor_v1,test_ood,pure_hdc,512,512.0,0.0,0,0.0,0,0.6101594802126403,0.42472303361956387,0.0,0.0,0.0,0.0,163880,868352,f288d40,beam_drop:drop_rate=0.1,hdc_linear,k16_sensor,4096.0,linear,1.0,hdc_linear
sim_indoor_v1,test_ood,pure_hdc,512,512.0,0.0,0,0.0,0,0.5369167158889545,0.330615929956175,0.0,0.0,0.0,0.0,163880,868352,f288d40,beam_drop:drop_rate=0.3,hdc_linear,k16_sensor,4096.0,linear,1.0,hdc_linear
sim_indoor_v1,test_ood,pure_hdc,512,512.0,0.0,0,0.0,0,0.5451860602480804,0.3402930205302233,0.0,0.0,0.0,0.0,163880,868352,f288d40,sector_drop:fraction=0.15,hdc_linear,k16_sensor,4096.0,linear,1.0,hdc_linear
sim_indoor_v1,test_ood,pure_hdc,512,512.0,0.0,0,0.0,0,0.49379799173065564,0.27008230545470946,0.0,0.0,0.0,0.0,163880,868352,f288d40,sector_drop:fraction=0.3,hdc_linear,k16_sensor,4096.0,linear,1.0,hdc_linear
sim_indoor_v1,test_ood,pure_hdc,512,512.0,0.0,0,0.0,0,0.8050797401063201,0.6331690430022119,0.0,0.0,0.0,0.0,163880,868352,f288d40,range_bias:bias=0.25,hdc_linear,k16_sensor,4096.0,linear,1.0,hdc_linear
sim_indoor_v1,test_ood,pure_hdc,512,512.0,0.0,0,0.0,0,0.74187832250443,0.5940138079757677,0.0,0.0,0.0,0.0,163880,868352,f288d40,range_scale:scale=1.15,hdc_linear,k16_sensor,4096.0,linear,1.0,hdc_linear
sim_indoor_v1,test_ood,pure_hdc,512,512.0,0.0,0,0.0,0,0.8145304193738925,0.6550541611755474,0.0,0.0,0.0,0.0,163880,868352,f288d40,gauss:sigma=0.05,hdc_linear,k16_sensor,4096.0,linear,1.0,hdc_linear
sim_indoor_v1,test_ood,pure_hdc,512,512.0,0.0,0,0.0,0,0.815711754282339,0.6583020912318627,0.0,0.0,0.0,0.0,163880,868352,f288d40,gauss:sigma=0.15,hdc_linear,k16_sensor,4096.0,linear,1.0,hdc_linear
sim_indoor_v1,test_ood,pure_hdc,512,512.0,0.0,0,0.0,0,0.5386887182516243,0.42855836074284026,0.0,0.0,0.0,0.0,163880,868352,f288d40,clip:clip_to=6.0,hdc_linear,k16_sensor,4096.0,linear,1.0,hdc_linear
sim_indoor_v1,test_id,quantized,512,188.0,0.0,0,0.0,1,0.7473073736536868,0.6436382849372578,0.0,0.0,0.0,0.0,3620,0,f288d40,clean,quantized,k16_sensor,,,,quantized
sim_indoor_v1,test_id,quantized,512,188.0,0.0,0,0.0,1,0.34631317315658655,0.3129916491645734,0.0,0.0,0.0,0.0,3620,0,f288d40,beam_drop:drop_rate=0.1,quantized,k16_sensor,,,,quantized
sim_indoor_v1,test_id,quantized,512,188.0,0.0,0,0.0,1,0.2452361226180613,0.21796623084801015,0.0,0.0,0.0,0.0,3620,0,f288d40,beam_drop:drop_rate=0.3,quantized,k16_sensor,,,,quantized
sim_indoor_v1,test_id,quantized,512,188.0,0.0,0,0.0,1,0.4258492129246065,0.35681263588520185,0.0,0.0,0.0,0.0,3620,0,f288d40,sector_drop:fraction=0.15,quantized,k16_sensor,,,,quantized
sim_indoor_v1,test_id,quantized,512,188.0,0.0,0,0.0,1,0.3131731565865783,0.21702617245948094,0.0,0.0,0.0,0.0,3620,0,f288d40,sector_drop:fraction=0.3,quantized,k16_sensor,,,,quantized
sim_indoor_v1,test_id,quantized,512,188.0,0.0,0,0.0,1,0.7589063794531897,0.6516389328812074,0.0,0.0,0.0,0.0,3620,0,f288d40,range_bias:bias=0.25,quantized,k16_sensor,,,,quantized
sim_indoor_v1,test_id,quantized,512,188.0,0.0,0,0.0,1,0.743993371996686,0.6388789655174837,0.0,0.0,0.0,0.0,3620,0,f288d40,range_scale:scale=1.15,quantized,k16_sensor,,,,quantized
sim_indoor_v1,test_id,quantized,512,188.0,0.0,0,0.0,1,0.7464788732394366,0.6411099535721837,0.0,0.0,0.0,0.0,3620,0,f288d40,gauss:sigma=0.05,quantized,k16_sensor,,,,quantized
sim_indoor_v1,test_id,quantized,512,188.0,0.0,0,0.0,1,0.7183098591549296,0.6155448262048938,0.0,0.0,0.0,0.0,3620,0,f288d40,gauss:sigma=0.15,quantized,k16_sensor,,,,quantized
sim_indoor_v1,test_id,quantized,512,188.0,0.0,0,0.0,1,0.6429163214581607,0.5568193615524127,0.0,0.0,0.0,0.0,3620,0,f288d40,clip:clip_to=6.0,quantized,k16_sensor,,,,quantized
sim_indoor_v1,test_ood,quantized,512,188.0,0.0,0,0.0,1,0.7531010041346722,0.609553790350909,0.0,0.0,0.0,0.0,3620,0,f288d40,clean,quantized,k16_sensor,,,,quantized
sim_indoor_v1,test_ood,quantized,512,188.0,0.0,0,0.0,1,0.4028352037802717,0.323257771975419,0.0,0.0,0.0,0.0,3620,0,f288d40,beam_drop:drop_rate=0.1,quantized,k16_sensor,,,,quantized
sim_indoor_v1,test_ood,quantized,512,188.0,0.0,0,0.0,1,0.31896042528056706,0.2231734183566402,0.0,0.0,0.0,0.0,3620,0,f288d40,beam_drop:drop_rate=0.3,quantized,k16_sensor,,,,quantized
sim_indoor_v1,test_ood,quantized,512,188.0,0.0,0,0.0,1,0.5239220318960425,0.35065214206018747,0.0,0.0,0.0,0.0,3620,0,f288d40,sector_drop:fraction=0.15,quantized,k16_sensor,,,,quantized
sim_indoor_v1,test_ood,quantized,512,188.0,0.0,0,0.0,1,0.4731246308328411,0.2575054401330422,0.0,0.0,0.0,0.0,3620,0,f288d40,sector_drop:fraction=0.3,quantized,k16_sensor,,,,quantized
sim_indoor_v1,test_ood,quantized,512,188.0,0.0,0,0.0,1,0.6958062610750148,0.5598797648639005,0.0,0.0,0.0,0.0,3620,0,f288d40,range_bias:bias=0.25,quantized,k16_sensor,,,,quantized
sim_indoor_v1,test_ood,quantized,512,188.0,0.0,0,0.0,1,0.6450088600118133,0.5172721116941728,0.0,0.0,0.0,0.0,3620,0,f288d40,range_scale:scale=1.15,quantized,k16_sensor,,,,quantized
sim_indoor_v1,test_ood,quantized,512,188.0,0.0,0,0.0,1,0.7436503248670998,0.6052403778490174,0.0,0.0,0.0,0.0,3620,0,f288d40,gauss:sigma=0.05,quantized,k16_sensor,,,,quantized
sim_indoor_v1,test_ood,quantized,512,188.0,0.0,0,0.0,1,0.7188422917897224,0.589959958085264,0.0,0.0,0.0,0.0,3620,0,f288d40,gauss:sigma=0.15,quantized,k16_sensor,,,,quantized
sim_indoor_v1,test_ood,quantized,512,188.0,0.0,0,0.0,1,0.6544595392793857,0.5563424161626088,0.0,0.0,0.0,0.0,3620,0,f288d40,clip:clip_to=6.0,quantized,k16_sensor,,,,quantized
sim_indoor_v1,test_id,binary_hash,512,512.0,0.0,0,0.0,1,0.9270919635459818,0.8840642692353267,0.0,0.0,0.0,0.0,81940,2949120,f288d40,clean,binary_hash,k16_sensor,4096.0,,,binary_hash
sim_indoor_v1,test_id,binary_hash,512,512.0,0.0,0,0.0,1,0.507870753935377,0.4487836109472158,0.0,0.0,0.0,0.0,81940,2949120,f288d40,beam_drop:drop_rate=0.1,binary_hash,k16_sensor,4096.0,,,binary_hash
sim_indoor_v1,test_id,binary_hash,512,512.0,0.0,0,0.0,1,0.23943661971830985,0.22713299522795038,0.0,0.0,0.0,0.0,81940,2949120,f288d40,beam_drop:drop_rate=0.3,binary_hash,k16_sensor,4096.0,,,binary_hash
sim_indoor_v1,test_id,binary_hash,512,512.0,0.0,0,0.0,1,0.39436619718309857,0.33751702145988666,0.0,0.0,0.0,0.0,81940,2949120,f288d40,sector_drop:fraction=0.15,binary_hash,k16_sensor,4096.0,,,binary_hash
sim_indoor_v1,test_id,binary_hash,512,512.0,0.0,0,0.0,1,0.275890637945319,0.2246684978177144,0.0,0.0,0.0,0.0,81940,2949120,f288d40,sector_drop:fraction=0.3,binary_hash,k16_sensor,4096.0,,,binary_hash
sim_indoor_v1,test_id,binary_hash,512,512.0,0.0,0,0.0,1,0.9171499585749793,0.8732073856977418,0.0,0.0,0.0,0.0,81940,2949120,f288d40,range_bias:bias=0.25,binary_hash,k16_sensor,4096.0,,,binary_hash
sim_indoor_v1,test_id,binary_hash,512,512.0,0.0,0,0.0,1,0.9163214581607291,0.8697740945806622,0.0,0.0,0.0,0.0,81940,2949120,f288d40,range_scale:scale=1.15,binary_hash,k16_sensor,4096.0,,,binary_hash
sim_indoor_v1,test_id,binary_hash,512,512.0,0.0,0,0.0,1,0.9295774647887324,0.8881554139519283,0.0,0.0,0.0,0.0,81940,2949120,f288d40,gauss:sigma=0.05,binary_hash,k16_sensor,4096.0,,,binary_hash
sim_indoor_v1,test_id,binary_hash,512,512.0,0.0,0,0.0,1,0.9171499585749793,0.8752670027310343,0.0,0.0,0.0,0.0,81940,2949120,f288d40,gauss:sigma=0.15,binary_hash,k16_sensor,4096.0,,,binary_hash
sim_indoor_v1,test_id,binary_hash,512,512.0,0.0,0,0.0,1,0.8376139188069595,0.7843418680089362,0.0,0.0,0.0,0.0,81940,2949120,f288d40,clip:clip_to=6.0,binary_hash,k16_sensor,4096.0,,,binary_hash
sim_indoor_v1,test_ood,binary_hash,512,512.0,0.0,0,0.0,1,0.6243354991139988,0.5479476601387901,0.0,0.0,0.0,0.0,81940,2949120,f288d40,clean,binary_hash,k16_sensor,4096.0,,,binary_hash
sim_indoor_v1,test_ood,binary_hash,512,512.0,0.0,0,0.0,1,0.44063792085056114,0.4362235325858775,0.0,0.0,0.0,0.0,81940,2949120,f288d40,beam_drop:drop_rate=0.1,binary_hash,k16_sensor,4096.0,,,binary_hash
sim_indoor_v1,test_ood,binary_hash,512,512.0,0.0,0,0.0,1,0.25457767277023036,0.2618944431036506,0.0,0.0,0.0,0.0,81940,2949120,f288d40,beam_drop:drop_rate=0.3,binary_hash,k16_sensor,4096.0,,,binary_hash
sim_indoor_v1,test_ood,binary_hash,512,512.0,0.0,0,0.0,1,0.3756645008860012,0.3480889245694906,0.0,0.0,0.0,0.0,81940,2949120,f288d40,sector_drop:fraction=0.15,binary_hash,k16_sensor,4096.0,,,binary_hash
sim_indoor_v1,test_ood,binary_hash,512,512.0,0.0,0,0.0,1,0.32309509746012993,0.26416949313282967,0.0,0.0,0.0,0.0,81940,2949120,f288d40,sector_drop:fraction=0.3,binary_hash,k16_sensor,4096.0,,,binary_hash
sim_indoor_v1,test_ood,binary_hash,512,512.0,0.0,0,0.0,1,0.6154754873006497,0.5503001877307979,0.0,0.0,0.0,0.0,81940,2949120,f288d40,range_bias:bias=0.25,binary_hash,k16_sensor,4096.0,,,binary_hash
sim_indoor_v1,test_ood,binary_hash,512,512.0,0.0,0,0.0,1,0.596574128765505,0.5267137022644943,0.0,0.0,0.0,0.0,81940,2949120,f288d40,range_scale:scale=1.15,binary_hash,k16_sensor,4096.0,,,binary_hash
sim_indoor_v1,test_ood,binary_hash,512,512.0,0.0,0,0.0,1,0.6272888363851152,0.5519894002319377,0.0,0.0,0.0,0.0,81940,2949120,f288d40,gauss:sigma=0.05,binary_hash,k16_sensor,4096.0,,,binary_hash
sim_indoor_v1,test_ood,binary_hash,512,512.0,0.0,0,0.0,1,0.6266981689308919,0.5539091425001452,0.0,0.0,0.0,0.0,81940,2949120,f288d40,gauss:sigma=0.15,binary_hash,k16_sensor,4096.0,,,binary_hash
sim_indoor_v1,test_ood,binary_hash,512,512.0,0.0,0,0.0,1,0.5310100413467218,0.4904589388771007,0.0,0.0,0.0,0.0,81940,2949120,f288d40,clip:clip_to=6.0,binary_hash,k16_sensor,4096.0,,,binary_hash
sim_indoor_v1,test_id,pure_hdc,512,512.0,0.0,0,0.0,1,0.7307373653686827,0.662479807302779,0.0,0.0,0.0,0.0,81940,868352,f288d40,clean,hdc_k1,k16_sensor,4096.0,prototype,1.0,hdc_k1
sim_indoor_v1,test_id,pure_hdc,512,512.0,0.0,0,0.0,1,0.6851698425849213,0.6368187651983341,0.0,0.0,0.0,0.0,81940,868352,f288d40,beam_drop:drop_rate=0.1,hdc_k1,k16_sensor,4096.0,prototype,1.0,hdc_k1
sim_indoor_v1,test_id,pure_hdc,512,512.0,0.0,0,0.0,1,0.4730737365368683,0.347062497233567,0.0,0.0,0.0,0.0,81940,868352,f288d40,beam_drop:drop_rate=0.3,hdc_k1,k16_sensor,4096.0,prototype,1.0,hdc_k1
sim_indoor_v1,test_id,pure_hdc,512,512.0,0.0,0,0.0,1,0.5915492957746479,0.5317416956532726,0.0,0.0,0.0,0.0,81940,868352,f288d40,sector_drop:fraction=0.15,hdc_k1,k16_sensor,4096.0,prototype,1.0,hdc_k1
sim_indoor_v1,test_id,pure_hdc,512,512.0,0.0,0,0.0,1,0.43496271748135873,0.3027539703947348,0.0,0.0,0.0,0.0,81940,868352,f288d40,sector_drop:fraction=0.3,hdc_k1,k16_sensor,4096.0,prototype,1.0,hdc_k1
sim_indoor_v1,test_id,pure_hdc,512,512.0,0.0,0,0.0,1,0.7357083678541839,0.6592781642365566,0.0,0.0,0.0,0.0,81940,868352,f288d40,range_bias:bias=0.25,hdc_k1,k16_sensor,4096.0,prototype,1.0,hdc_k1
sim_indoor_v1,test_id,pure_hdc,512,512.0,0.0,0,0.0,1,0.7017398508699254,0.6293961162598916,0.0,0.0,0.0,0.0,81940,868352,f288d40,range_scale:scale=1.15,hdc_k1,k16_sensor,4096.0,prototype,1.0,hdc_k1
sim_indoor_v1,test_id,pure_hdc,512,512.0,0.0,0,0.0,1,0.7299088649544325,0.6620001170962986,0.0,0.0,0.0,0.0,81940,868352,f288d40,gauss:sigma=0.05,hdc_k1,k16_sensor,4096.0,prototype,1.0,hdc_k1
sim_indoor_v1,test_id,pure_hdc,512,512.0,0.0,0,0.0,1,0.7307373653686827,0.6640278454667894,0.0,0.0,0.0,0.0,81940,868352,f288d40,gauss:sigma=0.15,hdc_k1,k16_sensor,4096.0,prototype,1.0,hdc_k1
sim_indoor_v1,test_id,pure_hdc,512,512.0,0.0,0,0.0,1,0.6495443247721624,0.5711804942107419,0.0,0.0,0.0,0.0,81940,868352,f288d40,clip:clip_to=6.0,hdc_k1,k16_sensor,4096.0,prototype,1.0,hdc_k1
sim_indoor_v1,test_ood,pure_hdc,512,512.0,0.0,0,0.0,1,0.6993502658003544,0.5944698092737204,0.0,0.0,0.0,0.0,81940,868352,f288d40,clean,hdc_k1,k16_sensor,4096.0,prototype,1.0,hdc_k1
sim_indoor_v1,test_ood,pure_hdc,512,512.0,0.0,0,0.0,1,0.5333727111636148,0.4063447419097356,0.0,0.0,0.0,0.0,81940,868352,f288d40,beam_drop:drop_rate=0.1,hdc_k1,k16_sensor,4096.0,prototype,1.0,hdc_k1
sim_indoor_v1,test_ood,pure_hdc,512,512.0,0.0,0,0.0,1,0.5398700531600709,0.3600191331969477,0.0,0.0,0.0,0.0,81940,868352,f288d40,beam_drop:drop_rate=0.3,hdc_k1,k16_sensor,4096.0,prototype,1.0,hdc_k1
sim_indoor_v1,test_ood,pure_hdc,512,512.0,0.0,0,0.0,1,0.5138806851742469,0.3717318240194455,0.0,0.0,0.0,0.0,81940,868352,f288d40,sector_drop:fraction=0.15,hdc_k1,k16_sensor,4096.0,prototype,1.0,hdc_k1
sim_indoor_v1,test_ood,pure_hdc,512,512.0,0.0,0,0.0,1,0.5038393384524513,0.31292146528980397,0.0,0.0,0.0,0.0,81940,868352,f288d40,sector_drop:fraction=0.3,hdc_k1,k16_sensor,4096.0,prototype,1.0,hdc_k1
sim_indoor_v1,test_ood,pure_hdc,512,512.0,0.0,0,0.0,1,0.6698168930891908,0.5577398477896983,0.0,0.0,0.0,0.0,81940,868352,f288d40,range_bias:bias=0.25,hdc_k1,k16_sensor,4096.0,prototype,1.0,hdc_k1
sim_indoor_v1,test_ood,pure_hdc,512,512.0,0.0,0,0.0,1,0.574719432959244,0.4734575327931604,0.0,0.0,0.0,0.0,81940,868352,f288d40,range_scale:scale=1.15,hdc_k1,k16_sensor,4096.0,prototype,1.0,hdc_k1
sim_indoor_v1,test_ood,pure_hdc,512,512.0,0.0,0,0.0,1,0.6993502658003544,0.5959249400112324,0.0,0.0,0.0,0.0,81940,868352,f288d40,gauss:sigma=0.05,hdc_k1,k16_sensor,4096.0,prototype,1.0,hdc_k1
sim_indoor_v1,test_ood,pure_hdc,512,512.0,0.0,0,0.0,1,0.6887182516243355,0.5865414146011583,0.0,0.0,0.0,0.0,81940,868352,f288d40,gauss:sigma=0.15,hdc_k1,k16_sensor,4096.0,prototype,1.0,hdc_k1
sim_indoor_v1,test_ood,pure_hdc,512,512.0,0.0,0,0.0,1,0.6326048434731246,0.5502030747720277,0.0,0.0,0.0,0.0,81940,868352,f288d40,clip:clip_to=6.0,hdc_k1,k16_sensor,4096.0,prototype,1.0,hdc_k1
sim_indoor_v1,test_id,pure_hdc,512,512.0,0.0,0,0.0,1,0.9635459817729909,0.9394999731976863,0.0,0.0,0.0,0.0,1311040,868352,f288d40,clean,hdc_k16,k16_sensor,4096.0,prototype,16.0,hdc_k16
sim_indoor_v1,test_id,pure_hdc,512,512.0,0.0,0,0.0,1,0.9527754763877382,0.9289703191621476,0.0,0.0,0.0,0.0,1311040,868352,f288d40,beam_drop:drop_rate=0.1,hdc_k16,k16_sensor,4096.0,prototype,16.0,hdc_k16
sim_indoor_v1,test_id,pure_hdc,512,512.0,0.0,0,0.0,1,0.7970173985086992,0.7419764874266944,0.0,0.0,0.0,0.0,1311040,868352,f288d40,beam_drop:drop_rate=0.3,hdc_k16,k16_sensor,4096.0,prototype,16.0,hdc_k16
sim_indoor_v1,test_id,pure_hdc,512,512.0,0.0,0,0.0,1,0.8028169014084507,0.727717879250489,0.0,0.0,0.0,0.0,1311040,868352,f288d40,sector_drop:fraction=0.15,hdc_k16,k16_sensor,4096.0,prototype,16.0,hdc_k16
sim_indoor_v1,test_id,pure_hdc,512,512.0,0.0,0,0.0,1,0.376139188069594,0.2990188811658608,0.0,0.0,0.0,0.0,1311040,868352,f288d40,sector_drop:fraction=0.3,hdc_k16,k16_sensor,4096.0,prototype,16.0,hdc_k16
sim_indoor_v1,test_id,pure_hdc,512,512.0,0.0,0,0.0,1,0.9536039768019884,0.9198349407674435,0.0,0.0,0.0,0.0,1311040,868352,f288d40,range_bias:bias=0.25,hdc_k16,k16_sensor,4096.0,prototype,16.0,hdc_k16
sim_indoor_v1,test_id,pure_hdc,512,512.0,0.0,0,0.0,1,0.947804473902237,0.9107479596988812,0.0,0.0,0.0,0.0,1311040,868352,f288d40,range_scale:scale=1.15,hdc_k16,k16_sensor,4096.0,prototype,16.0,hdc_k16
sim_indoor_v1,test_id,pure_hdc,512,512.0,0.0,0,0.0,1,0.9618889809444905,0.9377574720553271,0.0,0.0,0.0,0.0,1311040,868352,f288d40,gauss:sigma=0.05,hdc_k16,k16_sensor,4096.0,prototype,16.0,hdc_k16
sim_indoor_v1,test_id,pure_hdc,512,512.0,0.0,0,0.0,1,0.9569179784589892,0.9281405298175484,0.0,0.0,0.0,0.0,1311040,868352,f288d40,gauss:sigma=0.15,hdc_k16,k16_sensor,4096.0,prototype,16.0,hdc_k16
sim_indoor_v1,test_id,pure_hdc,512,512.0,0.0,0,0.0,1,0.8782104391052196,0.8429897401736122,0.0,0.0,0.0,0.0,1311040,868352,f288d40,clip:clip_to=6.0,hdc_k16,k16_sensor,4096.0,prototype,16.0,hdc_k16
sim_indoor_v1,test_ood,pure_hdc,512,512.0,0.0,0,0.0,1,0.8535144713526285,0.7136985797367897,0.0,0.0,0.0,0.0,1311040,868352,f288d40,clean,hdc_k16,k16_sensor,4096.0,prototype,16.0,hdc_k16
sim_indoor_v1,test_ood,pure_hdc,512,512.0,0.0,0,0.0,1,0.7064382752510336,0.5722996761406691,0.0,0.0,0.0,0.0,1311040,868352,f288d40,beam_drop:drop_rate=0.1,hdc_k16,k16_sensor,4096.0,prototype,16.0,hdc_k16
sim_indoor_v1,test_ood,pure_hdc,512,512.0,0.0,0,0.0,1,0.596574128765505,0.42529248644853135,0.0,0.0,0.0,0.0,1311040,868352,f288d40,beam_drop:drop_rate=0.3,hdc_k16,k16_sensor,4096.0,prototype,16.0,hdc_k16
sim_indoor_v1,test_ood,pure_hdc,512,512.0,0.0,0,0.0,1,0.5658594211458948,0.3977284428163575,0.0,0.0,0.0,0.0,1311040,868352,f288d40,sector_drop:fraction=0.15,hdc_k16,k16_sensor,4096.0,prototype,16.0,hdc_k16
sim_indoor_v1,test_ood,pure_hdc,512,512.0,0.0,0,0.0,1,0.42528056704075606,0.18548671068211733,0.0,0.0,0.0,0.0,1311040,868352,f288d40,sector_drop:fraction=0.3,hdc_k16,k16_sensor,4096.0,prototype,16.0,hdc_k16
sim_indoor_v1,test_ood,pure_hdc,512,512.0,0.0,0,0.0,1,0.7678676904902539,0.6373404719513069,0.0,0.0,0.0,0.0,1311040,868352,f288d40,range_bias:bias=0.25,hdc_k16,k16_sensor,4096.0,prototype,16.0,hdc_k16
sim_indoor_v1,test_ood,pure_hdc,512,512.0,0.0,0,0.0,1,0.6828115770821028,0.5666997266766945,0.0,0.0,0.0,0.0,1311040,868352,f288d40,range_scale:scale=1.15,hdc_k16,k16_sensor,4096.0,prototype,16.0,hdc_k16
sim_indoor_v1,test_ood,pure_hdc,512,512.0,0.0,0,0.0,1,0.8517424689899586,0.7102714291961926,0.0,0.0,0.0,0.0,1311040,868352,f288d40,gauss:sigma=0.05,hdc_k16,k16_sensor,4096.0,prototype,16.0,hdc_k16
sim_indoor_v1,test_ood,pure_hdc,512,512.0,0.0,0,0.0,1,0.8535144713526285,0.7132593381750976,0.0,0.0,0.0,0.0,1311040,868352,f288d40,gauss:sigma=0.15,hdc_k16,k16_sensor,4096.0,prototype,16.0,hdc_k16
sim_indoor_v1,test_ood,pure_hdc,512,512.0,0.0,0,0.0,1,0.7076196101594802,0.6133145540162933,0.0,0.0,0.0,0.0,1311040,868352,f288d40,clip:clip_to=6.0,hdc_k16,k16_sensor,4096.0,prototype,16.0,hdc_k16
sim_indoor_v1,test_id,pure_hdc,512,512.0,0.0,0,0.0,1,0.9726594863297432,0.9528257259389058,0.0,0.0,0.0,0.0,163880,868352,f288d40,clean,hdc_linear,k16_sensor,4096.0,linear,1.0,hdc_linear
sim_indoor_v1,test_id,pure_hdc,512,512.0,0.0,0,0.0,1,0.7415078707539354,0.6796661495295712,0.0,0.0,0.0,0.0,163880,868352,f288d40,beam_drop:drop_rate=0.1,hdc_linear,k16_sensor,4096.0,linear,1.0,hdc_linear
sim_indoor_v1,test_id,pure_hdc,512,512.0,0.0,0,0.0,1,0.5062137531068766,0.35992626998997546,0.0,0.0,0.0,0.0,163880,868352,f288d40,beam_drop:drop_rate=0.3,hdc_linear,k16_sensor,4096.0,linear,1.0,hdc_linear
sim_indoor_v1,test_id,pure_hdc,512,512.0,0.0,0,0.0,1,0.5915492957746479,0.4611056199271881,0.0,0.0,0.0,0.0,163880,868352,f288d40,sector_drop:fraction=0.15,hdc_linear,k16_sensor,4096.0,linear,1.0,hdc_linear
sim_indoor_v1,test_id,pure_hdc,512,512.0,0.0,0,0.0,1,0.43579121789560893,0.3100687840638884,0.0,0.0,0.0,0.0,163880,868352,f288d40,sector_drop:fraction=0.3,hdc_linear,k16_sensor,4096.0,linear,1.0,hdc_linear
sim_indoor_v1,test_id,pure_hdc,512,512.0,0.0,0,0.0,1,0.9453189726594863,0.910101443808094,0.0,0.0,0.0,0.0,163880,868352,f288d40,range_bias:bias=0.25,hdc_linear,k16_sensor,4096.0,linear,1.0,hdc_linear
sim_indoor_v1,test_id,pure_hdc,512,512.0,0.0,0,0.0,1,0.8881524440762221,0.8516813771241537,0.0,0.0,0.0,0.0,163880,868352,f288d40,range_scale:scale=1.15,hdc_linear,k16_sensor,4096.0,linear,1.0,hdc_linear
sim_indoor_v1,test_id,pure_hdc,512,512.0,0.0,0,0.0,1,0.9776304888152444,0.9616812687992308,0.0,0.0,0.0,0.0,163880,868352,f288d40,gauss:sigma=0.05,hdc_linear,k16_sensor,4096.0,linear,1.0,hdc_linear
sim_indoor_v1,test_id,pure_hdc,512,512.0,0.0,0,0.0,1,0.9726594863297432,0.9507277633430421,0.0,0.0,0.0,0.0,163880,868352,f288d40,gauss:sigma=0.15,hdc_linear,k16_sensor,4096.0,linear,1.0,hdc_linear
sim_indoor_v1,test_id,pure_hdc,512,512.0,0.0,0,0.0,1,0.5111847555923777,0.47804667807755746,0.0,0.0,0.0,0.0,163880,868352,f288d40,clip:clip_to=6.0,hdc_linear,k16_sensor,4096.0,linear,1.0,hdc_linear
sim_indoor_v1,test_ood,pure_hdc,512,512.0,0.0,0,0.0,1,0.8180744240992321,0.6618593166778514,0.0,0.0,0.0,0.0,163880,868352,f288d40,clean,hdc_linear,k16_sensor,4096.0,linear,1.0,hdc_linear
sim_indoor_v1,test_ood,pure_hdc,512,512.0,0.0,0,0.0,1,0.5977554636739516,0.429608936493658,0.0,0.0,0.0,0.0,163880,868352,f288d40,beam_drop:drop_rate=0.1,hdc_linear,k16_sensor,4096.0,linear,1.0,hdc_linear
sim_indoor_v1,test_ood,pure_hdc,512,512.0,0.0,0,0.0,1,0.5138806851742469,0.30225034105317217,0.0,0.0,0.0,0.0,163880,868352,f288d40,beam_drop:drop_rate=0.3,hdc_linear,k16_sensor,4096.0,linear,1.0,hdc_linear
sim_indoor_v1,test_ood,pure_hdc,512,512.0,0.0,0,0.0,1,0.5363260484347312,0.32758206220984326,0.0,0.0,0.0,0.0,163880,868352,f288d40,sector_drop:fraction=0.15,hdc_linear,k16_sensor,4096.0,linear,1.0,hdc_linear
sim_indoor_v1,test_ood,pure_hdc,512,512.0,0.0,0,0.0,1,0.4926166568222091,0.259512806272038,0.0,0.0,0.0,0.0,163880,868352,f288d40,sector_drop:fraction=0.3,hdc_linear,k16_sensor,4096.0,linear,1.0,hdc_linear
sim_indoor_v1,test_ood,pure_hdc,512,512.0,0.0,0,0.0,1,0.8003544004725339,0.630023965806212,0.0,0.0,0.0,0.0,163880,868352,f288d40,range_bias:bias=0.25,hdc_linear,k16_sensor,4096.0,linear,1.0,hdc_linear
sim_indoor_v1,test_ood,pure_hdc,512,512.0,0.0,0,0.0,1,0.7477849970466627,0.6027069847320935,0.0,0.0,0.0,0.0,163880,868352,f288d40,range_scale:scale=1.15,hdc_linear,k16_sensor,4096.0,linear,1.0,hdc_linear
sim_indoor_v1,test_ood,pure_hdc,512,512.0,0.0,0,0.0,1,0.8145304193738925,0.6590178912282004,0.0,0.0,0.0,0.0,163880,868352,f288d40,gauss:sigma=0.05,hdc_linear,k16_sensor,4096.0,linear,1.0,hdc_linear
sim_indoor_v1,test_ood,pure_hdc,512,512.0,0.0,0,0.0,1,0.8151210868281158,0.6582839703012535,0.0,0.0,0.0,0.0,163880,868352,f288d40,gauss:sigma=0.15,hdc_linear,k16_sensor,4096.0,linear,1.0,hdc_linear
sim_indoor_v1,test_ood,pure_hdc,512,512.0,0.0,0,0.0,1,0.49556999409332547,0.3597836174183577,0.0,0.0,0.0,0.0,163880,868352,f288d40,clip:clip_to=6.0,hdc_linear,k16_sensor,4096.0,linear,1.0,hdc_linear
sim_indoor_v1,test_id,quantized,512,188.0,0.0,0,0.0,2,0.7473073736536868,0.6436382849372578,0.0,0.0,0.0,0.0,3620,0,f288d40,clean,quantized,k16_sensor,,,,quantized
sim_indoor_v1,test_id,quantized,512,188.0,0.0,0,0.0,2,0.3380281690140845,0.30704500066296553,0.0,0.0,0.0,0.0,3620,0,f288d40,beam_drop:drop_rate=0.1,quantized,k16_sensor,,,,quantized
sim_indoor_v1,test_id,quantized,512,188.0,0.0,0,0.0,2,0.2667771333885667,0.23176997980209454,0.0,0.0,0.0,0.0,3620,0,f288d40,beam_drop:drop_rate=0.3,quantized,k16_sensor,,,,quantized
sim_indoor_v1,test_id,quantized,512,188.0,0.0,0,0.0,2,0.415907207953604,0.33319682268190765,0.0,0.0,0.0,0.0,3620,0,f288d40,sector_drop:fraction=0.15,quantized,k16_sensor,,,,quantized
sim_indoor_v1,test_id,quantized,512,188.0,0.0,0,0.0,2,0.3231151615575808,0.23187632740537395,0.0,0.0,0.0,0.0,3620,0,f288d40,sector_drop:fraction=0.3,quantized,k16_sensor,,,,quantized
sim_indoor_v1,test_id,quantized,512,188.0,0.0,0,0.0,2,0.7589063794531897,0.6516389328812074,0.0,0.0,0.0,0.0,3620,0,f288d40,range_bias:bias=0.25,quantized,k16_sensor,,,,quantized
sim_indoor_v1,test_id,quantized,512,188.0,0.0,0,0.0,2,0.743993371996686,0.6388789655174837,0.0,0.0,0.0,0.0,3620,0,f288d40,range_scale:scale=1.15,quantized,k16_sensor,,,,quantized
sim_indoor_v1,test_id,quantized,512,188.0,0.0,0,0.0,2,0.7423363711681856,0.6408022755742051,0.0,0.0,0.0,0.0,3620,0,f288d40,gauss:sigma=0.05,quantized,k16_sensor,,,,quantized
sim_indoor_v1,test_id,quantized,512,188.0,0.0,0,0.0,2,0.7067108533554267,0.6045933994725535,0.0,0.0,0.0,0.0,3620,0,f288d40,gauss:sigma=0.15,quantized,k16_sensor,,,,quantized
sim_indoor_v1,test_id,quantized,512,188.0,0.0,0,0.0,2,0.6429163214581607,0.5568193615524127,0.0,0.0,0.0,0.0,3620,0,f288d40,clip:clip_to=6.0,quantized,k16_sensor,,,,quantized
sim_indoor_v1,test_ood,quantized,512,188.0,0.0,0,0.0,2,0.7531010041346722,0.609553790350909,0.0,0.0,0.0,0.0,3620,0,f288d40,clean,quantized,k16_sensor,,,,quantized
sim_indoor_v1,test_ood,quantized,512,188.0,0.0,0,0.0,2,0.40933254577672773,0.32928748632394245,0.0,0.0,0.0,0.0,3620,0,f288d40,beam_drop:drop_rate=0.1,quantized,k16_sensor,,,,quantized
sim_indoor_v1,test_ood,quantized,512,188.0,0.0,0,0.0,2,0.3414057885410514,0.2302535250783954,0.0,0.0,0.0,0.0,3620,0,f288d40,beam_drop:drop_rate=0.3,quantized,k16_sensor,,,,quantized
sim_indoor_v1,test_ood,quantized,512,188.0,0.0,0,0.0,2,0.5109273479031305,0.35086636079376754,0.0,0.0,0.0,0.0,3620,0,f288d40,sector_drop:fraction=0.15,quantized,k16_sensor,,,,quantized
sim_indoor_v1,test_ood,quantized,512,188.0,0.0,0,0.0,2,0.46958062610750145,0.2653221120915986,0.0,0.0,0.0,0.0,3620,0,f288d40,sector_drop:fraction=0.3,quantized,k16_sensor,,,,quantized
sim_indoor_v1,test_ood,quantized,512,188.0,0.0,0,0.0,2,0.6958062610750148,0.5598797648639005,0.0,0.0,0.0,0.0,3620,0,f288d40,range_bias:bias=0.25,quantized,k16_sensor,,,,quantized
sim_indoor_v1,test_ood,quantized,512,188.0,0.0,0,0.0,2,0.6450088600118133,0.5172721116941728,0.0,0.0,0.0,0.0,3620,0,f288d40,range_scale:scale=1.15,quantized,k16_sensor,,,,quantized
sim_indoor_v1,test_ood,quantized,512,188.0,0.0,0,0.0,2,0.7395156526875369,0.5975166536597337,0.0,0.0,0.0,0.0,3620,0,f288d40,gauss:sigma=0.05,quantized,k16_sensor,,,,quantized
sim_indoor_v1,test_ood,quantized,512,188.0,0.0,0,0.0,2,0.7200236266981689,0.5855281206642033,0.0,0.0,0.0,0.0,3620,0,f288d40,gauss:sigma=0.15,quantized,k16_sensor,,,,quantized
sim_indoor_v1,test_ood,quantized,512,188.0,0.0,0,0.0,2,0.6544595392793857,0.5563424161626088,0.0,0.0,0.0,0.0,3620,0,f288d40,clip:clip_to=6.0,quantized,k16_sensor,,,,quantized
sim_indoor_v1,test_id,binary_hash,512,512.0,0.0,0,0.0,2,0.9221209610604806,0.8766804510670834,0.0,0.0,0.0,0.0,81940,2949120,f288d40,clean,binary_hash,k16_sensor,4096.0,,,binary_hash
sim_indoor_v1,test_id,binary_hash,512,512.0,0.0,0,0.0,2,0.5086992543496272,0.44459655364460493,0.0,0.0,0.0,0.0,81940,2949120,f288d40,beam_drop:drop_rate=0.1,binary_hash,k16_sensor,4096.0,,,binary_hash
sim_indoor_v1,test_id,binary_hash,512,512.0,0.0,0,0.0,2,0.2444076222038111,0.23164300720015896,0.0,0.0,0.0,0.0,81940,2949120,f288d40,beam_drop:drop_rate=0.3,binary_hash,k16_sensor,4096.0,,,binary_hash
sim_indoor_v1,test_id,binary_hash,512,512.0,0.0,0,0.0,2,0.40347970173985087,0.34745390526380804,0.0,0.0,0.0,0.0,81940,2949120,f288d40,sector_drop:fraction=0.15,binary_hash,k16_sensor,4096.0,,,binary_hash
sim_indoor_v1,test_id,binary_hash,512,512.0,0.0,0,0.0,2,0.28251864125932064,0.23636345828406702,0.0,0.0,0.0,0.0,81940,2949120,f288d40,sector_drop:fraction=0.3,binary_hash,k16_sensor,4096.0,,,binary_hash
sim_indoor_v1,test_id,binary_hash,512,512.0,0.0,0,0.0,2,0.9047224523612262,0.855944611372822,0.0,0.0,0.0,0.0,81940,2949120,f288d40,range_bias:bias=0.25,binary_hash,k16_sensor,4096.0,,,binary_hash
sim_indoor_v1,test_id,binary_hash,512,512.0,0.0,0,0.0,2,0.9130074565037283,0.8722390421635173,0.0,0.0,0.0,0.0,81940,2949120,f288d40,range_scale:scale=1.15,binary_hash,k16_sensor,4096.0,,,binary_hash
sim_indoor_v1,test_id,binary_hash,512,512.0,0.0,0,0.0,2,0.9188069594034797,0.870944574551132,0.0,0.0,0.0,0.0,81940,2949120,f288d40,gauss:sigma=0.05,binary_hash,k16_sensor,4096.0,,,binary_hash
sim_indoor_v1,test_id,binary_hash,512,512.0,0.0,0,0.0,2,0.9121789560894781,0.8628471761557114,0.0,0.0,0.0,0.0,81940,2949120,f288d40,gauss:sigma=0.15,binary_hash,k16_sensor,4096.0,,,binary_hash
sim_indoor_v1,test_id,binary_hash,512,512.0,0.0,0,0.0,2,0.8218724109362054,0.7678466895971078,0.0,0.0,0.0,0.0,81940,2949120,f288d40,clip:clip_to=6.0,binary_hash,k16_sensor,4096.0,,,binary_hash
sim_indoor_v1,test_ood,binary_hash,512,512.0,0.0,0,0.0,2,0.6190194920259894,0.5345130262838498,0.0,0.0,0.0,0.0,81940,2949120,f288d40,clean,binary_hash,k16_sensor,4096.0,,,binary_hash
sim_indoor_v1,test_ood,binary_hash,512,512.0,0.0,0,0.0,2,0.43827525103366805,0.42599764236819126,0.0,0.0,0.0,0.0,81940,2949120,f288d40,beam_drop:drop_rate=0.1,binary_hash,k16_sensor,4096.0,,,binary_hash
sim_indoor_v1,test_ood,binary_hash,512,512.0,0.0,0,0.0,2,0.25930301240401654,0.26970168572059955,0.0,0.0,0.0,0.0,81940,2949120,f288d40,beam_drop:drop_rate=0.3,binary_hash,k16_sensor,4096.0,,,binary_hash
sim_indoor_v1,test_ood,binary_hash,512,512.0,0.0,0,0.0,2,0.37684583579444775,0.3447433782736703,0.0,0.0,0.0,0.0,81940,2949120,f288d40,sector_drop:fraction=0.15,binary_hash,k16_sensor,4096.0,,,binary_hash
sim_indoor_v1,test_ood,binary_hash,512,512.0,0.0,0,0.0,2,0.3118724158298878,0.27592262590132133,0.0,0.0,0.0,0.0,81940,2949120,f288d40,sector_drop:fraction=0.3,binary_hash,k16_sensor,4096.0,,,binary_hash
sim_indoor_v1,test_ood,binary_hash,512,512.0,0.0,0,0.0,2,0.6101594802126403,0.53098375056573,0.0,0.0,0.0,0.0,81940,2949120,f288d40,range_bias:bias=0.25,binary_hash,k16_sensor,4096.0,,,binary_hash
sim_indoor_v1,test_ood,binary_hash,512,512.0,0.0,0,0.0,2,0.6054341405788541,0.531328179848555,0.0,0.0,0.0,0.0,81940,2949120,f288d40,range_scale:scale=1.15,binary_hash,k16_sensor,4096.0,,,binary_hash
sim_indoor_v1,test_ood,binary_hash,512,512.0,0.0,0,0.0,2,0.6266981689308919,0.5382432341736504,0.0,0.0,0.0,0.0,81940,2949120,f288d40,gauss:sigma=0.05,binary_hash,k16_sensor,4096.0,,,binary_hash
sim_indoor_v1,test_ood,binary_hash,512,512.0,0.0,0,0.0,2,0.6172474896633195,0.5281983282905139,0.0,0.0,0.0,0.0,81940,2949120,f288d40,gauss:sigma=0.15,binary_hash,k16_sensor,4096.0,,,binary_hash
sim_indoor_v1,test_ood,binary_hash,512,512.0,0.0,0,0.0,2,0.5351447135262847,0.49270284424760974,0.0,0.0,0.0,0.0,81940,2949120,f288d40,clip:clip_to=6.0,binary_hash,k16_sensor,4096.0,,,binary_hash
sim_indoor_v1,test_id,pure_hdc,512,512.0,0.0,0,0.0,2,0.7332228666114333,0.6651585878194195,0.0,0.0,0.0,0.0,81940,868352,f288d40,clean,hdc_k1,k16_sensor,4096.0,prototype,1.0,hdc_k1
sim_indoor_v1,test_id,pure_hdc,512,512.0,0.0,0,0.0,2,0.656172328086164,0.6071744902754278,0.0,0.0,0.0,0.0,81940,868352,f288d40,beam_drop:drop_rate=0.1,hdc_k1,k16_sensor,4096.0,prototype,1.0,hdc_k1
sim_indoor_v1,test_id,pure_hdc,512,512.0,0.0,0,0.0,2,0.4855012427506214,0.3510949584928001,0.0,0.0,0.0,0.0,81940,868352,f288d40,beam_drop:drop_rate=0.3,hdc_k1,k16_sensor,4096.0,prototype,1.0,hdc_k1
sim_indoor_v1,test_id,pure_hdc,512,512.0,0.0,0,0.0,2,0.56006628003314,0.4868877441687798,0.0,0.0,0.0,0.0,81940,868352,f288d40,sector_drop:fraction=0.15,hdc_k1,k16_sensor,4096.0,prototype,1.0,hdc_k1
sim_indoor_v1,test_id,pure_hdc,512,512.0,0.0,0,0.0,2,0.4407622203811102,0.30320292299124174,0.0,0.0,0.0,0.0,81940,868352,f288d40,sector_drop:fraction=0.3,hdc_k1,k16_sensor,4096.0,prototype,1.0,hdc_k1
sim_indoor_v1,test_id,pure_hdc,512,512.0,0.0,0,0.0,2,0.7348798674399337,0.6544931578902393,0.0,0.0,0.0,0.0,81940,868352,f288d40,range_bias:bias=0.25,hdc_k1,k16_sensor,4096.0,prototype,1.0,hdc_k1
sim_indoor_v1,test_id,pure_hdc,512,512.0,0.0,0,0.0,2,0.704225352112676,0.6343720721891479,0.0,0.0,0.0,0.0,81940,868352,f288d40,range_scale:scale=1.15,hdc_k1,k16_sensor,4096.0,prototype,1.0,hdc_k1
sim_indoor_v1,test_id,pure_hdc,512,512.0,0.0,0,0.0,2,0.7365368682684341,0.668370548644169,0.0,0.0,0.0,0.0,81940,868352,f288d40,gauss:sigma=0.05,hdc_k1,k16_sensor,4096.0,prototype,1.0,hdc_k1
sim_indoor_v1,test_id,pure_hdc,512,512.0,0.0,0,0.0,2,0.7299088649544325,0.6620728962528359,0.0,0.0,0.0,0.0,81940,868352,f288d40,gauss:sigma=0.15,hdc_k1,k16_sensor,4096.0,prototype,1.0,hdc_k1
sim_indoor_v1,test_id,pure_hdc,512,512.0,0.0,0,0.0,2,0.6586578293289147,0.5807706982355094,0.0,0.0,0.0,0.0,81940,868352,f288d40,clip:clip_to=6.0,hdc_k1,k16_sensor,4096.0,prototype,1.0,hdc_k1
sim_indoor_v1,test_ood,pure_hdc,512,512.0,0.0,0,0.0,2,0.7129356172474897,0.600416289541349,0.0,0.0,0.0,0.0,81940,868352,f288d40,clean,hdc_k1,k16_sensor,4096.0,prototype,1.0,hdc_k1
sim_indoor_v1,test_ood,pure_hdc,512,512.0,0.0,0,0.0,2,0.5327820437093916,0.4003664109994827,0.0,0.0,0.0,0.0,81940,868352,f288d40,beam_drop:drop_rate=0.1,hdc_k1,k16_sensor,4096.0,prototype,1.0,hdc_k1
sim_indoor_v1,test_ood,pure_hdc,512,512.0,0.0,0,0.0,2,0.5398700531600709,0.3450080220033977,0.0,0.0,0.0,0.0,81940,868352,f288d40,beam_drop:drop_rate=0.3,hdc_k1,k16_sensor,4096.0,prototype,1.0,hdc_k1
sim_indoor_v1,test_ood,pure_hdc,512,512.0,0.0,0,0.0,2,0.5109273479031305,0.34411189030939315,0.0,0.0,0.0,0.0,81940,868352,f288d40,sector_drop:fraction=0.15,hdc_k1,k16_sensor,4096.0,prototype,1.0,hdc_k1
sim_indoor_v1,test_ood,pure_hdc,512,512.0,0.0,0,0.0,2,0.505611340815121,0.3057592458488193,0.0,0.0,0.0,0.0,81940,868352,f288d40,sector_drop:fraction=0.3,hdc_k1,k16_sensor,4096.0,prototype,1.0,hdc_k1
sim_indoor_v1,test_ood,pure_hdc,512,512.0,0.0,0,0.0,2,0.6845835794447725,0.5671635039861082,0.0,0.0,0.0,0.0,81940,868352,f288d40,range_bias:bias=0.25,hdc_k1,k16_sensor,4096.0,prototype,1.0,hdc_k1
sim_indoor_v1,test_ood,pure_hdc,512,512.0,0.0,0,0.0,2,0.5883047844063792,0.48349898269908176,0.0,0.0,0.0,0.0,81940,868352,f288d40,range_scale:scale=1.15,hdc_k1,k16_sensor,4096.0,prototype,1.0,hdc_k1
sim_indoor_v1,test_ood,pure_hdc,512,512.0,0.0,0,0.0,2,0.707028942705257,0.5966726956556777,0.0,0.0,0.0,0.0,81940,868352,f288d40,gauss:sigma=0.05,hdc_k1,k16_sensor,4096.0,prototype,1.0,hdc_k1
sim_indoor_v1,test_ood,pure_hdc,512,512.0,0.0,0,0.0,2,0.7023036030714708,0.593642642031916,0.0,0.0,0.0,0.0,81940,868352,f288d40,gauss:sigma=0.15,hdc_k1,k16_sensor,4096.0,prototype,1.0,hdc_k1
sim_indoor_v1,test_ood,pure_hdc,512,512.0,0.0,0,0.0,2,0.6231541642055523,0.5492222368121017,0.0,0.0,0.0,0.0,81940,868352,f288d40,clip:clip_to=6.0,hdc_k1,k16_sensor,4096.0,prototype,1.0,hdc_k1
sim_indoor_v1,test_id,pure_hdc,512,512.0,0.0,0,0.0,2,0.9577464788732394,0.9284807045977127,0.0,0.0,0.0,0.0,1311040,868352,f288d40,clean,hdc_k16,k16_sensor,4096.0,prototype,16.0,hdc_k16
sim_indoor_v1,test_id,pure_hdc,512,512.0,0.0,0,0.0,2,0.932062966031483,0.8941268693168304,0.0,0.0,0.0,0.0,1311040,868352,f288d40,beam_drop:drop_rate=0.1,hdc_k16,k16_sensor,4096.0,prototype,16.0,hdc_k16
sim_indoor_v1,test_id,pure_hdc,512,512.0,0.0,0,0.0,2,0.7937033968516984,0.7115208109303128,0.0,0.0,0.0,0.0,1311040,868352,f288d40,beam_drop:drop_rate=0.3,hdc_k16,k16_sensor,4096.0,prototype,16.0,hdc_k16
sim_indoor_v1,test_id,pure_hdc,512,512.0,0.0,0,0.0,2,0.7953603976801988,0.7298365490382688,0.0,0.0,0.0,0.0,1311040,868352,f288d40,sector_drop:fraction=0.15,hdc_k16,k16_sensor,4096.0,prototype,16.0,hdc_k16
sim_indoor_v1,test_id,pure_hdc,512,512.0,0.0,0,0.0,2,0.38939519469759737,0.2960329562701622,0.0,0.0,0.0,0.0,1311040,868352,f288d40,sector_drop:fraction=0.3,hdc_k16,k16_sensor,4096.0,prototype,16.0,hdc_k16
sim_indoor_v1,test_id,pure_hdc,512,512.0,0.0,0,0.0,2,0.9461474730737366,0.9097052996238869,0.0,0.0,0.0,0.0,1311040,868352,f288d40,range_bias:bias=0.25,hdc_k16,k16_sensor,4096.0,prototype,16.0,hdc_k16
sim_indoor_v1,test_id,pure_hdc,512,512.0,0.0,0,0.0,2,0.9469759734879868,0.9181116252178526,0.0,0.0,0.0,0.0,1311040,868352,f288d40,range_scale:scale=1.15,hdc_k16,k16_sensor,4096.0,prototype,16.0,hdc_k16
sim_indoor_v1,test_id,pure_hdc,512,512.0,0.0,0,0.0,2,0.956089478044739,0.9284283197507202,0.0,0.0,0.0,0.0,1311040,868352,f288d40,gauss:sigma=0.05,hdc_k16,k16_sensor,4096.0,prototype,16.0,hdc_k16
sim_indoor_v1,test_id,pure_hdc,512,512.0,0.0,0,0.0,2,0.9552609776304888,0.9260143222142995,0.0,0.0,0.0,0.0,1311040,868352,f288d40,gauss:sigma=0.15,hdc_k16,k16_sensor,4096.0,prototype,16.0,hdc_k16
sim_indoor_v1,test_id,pure_hdc,512,512.0,0.0,0,0.0,2,0.87986743993372,0.8440807576121575,0.0,0.0,0.0,0.0,1311040,868352,f288d40,clip:clip_to=6.0,hdc_k16,k16_sensor,4096.0,prototype,16.0,hdc_k16
sim_indoor_v1,test_ood,pure_hdc,512,512.0,0.0,0,0.0,2,0.8493797991730656,0.7048250888564545,0.0,0.0,0.0,0.0,1311040,868352,f288d40,clean,hdc_k16,k16_sensor,4096.0,prototype,16.0,hdc_k16
sim_indoor_v1,test_ood,pure_hdc,512,512.0,0.0,0,0.0,2,0.6887182516243355,0.5461563587527563,0.0,0.0,0.0,0.0,1311040,868352,f288d40,beam_drop:drop_rate=0.1,hdc_k16,k16_sensor,4096.0,prototype,16.0,hdc_k16
sim_indoor_v1,test_ood,pure_hdc,512,512.0,0.0,0,0.0,2,0.5800354400472534,0.41086851597612,0.0,0.0,0.0,0.0,1311040,868352,f288d40,beam_drop:drop_rate=0.3,hdc_k16,k16_sensor,4096.0,prototype,16.0,hdc_k16
sim_indoor_v1,test_ood,pure_hdc,512,512.0,0.0,0,0.0,2,0.5794447725930302,0.4026756610267216,0.0,0.0,0.0,0.0,1311040,868352,f288d40,sector_drop:fraction=0.15,hdc_k16,k16_sensor,4096.0,prototype,16.0,hdc_k16
sim_indoor_v1,test_ood,pure_hdc,512,512.0,0.0,0,0.0,2,0.4400472533963379,0.19638141729444736,0.0,0.0,0.0,0.0,1311040,868352,f288d40,sector_drop:fraction=0.3,hdc_k16,k16_sensor,4096.0,prototype,16.0,hdc_k16
sim_indoor_v1,test_ood,pure_hdc,512,512.0,0.0,0,0.0,2,0.7501476668635558,0.6158500765507957,0.0,0.0,0.0,0.0,1311040,868352,f288d40,range_bias:bias=0.25,hdc_k16,k16_sensor,4096.0,prototype,16.0,hdc_k16
sim_indoor_v1,test_ood,pure_hdc,512,512.0,0.0,0,0.0,2,0.6757235676314235,0.5574166209858338,0.0,0.0,0.0,0.0,1311040,868352,f288d40,range_scale:scale=1.15,hdc_k16,k16_sensor,4096.0,prototype,16.0,hdc_k16
sim_indoor_v1,test_ood,pure_hdc,512,512.0,0.0,0,0.0,2,0.8440637920850561,0.6992758890558142,0.0,0.0,0.0,0.0,1311040,868352,f288d40,gauss:sigma=0.05,hdc_k16,k16_sensor,4096.0,prototype,16.0,hdc_k16
sim_indoor_v1,test_ood,pure_hdc,512,512.0,0.0,0,0.0,2,0.8446544595392794,0.6990521810359308,0.0,0.0,0.0,0.0,1311040,868352,f288d40,gauss:sigma=0.15,hdc_k16,k16_sensor,4096.0,prototype,16.0,hdc_k16
sim_indoor_v1,test_ood,pure_hdc,512,512.0,0.0,0,0.0,2,0.7105729474305966,0.6190633822182479,0.0,0.0,0.0,0.0,1311040,868352,f288d40,clip:clip_to=6.0,hdc_k16,k16_sensor,4096.0,prototype,16.0,hdc_k16
sim_indoor_v1,test_id,pure_hdc,512,512.0,0.0,0,0.0,2,0.9701739850869926,0.9493793864347759,0.0,0.0,0.0,0.0,163880,868352,f288d40,clean,hdc_linear,k16_sensor,4096.0,linear,1.0,hdc_linear
sim_indoor_v1,test_id,pure_hdc,512,512.0,0.0,0,0.0,2,0.7572493786246893,0.7002411735583087,0.0,0.0,0.0,0.0,163880,868352,f288d40,beam_drop:drop_rate=0.1,hdc_linear,k16_sensor,4096.0,linear,1.0,hdc_linear
sim_indoor_v1,test_id,pure_hdc,512,512.0,0.0,0,0.0,2,0.5327257663628832,0.3749412367880449,0.0,0.0,0.0,0.0,163880,868352,f288d40,beam_drop:drop_rate=0.3,hdc_linear,k16_sensor,4096.0,linear,1.0,hdc_linear
sim_indoor_v1,test_id,pure_hdc,512,512.0,0.0,0,0.0,2,0.5932062966031483,0.4675772198735203,0.0,0.0,0.0,0.0,163880,868352,f288d40,sector_drop:fraction=0.15,hdc_linear,k16_sensor,4096.0,linear,1.0,hdc_linear
sim_indoor_v1,test_id,pure_hdc,512,512.0,0.0,0,0.0,2,0.4730737365368683,0.3362940065564172,0.0,0.0,0.0,0.0,163880,868352,f288d40,sector_drop:fraction=0.3,hdc_linear,k16_sensor,4096.0,linear,1.0,hdc_linear
sim_indoor_v1,test_id,pure_hdc,512,512.0,0.0,0,0.0,2,0.9420049710024855,0.9004375343026968,0.0,0.0,0.0,0.0,163880,868352,f288d40,range_bias:bias=0.25,hdc_linear,k16_sensor,4096.0,linear,1.0,hdc_linear
sim_indoor_v1,test_id,pure_hdc,512,512.0,0.0,0,0.0,2,0.8773819386909694,0.8367004010832902,0.0,0.0,0.0,0.0,163880,868352,f288d40,range_scale:scale=1.15,hdc_linear,k16_sensor,4096.0,linear,1.0,hdc_linear
sim_indoor_v1,test_id,pure_hdc,512,512.0,0.0,0,0.0,2,0.9751449875724938,0.9593100902700161,0.0,0.0,0.0,0.0,163880,868352,f288d40,gauss:sigma=0.05,hdc_linear,k16_sensor,4096.0,linear,1.0,hdc_linear
sim_indoor_v1,test_id,pure_hdc,512,512.0,0.0,0,0.0,2,0.9643744821872411,0.9397738233354673,0.0,0.0,0.0,0.0,163880,868352,f288d40,gauss:sigma=0.15,hdc_linear,k16_sensor,4096.0,linear,1.0,hdc_linear
sim_indoor_v1,test_id,pure_hdc,512,512.0,0.0,0,0.0,2,0.5584092792046396,0.5264243428531243,0.0,0.0,0.0,0.0,163880,868352,f288d40,clip:clip_to=6.0,hdc_linear,k16_sensor,4096.0,linear,1.0,hdc_linear
sim_indoor_v1,test_ood,pure_hdc,512,512.0,0.0,0,0.0,2,0.8186650915534555,0.6639421300952834,0.0,0.0,0.0,0.0,163880,868352,f288d40,clean,hdc_linear,k16_sensor,4096.0,linear,1.0,hdc_linear
sim_indoor_v1,test_ood,pure_hdc,512,512.0,0.0,0,0.0,2,0.603071470761961,0.42674496020243424,0.0,0.0,0.0,0.0,163880,868352,f288d40,beam_drop:drop_rate=0.1,hdc_linear,k16_sensor,4096.0,linear,1.0,hdc_linear
sim_indoor_v1,test_ood,pure_hdc,512,512.0,0.0,0,0.0,2,0.5351447135262847,0.33752893542925144,0.0,0.0,0.0,0.0,163880,868352,f288d40,beam_drop:drop_rate=0.3,hdc_linear,k16_sensor,4096.0,linear,1.0,hdc_linear
sim_indoor_v1,test_ood,pure_hdc,512,512.0,0.0,0,0.0,2,0.5363260484347312,0.3275903919885874,0.0,0.0,0.0,0.0,163880,868352,f288d40,sector_drop:fraction=0.15,hdc_linear,k16_sensor,4096.0,linear,1.0,hdc_linear
sim_indoor_v1,test_ood,pure_hdc,512,512.0,0.0,0,0.0,2,0.509746012994684,0.3041157011359078,0.0,0.0,0.0,0.0,163880,868352,f288d40,sector_drop:fraction=0.3,hdc_linear,k16_sensor,4096.0,linear,1.0,hdc_linear
sim_indoor_v1,test_ood,pure_hdc,512,512.0,0.0,0,0.0,2,0.7926757235676314,0.6252496221851841,0.0,0.0,0.0,0.0,163880,868352,f288d40,range_bias:bias=0.25,hdc_linear,k16_sensor,4096.0,linear,1.0,hdc_linear
sim_indoor_v1,test_ood,pure_hdc,512,512.0,0.0,0,0.0,2,0.7341996455995274,0.591018992853981,0.0,0.0,0.0,0.0,163880,868352,f288d40,range_scale:scale=1.15,hdc_linear,k16_sensor,4096.0,linear,1.0,hdc_linear
sim_indoor_v1,test_ood,pure_hdc,512,512.0,0.0,0,0.0,2,0.8074424099232133,0.6494379620901453,0.0,0.0,0.0,0.0,163880,868352,f288d40,gauss:sigma=0.05,hdc_linear,k16_sensor,4096.0,linear,1.0,hdc_linear
sim_indoor_v1,test_ood,pure_hdc,512,512.0,0.0,0,0.0,2,0.8033077377436503,0.6494427616228827,0.0,0.0,0.0,0.0,163880,868352,f288d40,gauss:sigma=0.15,hdc_linear,k16_sensor,4096.0,linear,1.0,hdc_linear
sim_indoor_v1,test_ood,pure_hdc,512,512.0,0.0,0,0.0,2,0.5493207324276432,0.46760398662828295,0.0,0.0,0.0,0.0,163880,868352,f288d40,clip:clip_to=6.0,hdc_linear,k16_sensor,4096.0,linear,1.0,hdc_linear
