dataset,split,method,budget_bytes,actual_bytes,ber,burst_length,packet_loss_rate,seed,accuracy,macro_f1,encode_ms_median,encode_ms_p95,classify_ms_median,classify_ms_p95,model_bytes,shared_memory_bytes,git_commit,sensor,dimension,invalid_mode,invalid_storage,method_tag,sweep,hdc_head,n_centroids,method_label
sim_indoor_v1,test_id,binary_hash,512,512.0,0.0,0,0.0,0,0.9154929577464789,0.8662026074723801,0.0,0.0,0.0,0.0,81940,2949120,bbbaed8,clean,4096,fill,max_range,binary_hash,k16_sector_encode,,,binary_hash
sim_indoor_v1,test_id,binary_hash,512,512.0,0.0,0,0.0,0,0.49378624689312345,0.4433639544057512,0.0,0.0,0.0,0.0,81940,2949120,bbbaed8,beam_drop:drop_rate=0.1,4096,fill,max_range,binary_hash,k16_sector_encode,,,binary_hash
sim_indoor_v1,test_id,binary_hash,512,512.0,0.0,0,0.0,0,0.19469759734879868,0.19133727297223152,0.0,0.0,0.0,0.0,81940,2949120,bbbaed8,beam_drop:drop_rate=0.3,4096,fill,max_range,binary_hash,k16_sector_encode,,,binary_hash
sim_indoor_v1,test_id,binary_hash,512,512.0,0.0,0,0.0,0,0.38193869096934546,0.33010496622417995,0.0,0.0,0.0,0.0,81940,2949120,bbbaed8,sector_drop:fraction=0.15,4096,fill,max_range,binary_hash,k16_sector_encode,,,binary_hash
sim_indoor_v1,test_id,binary_hash,512,512.0,0.0,0,0.0,0,0.2626346313173157,0.22469036007116633,0.0,0.0,0.0,0.0,81940,2949120,bbbaed8,sector_drop:fraction=0.3,4096,fill,max_range,binary_hash,k16_sector_encode,,,binary_hash
sim_indoor_v1,test_ood,binary_hash,512,512.0,0.0,0,0.0,0,0.6249261665682221,0.54033424196439,0.0,0.0,0.0,0.0,81940,2949120,bbbaed8,clean,4096,fill,max_range,binary_hash,k16_sector_encode,,,binary_hash
sim_indoor_v1,test_ood,binary_hash,512,512.0,0.0,0,0.0,0,0.4282339043118724,0.4245601953917205,0.0,0.0,0.0,0.0,81940,2949120,bbbaed8,beam_drop:drop_rate=0.1,4096,fill,max_range,binary_hash,k16_sector_encode,,,binary_hash
sim_indoor_v1,test_ood,binary_hash,512,512.0,0.0,0,0.0,0,0.24630832841110456,0.2587004961021998,0.0,0.0,0.0,0.0,81940,2949120,bbbaed8,beam_drop:drop_rate=0.3,4096,fill,max_range,binary_hash,k16_sector_encode,,,binary_hash
sim_indoor_v1,test_ood,binary_hash,512,512.0,0.0,0,0.0,0,0.3691671588895452,0.34659224818396983,0.0,0.0,0.0,0.0,81940,2949120,bbbaed8,sector_drop:fraction=0.15,4096,fill,max_range,binary_hash,k16_sector_encode,,,binary_hash
sim_indoor_v1,test_ood,binary_hash,512,512.0,0.0,0,0.0,0,0.29356172474896636,0.25632132772406174,0.0,0.0,0.0,0.0,81940,2949120,bbbaed8,sector_drop:fraction=0.3,4096,fill,max_range,binary_hash,k16_sector_encode,,,binary_hash
sim_indoor_v1,test_id,pure_hdc,512,512.0,0.0,0,0.0,0,0.9577464788732394,0.9303367793652747,0.0,0.0,0.0,0.0,1311040,868352,bbbaed8,clean,4096,fill,max_range,hdc_k16/fill,k16_sector_encode,prototype,16.0,hdc_k16/fill
sim_indoor_v1,test_id,pure_hdc,512,512.0,0.0,0,0.0,0,0.9461474730737366,0.9178758423795406,0.0,0.0,0.0,0.0,1311040,868352,bbbaed8,beam_drop:drop_rate=0.1,4096,fill,max_range,hdc_k16/fill,k16_sector_encode,prototype,16.0,hdc_k16/fill
sim_indoor_v1,test_id,pure_hdc,512,512.0,0.0,0,0.0,0,0.8177299088649544,0.7682103338691534,0.0,0.0,0.0,0.0,1311040,868352,bbbaed8,beam_drop:drop_rate=0.3,4096,fill,max_range,hdc_k16/fill,k16_sector_encode,prototype,16.0,hdc_k16/fill
sim_indoor_v1,test_id,pure_hdc,512,512.0,0.0,0,0.0,0,0.7796188898094449,0.7005575202642034,0.0,0.0,0.0,0.0,1311040,868352,bbbaed8,sector_drop:fraction=0.15,4096,fill,max_range,hdc_k16/fill,k16_sector_encode,prototype,16.0,hdc_k16/fill
sim_indoor_v1,test_id,pure_hdc,512,512.0,0.0,0,0.0,0,0.3951946975973488,0.32241720635962395,0.0,0.0,0.0,0.0,1311040,868352,bbbaed8,sector_drop:fraction=0.3,4096,fill,max_range,hdc_k16/fill,k16_sector_encode,prototype,16.0,hdc_k16/fill
sim_indoor_v1,test_ood,pure_hdc,512,512.0,0.0,0,0.0,0,0.8476077968103958,0.7021949090745319,0.0,0.0,0.0,0.0,1311040,868352,bbbaed8,clean,4096,fill,max_range,hdc_k16/fill,k16_sector_encode,prototype,16.0,hdc_k16/fill
sim_indoor_v1,test_ood,pure_hdc,512,512.0,0.0,0,0.0,0,0.6975782634376846,0.5645582059569966,0.0,0.0,0.0,0.0,1311040,868352,bbbaed8,beam_drop:drop_rate=0.1,4096,fill,max_range,hdc_k16/fill,k16_sector_encode,prototype,16.0,hdc_k16/fill
sim_indoor_v1,test_ood,pure_hdc,512,512.0,0.0,0,0.0,0,0.5936207914943886,0.4218593091607241,0.0,0.0,0.0,0.0,1311040,868352,bbbaed8,beam_drop:drop_rate=0.3,4096,fill,max_range,hdc_k16/fill,k16_sector_encode,prototype,16.0,hdc_k16/fill
sim_indoor_v1,test_ood,pure_hdc,512,512.0,0.0,0,0.0,0,0.5717660956881275,0.40198315265898665,0.0,0.0,0.0,0.0,1311040,868352,bbbaed8,sector_drop:fraction=0.15,4096,fill,max_range,hdc_k16/fill,k16_sector_encode,prototype,16.0,hdc_k16/fill
sim_indoor_v1,test_ood,pure_hdc,512,512.0,0.0,0,0.0,0,0.44654459539279384,0.19601701367979532,0.0,0.0,0.0,0.0,1311040,868352,bbbaed8,sector_drop:fraction=0.3,4096,fill,max_range,hdc_k16/fill,k16_sector_encode,prototype,16.0,hdc_k16/fill
sim_indoor_v1,test_id,pure_hdc,512,512.0,0.0,0,0.0,0,0.9577464788732394,0.9303367793652747,0.0,0.0,0.0,0.0,1311040,868352,bbbaed8,clean,4096,skip,nan,hdc_k16/skip,k16_sector_encode,prototype,16.0,hdc_k16/skip
sim_indoor_v1,test_id,pure_hdc,512,512.0,0.0,0,0.0,0,0.9585749792874897,0.9319390566143813,0.0,0.0,0.0,0.0,1311040,868352,bbbaed8,beam_drop:drop_rate=0.1,4096,skip,nan,hdc_k16/skip,k16_sector_encode,prototype,16.0,hdc_k16/skip
sim_indoor_v1,test_id,pure_hdc,512,512.0,0.0,0,0.0,0,0.951946975973488,0.9256995394097597,0.0,0.0,0.0,0.0,1311040,868352,bbbaed8,beam_drop:drop_rate=0.3,4096,skip,nan,hdc_k16/skip,k16_sector_encode,prototype,16.0,hdc_k16/skip
sim_indoor_v1,test_id,pure_hdc,512,512.0,0.0,0,0.0,0,0.9411764705882353,0.9074944516317147,0.0,0.0,0.0,0.0,1311040,868352,bbbaed8,sector_drop:fraction=0.15,4096,skip,nan,hdc_k16/skip,k16_sector_encode,prototype,16.0,hdc_k16/skip
sim_indoor_v1,test_id,pure_hdc,512,512.0,0.0,0,0.0,0,0.899751449875725,0.8523344294913523,0.0,0.0,0.0,0.0,1311040,868352,bbbaed8,sector_drop:fraction=0.3,4096,skip,nan,hdc_k16/skip,k16_sector_encode,prototype,16.0,hdc_k16/skip
sim_indoor_v1,test_ood,pure_hdc,512,512.0,0.0,0,0.0,0,0.8476077968103958,0.7021949090745319,0.0,0.0,0.0,0.0,1311040,868352,bbbaed8,clean,4096,skip,nan,hdc_k16/skip,k16_sector_encode,prototype,16.0,hdc_k16/skip
sim_indoor_v1,test_ood,pure_hdc,512,512.0,0.0,0,0.0,0,0.8080330773774365,0.6637653389206911,0.0,0.0,0.0,0.0,1311040,868352,bbbaed8,beam_drop:drop_rate=0.1,4096,skip,nan,hdc_k16/skip,k16_sector_encode,prototype,16.0,hdc_k16/skip
sim_indoor_v1,test_ood,pure_hdc,512,512.0,0.0,0,0.0,0,0.7690490253987006,0.6136658364628145,0.0,0.0,0.0,0.0,1311040,868352,bbbaed8,beam_drop:drop_rate=0.3,4096,skip,nan,hdc_k16/skip,k16_sector_encode,prototype,16.0,hdc_k16/skip
sim_indoor_v1,test_ood,pure_hdc,512,512.0,0.0,0,0.0,0,0.7625516834022446,0.611652316333622,0.0,0.0,0.0,0.0,1311040,868352,bbbaed8,sector_drop:fraction=0.15,4096,skip,nan,hdc_k16/skip,k16_sector_encode,prototype,16.0,hdc_k16/skip
sim_indoor_v1,test_ood,pure_hdc,512,512.0,0.0,0,0.0,0,0.6952155936207915,0.5541268794923981,0.0,0.0,0.0,0.0,1311040,868352,bbbaed8,sector_drop:fraction=0.3,4096,skip,nan,hdc_k16/skip,k16_sector_encode,prototype,16.0,hdc_k16/skip
sim_indoor_v1,test_id,pure_hdc,512,512.0,0.0,0,0.0,0,0.9577464788732394,0.9303367793652747,0.0,0.0,0.0,0.0,1311040,872448,bbbaed8,clean,4096,drop,nan,hdc_k16/drop,k16_sector_encode,prototype,16.0,hdc_k16/drop
sim_indoor_v1,test_id,pure_hdc,512,512.0,0.0,0,0.0,0,0.9552609776304888,0.9262401318831983,0.0,0.0,0.0,0.0,1311040,872448,bbbaed8,beam_drop:drop_rate=0.1,4096,drop,nan,hdc_k16/drop,k16_sector_encode,prototype,16.0,hdc_k16/drop
sim_indoor_v1,test_id,pure_hdc,512,512.0,0.0,0,0.0,0,0.9461474730737366,0.9165755380492218,0.0,0.0,0.0,0.0,1311040,872448,bbbaed8,beam_drop:drop_rate=0.3,4096,drop,nan,hdc_k16/drop,k16_sector_encode,prototype,16.0,hdc_k16/drop
sim_indoor_v1,test_id,pure_hdc,512,512.0,0.0,0,0.0,0,0.9436619718309859,0.912753155820895,0.0,0.0,0.0,0.0,1311040,872448,bbbaed8,sector_drop:fraction=0.15,4096,drop,nan,hdc_k16/drop,k16_sector_encode,prototype,16.0,hdc_k16/drop
sim_indoor_v1,test_id,pure_hdc,512,512.0,0.0,0,0.0,0,0.8956089478044739,0.8432805147074012,0.0,0.0,0.0,0.0,1311040,872448,bbbaed8,sector_drop:fraction=0.3,4096,drop,nan,hdc_k16/drop,k16_sector_encode,prototype,16.0,hdc_k16/drop
sim_indoor_v1,test_ood,pure_hdc,512,512.0,0.0,0,0.0,0,0.8476077968103958,0.7021949090745319,0.0,0.0,0.0,0.0,1311040,872448,bbbaed8,clean,4096,drop,nan,hdc_k16/drop,k16_sector_encode,prototype,16.0,hdc_k16/drop
sim_indoor_v1,test_ood,pure_hdc,512,512.0,0.0,0,0.0,0,0.8298877731836976,0.6848568489552342,0.0,0.0,0.0,0.0,1311040,872448,bbbaed8,beam_drop:drop_rate=0.1,4096,drop,nan,hdc_k16/drop,k16_sector_encode,prototype,16.0,hdc_k16/drop
sim_indoor_v1,test_ood,pure_hdc,512,512.0,0.0,0,0.0,0,0.8304784406379209,0.6843183486010311,0.0,0.0,0.0,0.0,1311040,872448,bbbaed8,beam_drop:drop_rate=0.3,4096,drop,nan,hdc_k16/drop,k16_sector_encode,prototype,16.0,hdc_k16/drop
sim_indoor_v1,test_ood,pure_hdc,512,512.0,0.0,0,0.0,0,0.7979917306556409,0.6478151506151939,0.0,0.0,0.0,0.0,1311040,872448,bbbaed8,sector_drop:fraction=0.15,4096,drop,nan,hdc_k16/drop,k16_sector_encode,prototype,16.0,hdc_k16/drop
sim_indoor_v1,test_ood,pure_hdc,512,512.0,0.0,0,0.0,0,0.7536916715888955,0.6172077460525786,0.0,0.0,0.0,0.0,1311040,872448,bbbaed8,sector_drop:fraction=0.3,4096,drop,nan,hdc_k16/drop,k16_sector_encode,prototype,16.0,hdc_k16/drop
sim_indoor_v1,test_id,binary_hash,512,512.0,0.0,0,0.0,1,0.9270919635459818,0.8840642692353267,0.0,0.0,0.0,0.0,81940,2949120,bbbaed8,clean,4096,fill,max_range,binary_hash,k16_sector_encode,,,binary_hash
sim_indoor_v1,test_id,binary_hash,512,512.0,0.0,0,0.0,1,0.507870753935377,0.4487836109472158,0.0,0.0,0.0,0.0,81940,2949120,bbbaed8,beam_drop:drop_rate=0.1,4096,fill,max_range,binary_hash,k16_sector_encode,,,binary_hash
sim_indoor_v1,test_id,binary_hash,512,512.0,0.0,0,0.0,1,0.23943661971830985,0.22713299522795038,0.0,0.0,0.0,0.0,81940,2949120,bbbaed8,beam_drop:drop_rate=0.3,4096,fill,max_range,binary_hash,k16_sector_encode,,,binary_hash
sim_indoor_v1,test_id,binary_hash,512,512.0,0.0,0,0.0,1,0.39436619718309857,0.33751702145988666,0.0,0.0,0.0,0.0,81940,2949120,bbbaed8,sector_drop:fraction=0.15,4096,fill,max_range,binary_hash,k16_sector_encode,,,binary_hash
sim_indoor_v1,test_id,binary_hash,512,512.0,0.0,0,0.0,1,0.275890637945319,0.2246684978177144,0.0,0.0,0.0,0.0,81940,2949120,bbbaed8,sector_drop:fraction=0.3,4096,fill,max_range,binary_hash,k16_sector_encode,,,binary_hash
sim_indoor_v1,test_ood,binary_hash,512,512.0,0.0,0,0.0,1,0.6243354991139988,0.5479476601387901,0.0,0.0,0.0,0.0,81940,2949120,bbbaed8,clean,4096,fill,max_range,binary_hash,k16_sector_encode,,,binary_hash
sim_indoor_v1,test_ood,binary_hash,512,512.0,0.0,0,0.0,1,0.44063792085056114,0.4362235325858775,0.0,0.0,0.0,0.0,81940,2949120,bbbaed8,beam_drop:drop_rate=0.1,4096,fill,max_range,binary_hash,k16_sector_encode,,,binary_hash
sim_indoor_v1,test_ood,binary_hash,512,512.0,0.0,0,0.0,1,0.25457767277023036,0.2618944431036506,0.0,0.0,0.0,0.0,81940,2949120,bbbaed8,beam_drop:drop_rate=0.3,4096,fill,max_range,binary_hash,k16_sector_encode,,,binary_hash
sim_indoor_v1,test_ood,binary_hash,512,512.0,0.0,0,0.0,1,0.3756645008860012,0.3480889245694906,0.0,0.0,0.0,0.0,81940,2949120,bbbaed8,sector_drop:fraction=0.15,4096,fill,max_range,binary_hash,k16_sector_encode,,,binary_hash
sim_indoor_v1,test_ood,binary_hash,512,512.0,0.0,0,0.0,1,0.32309509746012993,0.26416949313282967,0.0,0.0,0.0,0.0,81940,2949120,bbbaed8,sector_drop:fraction=0.3,4096,fill,max_range,binary_hash,k16_sector_encode,,,binary_hash
sim_indoor_v1,test_id,pure_hdc,512,512.0,0.0,0,0.0,1,0.9635459817729909,0.9394999731976863,0.0,0.0,0.0,0.0,1311040,868352,bbbaed8,clean,4096,fill,max_range,hdc_k16/fill,k16_sector_encode,prototype,16.0,hdc_k16/fill
sim_indoor_v1,test_id,pure_hdc,512,512.0,0.0,0,0.0,1,0.9527754763877382,0.9289703191621476,0.0,0.0,0.0,0.0,1311040,868352,bbbaed8,beam_drop:drop_rate=0.1,4096,fill,max_range,hdc_k16/fill,k16_sector_encode,prototype,16.0,hdc_k16/fill
sim_indoor_v1,test_id,pure_hdc,512,512.0,0.0,0,0.0,1,0.7970173985086992,0.7419764874266944,0.0,0.0,0.0,0.0,1311040,868352,bbbaed8,beam_drop:drop_rate=0.3,4096,fill,max_range,hdc_k16/fill,k16_sector_encode,prototype,16.0,hdc_k16/fill
sim_indoor_v1,test_id,pure_hdc,512,512.0,0.0,0,0.0,1,0.8028169014084507,0.727717879250489,0.0,0.0,0.0,0.0,1311040,868352,bbbaed8,sector_drop:fraction=0.15,4096,fill,max_range,hdc_k16/fill,k16_sector_encode,prototype,16.0,hdc_k16/fill
sim_indoor_v1,test_id,pure_hdc,512,512.0,0.0,0,0.0,1,0.376139188069594,0.2990188811658608,0.0,0.0,0.0,0.0,1311040,868352,bbbaed8,sector_drop:fraction=0.3,4096,fill,max_range,hdc_k16/fill,k16_sector_encode,prototype,16.0,hdc_k16/fill
sim_indoor_v1,test_ood,pure_hdc,512,512.0,0.0,0,0.0,1,0.8535144713526285,0.7136985797367897,0.0,0.0,0.0,0.0,1311040,868352,bbbaed8,clean,4096,fill,max_range,hdc_k16/fill,k16_sector_encode,prototype,16.0,hdc_k16/fill
sim_indoor_v1,test_ood,pure_hdc,512,512.0,0.0,0,0.0,1,0.7064382752510336,0.5722996761406691,0.0,0.0,0.0,0.0,1311040,868352,bbbaed8,beam_drop:drop_rate=0.1,4096,fill,max_range,hdc_k16/fill,k16_sector_encode,prototype,16.0,hdc_k16/fill
sim_indoor_v1,test_ood,pure_hdc,512,512.0,0.0,0,0.0,1,0.596574128765505,0.42529248644853135,0.0,0.0,0.0,0.0,1311040,868352,bbbaed8,beam_drop:drop_rate=0.3,4096,fill,max_range,hdc_k16/fill,k16_sector_encode,prototype,16.0,hdc_k16/fill
sim_indoor_v1,test_ood,pure_hdc,512,512.0,0.0,0,0.0,1,0.5658594211458948,0.3977284428163575,0.0,0.0,0.0,0.0,1311040,868352,bbbaed8,sector_drop:fraction=0.15,4096,fill,max_range,hdc_k16/fill,k16_sector_encode,prototype,16.0,hdc_k16/fill
sim_indoor_v1,test_ood,pure_hdc,512,512.0,0.0,0,0.0,1,0.42528056704075606,0.18548671068211733,0.0,0.0,0.0,0.0,1311040,868352,bbbaed8,sector_drop:fraction=0.3,4096,fill,max_range,hdc_k16/fill,k16_sector_encode,prototype,16.0,hdc_k16/fill
sim_indoor_v1,test_id,pure_hdc,512,512.0,0.0,0,0.0,1,0.9635459817729909,0.9394999731976863,0.0,0.0,0.0,0.0,1311040,868352,bbbaed8,clean,4096,skip,nan,hdc_k16/skip,k16_sector_encode,prototype,16.0,hdc_k16/skip
sim_indoor_v1,test_id,pure_hdc,512,512.0,0.0,0,0.0,1,0.956089478044739,0.9289322179299683,0.0,0.0,0.0,0.0,1311040,868352,bbbaed8,beam_drop:drop_rate=0.1,4096,skip,nan,hdc_k16/skip,k16_sector_encode,prototype,16.0,hdc_k16/skip
sim_indoor_v1,test_id,pure_hdc,512,512.0,0.0,0,0.0,1,0.9494614747307374,0.9196584555795082,0.0,0.0,0.0,0.0,1311040,868352,bbbaed8,beam_drop:drop_rate=0.3,4096,skip,nan,hdc_k16/skip,k16_sector_encode,prototype,16.0,hdc_k16/skip
sim_indoor_v1,test_id,pure_hdc,512,512.0,0.0,0,0.0,1,0.9428334714167357,0.9060063376354563,0.0,0.0,0.0,0.0,1311040,868352,bbbaed8,sector_drop:fraction=0.15,4096,skip,nan,hdc_k16/skip,k16_sector_encode,prototype,16.0,hdc_k16/skip
sim_indoor_v1,test_id,pure_hdc,512,512.0,0.0,0,0.0,1,0.9022369511184756,0.8441379564355399,0.0,0.0,0.0,0.0,1311040,868352,bbbaed8,sector_drop:fraction=0.3,4096,skip,nan,hdc_k16/skip,k16_sector_encode,prototype,16.0,hdc_k16/skip
sim_indoor_v1,test_ood,pure_hdc,512,512.0,0.0,0,0.0,1,0.8535144713526285,0.7136985797367897,0.0,0.0,0.0,0.0,1311040,868352,bbbaed8,clean,4096,skip,nan,hdc_k16/skip,k16_sector_encode,prototype,16.0,hdc_k16/skip
sim_indoor_v1,test_ood,pure_hdc,512,512.0,0.0,0,0.0,1,0.8038984051978736,0.6624303175642257,0.0,0.0,0.0,0.0,1311040,868352,bbbaed8,beam_drop:drop_rate=0.1,4096,skip,nan,hdc_k16/skip,k16_sector_encode,prototype,16.0,hdc_k16/skip
sim_indoor_v1,test_ood,pure_hdc,512,512.0,0.0,0,0.0,1,0.7779090372120496,0.6315245437822896,0.0,0.0,0.0,0.0,1311040,868352,bbbaed8,beam_drop:drop_rate=0.3,4096,skip,nan,hdc_k16/skip,k16_sector_encode,prototype,16.0,hdc_k16/skip
sim_indoor_v1,test_ood,pure_hdc,512,512.0,0.0,0,0.0,1,0.7814530419373893,0.6338086267623798,0.0,0.0,0.0,0.0,1311040,868352,bbbaed8,sector_drop:fraction=0.15,4096,skip,nan,hdc_k16/skip,k16_sector_encode,prototype,16.0,hdc_k16/skip
sim_indoor_v1,test_ood,pure_hdc,512,512.0,0.0,0,0.0,1,0.7117542823390431,0.5655073845850527,0.0,0.0,0.0,0.0,1311040,868352,bbbaed8,sector_drop:fraction=0.3,4096,skip,nan,hdc_k16/skip,k16_sector_encode,prototype,16.0,hdc_k16/skip
sim_indoor_v1,test_id,pure_hdc,512,512.0,0.0,0,0.0,1,0.9635459817729909,0.9394999731976863,0.0,0.0,0.0,0.0,1311040,872448,bbbaed8,clean,4096,drop,nan,hdc_k16/drop,k16_sector_encode,prototype,16.0,hdc_k16/drop
sim_indoor_v1,test_id,pure_hdc,512,512.0,0.0,0,0.0,1,0.9602319801159901,0.9359744071907903,0.0,0.0,0.0,0.0,1311040,872448,bbbaed8,beam_drop:drop_rate=0.1,4096,drop,nan,hdc_k16/drop,k16_sector_encode,prototype,16.0,hdc_k16/drop
sim_indoor_v1,test_id,pure_hdc,512,512.0,0.0,0,0.0,1,0.9502899751449876,0.9197867696722865,0.0,0.0,0.0,0.0,1311040,872448,bbbaed8,beam_drop:drop_rate=0.3,4096,drop,nan,hdc_k16/drop,k16_sector_encode,prototype,16.0,hdc_k16/drop
sim_indoor_v1,test_id,pure_hdc,512,512.0,0.0,0,0.0,1,0.947804473902237,0.9128208103989743,0.0,0.0,0.0,0.0,1311040,872448,bbbaed8,sector_drop:fraction=0.15,4096,drop,nan,hdc_k16/drop,k16_sector_encode,prototype,16.0,hdc_k16/drop
sim_indoor_v1,test_id,pure_hdc,512,512.0,0.0,0,0.0,1,0.8964374482187241,0.8460302999954674,0.0,0.0,0.0,0.0,1311040,872448,bbbaed8,sector_drop:fraction=0.3,4096,drop,nan,hdc_k16/drop,k16_sector_encode,prototype,16.0,hdc_k16/drop
sim_indoor_v1,test_ood,pure_hdc,512,512.0,0.0,0,0.0,1,0.8535144713526285,0.7136985797367897,0.0,0.0,0.0,0.0,1311040,872448,bbbaed8,clean,4096,drop,nan,hdc_k16/drop,k16_sector_encode,prototype,16.0,hdc_k16/drop
sim_indoor_v1,test_ood,pure_hdc,512,512.0,0.0,0,0.0,1,0.8210277613703485,0.6771650478414865,0.0,0.0,0.0,0.0,1311040,872448,bbbaed8,beam_drop:drop_rate=0.1,4096,drop,nan,hdc_k16/drop,k16_sector_encode,prototype,16.0,hdc_k16/drop
sim_indoor_v1,test_ood,pure_hdc,512,512.0,0.0,0,0.0,1,0.8310691080921441,0.6904511325843734,0.0,0.0,0.0,0.0,1311040,872448,bbbaed8,beam_drop:drop_rate=0.3,4096,drop,nan,hdc_k16/drop,k16_sector_encode,prototype,16.0,hdc_k16/drop
sim_indoor_v1,test_ood,pure_hdc,512,512.0,0.0,0,0.0,1,0.813349084465446,0.6683270387915583,0.0,0.0,0.0,0.0,1311040,872448,bbbaed8,sector_drop:fraction=0.15,4096,drop,nan,hdc_k16/drop,k16_sector_encode,prototype,16.0,hdc_k16/drop
sim_indoor_v1,test_ood,pure_hdc,512,512.0,0.0,0,0.0,1,0.7519196692262257,0.625946288742725,0.0,0.0,0.0,0.0,1311040,872448,bbbaed8,sector_drop:fraction=0.3,4096,drop,nan,hdc_k16/drop,k16_sector_encode,prototype,16.0,hdc_k16/drop
sim_indoor_v1,test_id,binary_hash,512,512.0,0.0,0,0.0,2,0.9221209610604806,0.8766804510670834,0.0,0.0,0.0,0.0,81940,2949120,bbbaed8,clean,4096,fill,max_range,binary_hash,k16_sector_encode,,,binary_hash
sim_indoor_v1,test_id,binary_hash,512,512.0,0.0,0,0.0,2,0.5086992543496272,0.44459655364460493,0.0,0.0,0.0,0.0,81940,2949120,bbbaed8,beam_drop:drop_rate=0.1,4096,fill,max_range,binary_hash,k16_sector_encode,,,binary_hash
sim_indoor_v1,test_id,binary_hash,512,512.0,0.0,0,0.0,2,0.2444076222038111,0.23164300720015896,0.0,0.0,0.0,0.0,81940,2949120,bbbaed8,beam_drop:drop_rate=0.3,4096,fill,max_range,binary_hash,k16_sector_encode,,,binary_hash
sim_indoor_v1,test_id,binary_hash,512,512.0,0.0,0,0.0,2,0.40347970173985087,0.34745390526380804,0.0,0.0,0.0,0.0,81940,2949120,bbbaed8,sector_drop:fraction=0.15,4096,fill,max_range,binary_hash,k16_sector_encode,,,binary_hash
sim_indoor_v1,test_id,binary_hash,512,512.0,0.0,0,0.0,2,0.28251864125932064,0.23636345828406702,0.0,0.0,0.0,0.0,81940,2949120,bbbaed8,sector_drop:fraction=0.3,4096,fill,max_range,binary_hash,k16_sector_encode,,,binary_hash
sim_indoor_v1,test_ood,binary_hash,512,512.0,0.0,0,0.0,2,0.6190194920259894,0.5345130262838498,0.0,0.0,0.0,0.0,81940,2949120,bbbaed8,clean,4096,fill,max_range,binary_hash,k16_sector_encode,,,binary_hash
sim_indoor_v1,test_ood,binary_hash,512,512.0,0.0,0,0.0,2,0.43827525103366805,0.42599764236819126,0.0,0.0,0.0,0.0,81940,2949120,bbbaed8,beam_drop:drop_rate=0.1,4096,fill,max_range,binary_hash,k16_sector_encode,,,binary_hash
sim_indoor_v1,test_ood,binary_hash,512,512.0,0.0,0,0.0,2,0.25930301240401654,0.26970168572059955,0.0,0.0,0.0,0.0,81940,2949120,bbbaed8,beam_drop:drop_rate=0.3,4096,fill,max_range,binary_hash,k16_sector_encode,,,binary_hash
sim_indoor_v1,test_ood,binary_hash,512,512.0,0.0,0,0.0,2,0.37684583579444775,0.3447433782736703,0.0,0.0,0.0,0.0,81940,2949120,bbbaed8,sector_drop:fraction=0.15,4096,fill,max_range,binary_hash,k16_sector_encode,,,binary_hash
sim_indoor_v1,test_ood,binary_hash,512,512.0,0.0,0,0.0,2,0.3118724158298878,0.27592262590132133,0.0,0.0,0.0,0.0,81940,2949120,bbbaed8,sector_drop:fraction=0.3,4096,fill,max_range,binary_hash,k16_sector_encode,,,binary_hash
sim_indoor_v1,test_id,pure_hdc,512,512.0,0.0,0,0.0,2,0.9577464788732394,0.9284807045977127,0.0,0.0,0.0,0.0,1311040,868352,bbbaed8,clean,4096,fill,max_range,hdc_k16/fill,k16_sector_encode,prototype,16.0,hdc_k16/fill
sim_indoor_v1,test_id,pure_hdc,512,512.0,0.0,0,0.0,2,0.932062966031483,0.8941268693168304,0.0,0.0,0.0,0.0,1311040,868352,bbbaed8,beam_drop:drop_rate=0.1,4096,fill,max_range,hdc_k16/fill,k16_sector_encode,prototype,16.0,hdc_k16/fill
sim_indoor_v1,test_id,pure_hdc,512,512.0,0.0,0,0.0,2,0.7937033968516984,0.7115208109303128,0.0,0.0,0.0,0.0,1311040,868352,bbbaed8,beam_drop:drop_rate=0.3,4096,fill,max_range,hdc_k16/fill,k16_sector_encode,prototype,16.0,hdc_k16/fill
sim_indoor_v1,test_id,pure_hdc,512,512.0,0.0,0,0.0,2,0.7953603976801988,0.7298365490382688,0.0,0.0,0.0,0.0,1311040,868352,bbbaed8,sector_drop:fraction=0.15,4096,fill,max_range,hdc_k16/fill,k16_sector_encode,prototype,16.0,hdc_k16/fill
sim_indoor_v1,test_id,pure_hdc,512,512.0,0.0,0,0.0,2,0.38939519469759737,0.2960329562701622,0.0,0.0,0.0,0.0,1311040,868352,bbbaed8,sector_drop:fraction=0.3,4096,fill,max_range,hdc_k16/fill,k16_sector_encode,prototype,16.0,hdc_k16/fill
sim_indoor_v1,test_ood,pure_hdc,512,512.0,0.0,0,0.0,2,0.8493797991730656,0.7048250888564545,0.0,0.0,0.0,0.0,1311040,868352,bbbaed8,clean,4096,fill,max_range,hdc_k16/fill,k16_sector_encode,prototype,16.0,hdc_k16/fill
sim_indoor_v1,test_ood,pure_hdc,512,512.0,0.0,0,0.0,2,0.6887182516243355,0.5461563587527563,0.0,0.0,0.0,0.0,1311040,868352,bbbaed8,beam_drop:drop_rate=0.1,4096,fill,max_range,hdc_k16/fill,k16_sector_encode,prototype,16.0,hdc_k16/fill
sim_indoor_v1,test_ood,pure_hdc,512,512.0,0.0,0,0.0,2,0.5800354400472534,0.41086851597612,0.0,0.0,0.0,0.0,1311040,868352,bbbaed8,beam_drop:drop_rate=0.3,4096,fill,max_range,hdc_k16/fill,k16_sector_encode,prototype,16.0,hdc_k16/fill
sim_indoor_v1,test_ood,pure_hdc,512,512.0,0.0,0,0.0,2,0.5794447725930302,0.4026756610267216,0.0,0.0,0.0,0.0,1311040,868352,bbbaed8,sector_drop:fraction=0.15,4096,fill,max_range,hdc_k16/fill,k16_sector_encode,prototype,16.0,hdc_k16/fill
sim_indoor_v1,test_ood,pure_hdc,512,512.0,0.0,0,0.0,2,0.4400472533963379,0.19638141729444736,0.0,0.0,0.0,0.0,1311040,868352,bbbaed8,sector_drop:fraction=0.3,4096,fill,max_range,hdc_k16/fill,k16_sector_encode,prototype,16.0,hdc_k16/fill
sim_indoor_v1,test_id,pure_hdc,512,512.0,0.0,0,0.0,2,0.9577464788732394,0.9284807045977127,0.0,0.0,0.0,0.0,1311040,868352,bbbaed8,clean,4096,skip,nan,hdc_k16/skip,k16_sector_encode,prototype,16.0,hdc_k16/skip
sim_indoor_v1,test_id,pure_hdc,512,512.0,0.0,0,0.0,2,0.9494614747307374,0.9148825380978783,0.0,0.0,0.0,0.0,1311040,868352,bbbaed8,beam_drop:drop_rate=0.1,4096,skip,nan,hdc_k16/skip,k16_sector_encode,prototype,16.0,hdc_k16/skip
sim_indoor_v1,test_id,pure_hdc,512,512.0,0.0,0,0.0,2,0.9486329743164872,0.9119305923266255,0.0,0.0,0.0,0.0,1311040,868352,bbbaed8,beam_drop:drop_rate=0.3,4096,skip,nan,hdc_k16/skip,k16_sector_encode,prototype,16.0,hdc_k16/skip
sim_indoor_v1,test_id,pure_hdc,512,512.0,0.0,0,0.0,2,0.9436619718309859,0.904241090923399,0.0,0.0,0.0,0.0,1311040,868352,bbbaed8,sector_drop:fraction=0.15,4096,skip,nan,hdc_k16/skip,k16_sector_encode,prototype,16.0,hdc_k16/skip
sim_indoor_v1,test_id,pure_hdc,512,512.0,0.0,0,0.0,2,0.9030654515327258,0.8471115386794634,0.0,0.0,0.0,0.0,1311040,868352,bbbaed8,sector_drop:fraction=0.3,4096,skip,nan,hdc_k16/skip,k16_sector_encode,prototype,16.0,hdc_k16/skip
sim_indoor_v1,test_ood,pure_hdc,512,512.0,0.0,0,0.0,2,0.8493797991730656,0.7048250888564545,0.0,0.0,0.0,0.0,1311040,868352,bbbaed8,clean,4096,skip,nan,hdc_k16/skip,k16_sector_encode,prototype,16.0,hdc_k16/skip
sim_indoor_v1,test_ood,pure_hdc,512,512.0,0.0,0,0.0,2,0.7849970466627288,0.6399173203230659,0.0,0.0,0.0,0.0,1311040,868352,bbbaed8,beam_drop:drop_rate=0.1,4096,skip,nan,hdc_k16/skip,k16_sector_encode,prototype,16.0,hdc_k16/skip
sim_indoor_v1,test_ood,pure_hdc,512,512.0,0.0,0,0.0,2,0.7595983461311282,0.6059950560709387,0.0,0.0,0.0,0.0,1311040,868352,bbbaed8,beam_drop:drop_rate=0.3,4096,skip,nan,hdc_k16/skip,k16_sector_encode,prototype,16.0,hdc_k16/skip
sim_indoor_v1,test_ood,pure_hdc,512,512.0,0.0,0,0.0,2,0.7560543414057885,0.6009166872748328,0.0,0.0,0.0,0.0,1311040,868352,bbbaed8,sector_drop:fraction=0.15,4096,skip,nan,hdc_k16/skip,k16_sector_encode,prototype,16.0,hdc_k16/skip
sim_indoor_v1,test_ood,pure_hdc,512,512.0,0.0,0,0.0,2,0.6987595983461311,0.5529220886824889,0.0,0.0,0.0,0.0,1311040,868352,bbbaed8,sector_drop:fraction=0.3,4096,skip,nan,hdc_k16/skip,k16_sector_encode,prototype,16.0,hdc_k16/skip
sim_indoor_v1,test_id,pure_hdc,512,512.0,0.0,0,0.0,2,0.9577464788732394,0.9284807045977127,0.0,0.0,0.0,0.0,1311040,872448,bbbaed8,clean,4096,drop,nan,hdc_k16/drop,k16_sector_encode,prototype,16.0,hdc_k16/drop
sim_indoor_v1,test_id,pure_hdc,512,512.0,0.0,0,0.0,2,0.9511184755592378,0.9179663025156675,0.0,0.0,0.0,0.0,1311040,872448,bbbaed8,beam_drop:drop_rate=0.1,4096,drop,nan,hdc_k16/drop,k16_sector_encode,prototype,16.0,hdc_k16/drop
sim_indoor_v1,test_id,pure_hdc,512,512.0,0.0,0,0.0,2,0.9502899751449876,0.9167375664512429,0.0,0.0,0.0,0.0,1311040,872448,bbbaed8,beam_drop:drop_rate=0.3,4096,drop,nan,hdc_k16/drop,k16_sector_encode,prototype,16.0,hdc_k16/drop
sim_indoor_v1,test_id,pure_hdc,512,512.0,0.0,0,0.0,2,0.9502899751449876,0.9196573376967019,0.0,0.0,0.0,0.0,1311040,872448,bbbaed8,sector_drop:fraction=0.15,4096,drop,nan,hdc_k16/drop,k16_sector_encode,prototype,16.0,hdc_k16/drop
sim_indoor_v1,test_id,pure_hdc,512,512.0,0.0,0,0.0,2,0.9047224523612262,0.8533082636287466,0.0,0.0,0.0,0.0,1311040,872448,bbbaed8,sector_drop:fraction=0.3,4096,drop,nan,hdc_k16/drop,k16_sector_encode,prototype,16.0,hdc_k16/drop
sim_indoor_v1,test_ood,pure_hdc,512,512.0,0.0,0,0.0,2,0.8493797991730656,0.7048250888564545,0.0,0.0,0.0,0.0,1311040,872448,bbbaed8,clean,4096,drop,nan,hdc_k16/drop,k16_sector_encode,prototype,16.0,hdc_k16/drop
sim_indoor_v1,test_ood,pure_hdc,512,512.0,0.0,0,0.0,2,0.8038984051978736,0.6612812183611049,0.0,0.0,0.0,0.0,1311040,872448,bbbaed8,beam_drop:drop_rate=0.1,4096,drop,nan,hdc_k16/drop,k16_sector_encode,prototype,16.0,hdc_k16/drop
sim_indoor_v1,test_ood,pure_hdc,512,512.0,0.0,0,0.0,2,0.8216184288245718,0.6753541685517567,0.0,0.0,0.0,0.0,1311040,872448,bbbaed8,beam_drop:drop_rate=0.3,4096,drop,nan,hdc_k16/drop,k16_sector_encode,prototype,16.0,hdc_k16/drop
sim_indoor_v1,test_ood,pure_hdc,512,512.0,0.0,0,0.0,2,0.7861783815711755,0.6422719818751934,0.0,0.0,0.0,0.0,1311040,872448,bbbaed8,sector_drop:fraction=0.15,4096,drop,nan,hdc_k16/drop,k16_sector_encode,prototype,16.0,hdc_k16/drop
sim_indoor_v1,test_ood,pure_hdc,512,512.0,0.0,0,0.0,2,0.7519196692262257,0.6124688833392292,0.0,0.0,0.0,0.0,1311040,872448,bbbaed8,sector_drop:fraction=0.3,4096,drop,nan,hdc_k16/drop,k16_sector_encode,prototype,16.0,hdc_k16/drop
