dataset,split,method,budget_bytes,actual_bytes,ber,burst_length,packet_loss_rate,seed,accuracy,macro_f1,encode_ms_median,encode_ms_p95,classify_ms_median,classify_ms_p95,model_bytes,shared_memory_bytes,git_commit,dimension,interleave,n_bursts,n_centroids,modulation,fading,coherence_symbols,empirical_ber,theory_ber,hdc_head,method_label
sim_indoor_v1,test_id,binary_hash,512,512.0,0.0,0,0.0,0,0.9154929577464789,0.8662026074723801,0.0,0.0,0.0,0.0,81940,2949120,5e92fce,4096,False,0,1,none,none,32,0.0,,,binary_hash
sim_indoor_v1,test_id,binary_hash,512,512.0,0.01,0,0.0,0,0.9072079536039768,0.8620044073764136,0.0,0.0,0.0,0.0,81940,2949120,5e92fce,4096,False,0,1,none,none,32,0.00998687744140625,0.01,,binary_hash
sim_indoor_v1,test_id,binary_hash,512,512.0,0.05,0,0.0,0,0.8806959403479702,0.8121249388020548,0.0,0.0,0.0,0.0,81940,2949120,5e92fce,4096,False,0,1,none,none,32,0.04975128173828125,0.05,,binary_hash
sim_indoor_v1,test_id,binary_hash,512,512.0,0.1,0,0.0,0,0.8376139188069595,0.7694947658845238,0.0,0.0,0.0,0.0,81940,2949120,5e92fce,4096,False,0,1,none,none,32,0.09943008422851562,0.1,,binary_hash
sim_indoor_v1,test_ood,binary_hash,512,512.0,0.0,0,0.0,0,0.6249261665682221,0.54033424196439,0.0,0.0,0.0,0.0,81940,2949120,5e92fce,4096,False,0,1,none,none,32,0.0,,,binary_hash
sim_indoor_v1,test_ood,binary_hash,512,512.0,0.01,0,0.0,0,0.6172474896633195,0.532923018326332,0.0,0.0,0.0,0.0,81940,2949120,5e92fce,4096,False,0,1,none,none,32,0.00998687744140625,0.01,,binary_hash
sim_indoor_v1,test_ood,binary_hash,512,512.0,0.05,0,0.0,0,0.603071470761961,0.5190219461157364,0.0,0.0,0.0,0.0,81940,2949120,5e92fce,4096,False,0,1,none,none,32,0.04975128173828125,0.05,,binary_hash
sim_indoor_v1,test_ood,binary_hash,512,512.0,0.1,0,0.0,0,0.5717660956881275,0.496456546964971,0.0,0.0,0.0,0.0,81940,2949120,5e92fce,4096,False,0,1,none,none,32,0.09943008422851562,0.1,,binary_hash
sim_indoor_v1,test_id,pure_hdc,512,512.0,0.0,0,0.0,0,0.7299088649544325,0.6638516578731524,0.0,0.0,0.0,0.0,81940,868352,5e92fce,4096,False,0,1,none,none,32,0.0,,prototype,pure_hdc_D4096
sim_indoor_v1,test_id,pure_hdc,512,512.0,0.01,0,0.0,0,0.7265948632974316,0.6599649927290191,0.0,0.0,0.0,0.0,81940,868352,5e92fce,4096,False,0,1,none,none,32,0.00998687744140625,0.01,prototype,pure_hdc_D4096
sim_indoor_v1,test_id,pure_hdc,512,512.0,0.05,0,0.0,0,0.724109362054681,0.6564518994283017,0.0,0.0,0.0,0.0,81940,868352,5e92fce,4096,False,0,1,none,none,32,0.04975128173828125,0.05,prototype,pure_hdc_D4096
sim_indoor_v1,test_id,pure_hdc,512,512.0,0.1,0,0.0,0,0.7265948632974316,0.6571465693367988,0.0,0.0,0.0,0.0,81940,868352,5e92fce,4096,False,0,1,none,none,32,0.09943008422851562,0.1,prototype,pure_hdc_D4096
sim_indoor_v1,test_ood,pure_hdc,512,512.0,0.0,0,0.0,0,0.7217956290608387,0.6123345363951522,0.0,0.0,0.0,0.0,81940,868352,5e92fce,4096,False,0,1,none,none,32,0.0,,prototype,pure_hdc_D4096
sim_indoor_v1,test_ood,pure_hdc,512,512.0,0.01,0,0.0,0,0.7241582988777319,0.6138959856995638,0.0,0.0,0.0,0.0,81940,868352,5e92fce,4096,False,0,1,none,none,32,0.00998687744140625,0.01,prototype,pure_hdc_D4096
sim_indoor_v1,test_ood,pure_hdc,512,512.0,0.05,0,0.0,0,0.7152982870643827,0.6047448990043189,0.0,0.0,0.0,0.0,81940,868352,5e92fce,4096,False,0,1,none,none,32,0.04975128173828125,0.05,prototype,pure_hdc_D4096
sim_indoor_v1,test_ood,pure_hdc,512,512.0,0.1,0,0.0,0,0.713526284701713,0.603317808133505,0.0,0.0,0.0,0.0,81940,868352,5e92fce,4096,False,0,1,none,none,32,0.09943008422851562,0.1,prototype,pure_hdc_D4096
sim_indoor_v1,test_id,pure_hdc,512,512.0,0.0,0,0.0,0,0.8666114333057167,0.8228139644995226,0.0,0.0,0.0,0.0,327760,868352,5e92fce,4096,False,0,4,none,none,32,0.0,,prototype,pure_hdc_D4096/k4
sim_indoor_v1,test_id,pure_hdc,512,512.0,0.01,0,0.0,0,0.8657829328914665,0.8200100753720869,0.0,0.0,0.0,0.0,327760,868352,5e92fce,4096,False,0,4,none,none,32,0.00998687744140625,0.01,prototype,pure_hdc_D4096/k4
sim_indoor_v1,test_id,pure_hdc,512,512.0,0.05,0,0.0,0,0.8690969345484673,0.826403135346097,0.0,0.0,0.0,0.0,327760,868352,5e92fce,4096,False,0,4,none,none,32,0.04975128173828125,0.05,prototype,pure_hdc_D4096/k4
sim_indoor_v1,test_id,pure_hdc,512,512.0,0.1,0,0.0,0,0.8649544324772163,0.8208670681099657,0.0,0.0,0.0,0.0,327760,868352,5e92fce,4096,False,0,4,none,none,32,0.09943008422851562,0.1,prototype,pure_hdc_D4096/k4
sim_indoor_v1,test_ood,pure_hdc,512,512.0,0.0,0,0.0,0,0.7720023626698169,0.6447867486353636,0.0,0.0,0.0,0.0,327760,868352,5e92fce,4096,False,0,4,none,none,32,0.0,,prototype,pure_hdc_D4096/k4
sim_indoor_v1,test_ood,pure_hdc,512,512.0,0.01,0,0.0,0,0.7690490253987006,0.6420605491759221,0.0,0.0,0.0,0.0,327760,868352,5e92fce,4096,False,0,4,none,none,32,0.00998687744140625,0.01,prototype,pure_hdc_D4096/k4
sim_indoor_v1,test_ood,pure_hdc,512,512.0,0.05,0,0.0,0,0.7684583579444773,0.6443236635983127,0.0,0.0,0.0,0.0,327760,868352,5e92fce,4096,False,0,4,none,none,32,0.04975128173828125,0.05,prototype,pure_hdc_D4096/k4
sim_indoor_v1,test_ood,pure_hdc,512,512.0,0.1,0,0.0,0,0.7590076786769049,0.6341634547722379,0.0,0.0,0.0,0.0,327760,868352,5e92fce,4096,False,0,4,none,none,32,0.09943008422851562,0.1,prototype,pure_hdc_D4096/k4
sim_indoor_v1,test_id,pure_hdc,512,512.0,0.0,0,0.0,0,0.9138359569179785,0.869737000962501,0.0,0.0,0.0,0.0,655520,868352,5e92fce,4096,False,0,8,none,none,32,0.0,,prototype,pure_hdc_D4096/k8
sim_indoor_v1,test_id,pure_hdc,512,512.0,0.01,0,0.0,0,0.9146644573322287,0.8719420517624089,0.0,0.0,0.0,0.0,655520,868352,5e92fce,4096,False,0,8,none,none,32,0.00998687744140625,0.01,prototype,pure_hdc_D4096/k8
sim_indoor_v1,test_id,pure_hdc,512,512.0,0.05,0,0.0,0,0.9146644573322287,0.8727115491225126,0.0,0.0,0.0,0.0,655520,868352,5e92fce,4096,False,0,8,none,none,32,0.04975128173828125,0.05,prototype,pure_hdc_D4096/k8
sim_indoor_v1,test_id,pure_hdc,512,512.0,0.1,0,0.0,0,0.9121789560894781,0.8690728606838556,0.0,0.0,0.0,0.0,655520,868352,5e92fce,4096,False,0,8,none,none,32,0.09943008422851562,0.1,prototype,pure_hdc_D4096/k8
sim_indoor_v1,test_ood,pure_hdc,512,512.0,0.0,0,0.0,0,0.8121677495569994,0.690350921105974,0.0,0.0,0.0,0.0,655520,868352,5e92fce,4096,False,0,8,none,none,32,0.0,,prototype,pure_hdc_D4096/k8
sim_indoor_v1,test_ood,pure_hdc,512,512.0,0.01,0,0.0,0,0.8121677495569994,0.6912469430274377,0.0,0.0,0.0,0.0,655520,868352,5e92fce,4096,False,0,8,none,none,32,0.00998687744140625,0.01,prototype,pure_hdc_D4096/k8
sim_indoor_v1,test_ood,pure_hdc,512,512.0,0.05,0,0.0,0,0.8192557590076787,0.6997097716654881,0.0,0.0,0.0,0.0,655520,868352,5e92fce,4096,False,0,8,none,none,32,0.04975128173828125,0.05,prototype,pure_hdc_D4096/k8
sim_indoor_v1,test_ood,pure_hdc,512,512.0,0.1,0,0.0,0,0.8127584170112226,0.6910358807662454,0.0,0.0,0.0,0.0,655520,868352,5e92fce,4096,False,0,8,none,none,32,0.09943008422851562,0.1,prototype,pure_hdc_D4096/k8
sim_indoor_v1,test_id,pure_hdc,512,512.0,0.0,0,0.0,0,0.9577464788732394,0.9303367793652747,0.0,0.0,0.0,0.0,1311040,868352,5e92fce,4096,False,0,16,none,none,32,0.0,,prototype,pure_hdc_D4096/k16
sim_indoor_v1,test_id,pure_hdc,512,512.0,0.01,0,0.0,0,0.9585749792874897,0.9326450371194527,0.0,0.0,0.0,0.0,1311040,868352,5e92fce,4096,False,0,16,none,none,32,0.00998687744140625,0.01,prototype,pure_hdc_D4096/k16
sim_indoor_v1,test_id,pure_hdc,512,512.0,0.05,0,0.0,0,0.956089478044739,0.9275456698622035,0.0,0.0,0.0,0.0,1311040,868352,5e92fce,4096,False,0,16,none,none,32,0.04975128173828125,0.05,prototype,pure_hdc_D4096/k16
sim_indoor_v1,test_id,pure_hdc,512,512.0,0.1,0,0.0,0,0.9527754763877382,0.9225326795474746,0.0,0.0,0.0,0.0,1311040,868352,5e92fce,4096,False,0,16,none,none,32,0.09943008422851562,0.1,prototype,pure_hdc_D4096/k16
sim_indoor_v1,test_ood,pure_hdc,512,512.0,0.0,0,0.0,0,0.8476077968103958,0.7021949090745319,0.0,0.0,0.0,0.0,1311040,868352,5e92fce,4096,False,0,16,none,none,32,0.0,,prototype,pure_hdc_D4096/k16
sim_indoor_v1,test_ood,pure_hdc,512,512.0,0.01,0,0.0,0,0.8470171293561725,0.6999725537409259,0.0,0.0,0.0,0.0,1311040,868352,5e92fce,4096,False,0,16,none,none,32,0.00998687744140625,0.01,prototype,pure_hdc_D4096/k16
sim_indoor_v1,test_ood,pure_hdc,512,512.0,0.05,0,0.0,0,0.8452451269935026,0.7018706097528449,0.0,0.0,0.0,0.0,1311040,868352,5e92fce,4096,False,0,16,none,none,32,0.04975128173828125,0.05,prototype,pure_hdc_D4096/k16
sim_indoor_v1,test_ood,pure_hdc,512,512.0,0.1,0,0.0,0,0.8411104548139398,0.6981362068640512,0.0,0.0,0.0,0.0,1311040,868352,5e92fce,4096,False,0,16,none,none,32,0.09943008422851562,0.1,prototype,pure_hdc_D4096/k16
sim_indoor_v1,test_id,pure_hdc,512,512.0,0.0,0,0.0,0,0.9784589892294946,0.9617930178238968,0.0,0.0,0.0,0.0,163880,868352,5e92fce,4096,False,0,1,none,none,32,0.0,,linear,pure_hdc_D4096+lin
sim_indoor_v1,test_id,pure_hdc,512,512.0,0.01,0,0.0,0,0.9751449875724938,0.9565722185854941,0.0,0.0,0.0,0.0,163880,868352,5e92fce,4096,False,0,1,none,none,32,0.00998687744140625,0.01,linear,pure_hdc_D4096+lin
sim_indoor_v1,test_id,pure_hdc,512,512.0,0.05,0,0.0,0,0.9743164871582436,0.9559564056914243,0.0,0.0,0.0,0.0,163880,868352,5e92fce,4096,False,0,1,none,none,32,0.04975128173828125,0.05,linear,pure_hdc_D4096+lin
sim_indoor_v1,test_id,pure_hdc,512,512.0,0.1,0,0.0,0,0.9577464788732394,0.9316902072464577,0.0,0.0,0.0,0.0,163880,868352,5e92fce,4096,False,0,1,none,none,32,0.09943008422851562,0.1,linear,pure_hdc_D4096+lin
sim_indoor_v1,test_ood,pure_hdc,512,512.0,0.0,0,0.0,0,0.8139397519196693,0.6555033476891229,0.0,0.0,0.0,0.0,163880,868352,5e92fce,4096,False,0,1,none,none,32,0.0,,linear,pure_hdc_D4096+lin
sim_indoor_v1,test_ood,pure_hdc,512,512.0,0.01,0,0.0,0,0.8163024217365623,0.6579888376598272,0.0,0.0,0.0,0.0,163880,868352,5e92fce,4096,False,0,1,none,none,32,0.00998687744140625,0.01,linear,pure_hdc_D4096+lin
sim_indoor_v1,test_ood,pure_hdc,512,512.0,0.05,0,0.0,0,0.8056704075605434,0.6407843592447792,0.0,0.0,0.0,0.0,163880,868352,5e92fce,4096,False,0,1,none,none,32,0.04975128173828125,0.05,linear,pure_hdc_D4096+lin
sim_indoor_v1,test_ood,pure_hdc,512,512.0,0.1,0,0.0,0,0.8038984051978736,0.6488334520615713,0.0,0.0,0.0,0.0,163880,868352,5e92fce,4096,False,0,1,none,none,32,0.09943008422851562,0.1,linear,pure_hdc_D4096+lin
sim_indoor_v1,test_id,binary_hash,512,512.0,0.0,0,0.0,1,0.9270919635459818,0.8840642692353267,0.0,0.0,0.0,0.0,81940,2949120,5e92fce,4096,False,0,1,none,none,32,0.0,,,binary_hash
sim_indoor_v1,test_id,binary_hash,512,512.0,0.01,0,0.0,1,0.9221209610604806,0.8787822664739467,0.0,0.0,0.0,0.0,81940,2949120,5e92fce,4096,False,0,1,none,none,32,0.00989532470703125,0.01,,binary_hash
sim_indoor_v1,test_id,binary_hash,512,512.0,0.05,0,0.0,1,0.8947804473902237,0.8469336363532658,0.0,0.0,0.0,0.0,81940,2949120,5e92fce,4096,False,0,1,none,none,32,0.050029754638671875,0.05,,binary_hash
sim_indoor_v1,test_id,binary_hash,512,512.0,0.1,0,0.0,1,0.844241922120961,0.7964632406807167,0.0,0.0,0.0,0.0,81940,2949120,5e92fce,4096,False,0,1,none,none,32,0.10019302368164062,0.1,,binary_hash
sim_indoor_v1,test_ood,binary_hash,512,512.0,0.0,0,0.0,1,0.6243354991139988,0.5479476601387901,0.0,0.0,0.0,0.0,81940,2949120,5e92fce,4096,False,0,1,none,none,32,0.0,,,binary_hash
sim_indoor_v1,test_ood,binary_hash,512,512.0,0.01,0,0.0,1,0.6142941523922032,0.5370935673629449,0.0,0.0,0.0,0.0,81940,2949120,5e92fce,4096,False,0,1,none,none,32,0.00989532470703125,0.01,,binary_hash
sim_indoor_v1,test_ood,binary_hash,512,512.0,0.05,0,0.0,1,0.6001181334908446,0.5286621660716566,0.0,0.0,0.0,0.0,81940,2949120,5e92fce,4096,False,0,1,none,none,32,0.050029754638671875,0.05,,binary_hash
sim_indoor_v1,test_ood,binary_hash,512,512.0,0.1,0,0.0,1,0.5711754282339043,0.5119424669062085,0.0,0.0,0.0,0.0,81940,2949120,5e92fce,4096,False,0,1,none,none,32,0.10019302368164062,0.1,,binary_hash
sim_indoor_v1,test_id,pure_hdc,512,512.0,0.0,0,0.0,1,0.7307373653686827,0.662479807302779,0.0,0.0,0.0,0.0,81940,868352,5e92fce,4096,False,0,1,none,none,32,0.0,,prototype,pure_hdc_D4096
sim_indoor_v1,test_id,pure_hdc,512,512.0,0.01,0,0.0,1,0.7299088649544325,0.6617487566461787,0.0,0.0,0.0,0.0,81940,868352,5e92fce,4096,False,0,1,none,none,32,0.00989532470703125,0.01,prototype,pure_hdc_D4096
sim_indoor_v1,test_id,pure_hdc,512,512.0,0.05,0,0.0,1,0.7307373653686827,0.6628814150486695,0.0,0.0,0.0,0.0,81940,868352,5e92fce,4096,False,0,1,none,none,32,0.050029754638671875,0.05,prototype,pure_hdc_D4096
sim_indoor_v1,test_id,pure_hdc,512,512.0,0.1,0,0.0,1,0.7290803645401823,0.660801544269159,0.0,0.0,0.0,0.0,81940,868352,5e92fce,4096,False,0,1,none,none,32,0.10019302368164062,0.1,prototype,pure_hdc_D4096
sim_indoor_v1,test_ood,pure_hdc,512,512.0,0.0,0,0.0,1,0.6993502658003544,0.5944698092737204,0.0,0.0,0.0,0.0,81940,868352,5e92fce,4096,False,0,1,none,none,32,0.0,,prototype,pure_hdc_D4096
sim_indoor_v1,test_ood,pure_hdc,512,512.0,0.01,0,0.0,1,0.7011222681630243,0.5963050651775351,0.0,0.0,0.0,0.0,81940,868352,5e92fce,4096,False,0,1,none,none,32,0.00989532470703125,0.01,prototype,pure_hdc_D4096
sim_indoor_v1,test_ood,pure_hdc,512,512.0,0.05,0,0.0,1,0.7028942705256941,0.5977685192201522,0.0,0.0,0.0,0.0,81940,868352,5e92fce,4096,False,0,1,none,none,32,0.050029754638671875,0.05,prototype,pure_hdc_D4096
sim_indoor_v1,test_ood,pure_hdc,512,512.0,0.1,0,0.0,1,0.6987595983461311,0.592451546002415,0.0,0.0,0.0,0.0,81940,868352,5e92fce,4096,False,0,1,none,none,32,0.10019302368164062,0.1,prototype,pure_hdc_D4096
sim_indoor_v1,test_id,pure_hdc,512,512.0,0.0,0,0.0,1,0.8666114333057167,0.8096214422079882,0.0,0.0,0.0,0.0,327760,868352,5e92fce,4096,False,0,4,none,none,32,0.0,,prototype,pure_hdc_D4096/k4
sim_indoor_v1,test_id,pure_hdc,512,512.0,0.01,0,0.0,1,0.8682684341342171,0.8131972031082455,0.0,0.0,0.0,0.0,327760,868352,5e92fce,4096,False,0,4,none,none,32,0.00989532470703125,0.01,prototype,pure_hdc_D4096/k4
sim_indoor_v1,test_id,pure_hdc,512,512.0,0.05,0,0.0,1,0.8682684341342171,0.8138111851722101,0.0,0.0,0.0,0.0,327760,868352,5e92fce,4096,False,0,4,none,none,32,0.050029754638671875,0.05,prototype,pure_hdc_D4096/k4
sim_indoor_v1,test_id,pure_hdc,512,512.0,0.1,0,0.0,1,0.8707539353769677,0.816028059488155,0.0,0.0,0.0,0.0,327760,868352,5e92fce,4096,False,0,4,none,none,32,0.10019302368164062,0.1,prototype,pure_hdc_D4096/k4
sim_indoor_v1,test_ood,pure_hdc,512,512.0,0.0,0,0.0,1,0.7690490253987006,0.6426757624059698,0.0,0.0,0.0,0.0,327760,868352,5e92fce,4096,False,0,4,none,none,32,0.0,,prototype,pure_hdc_D4096/k4
sim_indoor_v1,test_ood,pure_hdc,512,512.0,0.01,0,0.0,1,0.7666863555818074,0.6408703222787985,0.0,0.0,0.0,0.0,327760,868352,5e92fce,4096,False,0,4,none,none,32,0.00989532470703125,0.01,prototype,pure_hdc_D4096/k4
sim_indoor_v1,test_ood,pure_hdc,512,512.0,0.05,0,0.0,1,0.7725930301240401,0.6460609570104116,0.0,0.0,0.0,0.0,327760,868352,5e92fce,4096,False,0,4,none,none,32,0.050029754638671875,0.05,prototype,pure_hdc_D4096/k4
sim_indoor_v1,test_ood,pure_hdc,512,512.0,0.1,0,0.0,1,0.7672770230360307,0.6387963182829071,0.0,0.0,0.0,0.0,327760,868352,5e92fce,4096,False,0,4,none,none,32,0.10019302368164062,0.1,prototype,pure_hdc_D4096/k4
sim_indoor_v1,test_id,pure_hdc,512,512.0,0.0,0,0.0,1,0.9113504556752279,0.8627622621418636,0.0,0.0,0.0,0.0,655520,868352,5e92fce,4096,False,0,8,none,none,32,0.0,,prototype,pure_hdc_D4096/k8
sim_indoor_v1,test_id,pure_hdc,512,512.0,0.01,0,0.0,1,0.9113504556752279,0.8627471074190437,0.0,0.0,0.0,0.0,655520,868352,5e92fce,4096,False,0,8,none,none,32,0.00989532470703125,0.01,prototype,pure_hdc_D4096/k8
sim_indoor_v1,test_id,pure_hdc,512,512.0,0.05,0,0.0,1,0.9130074565037283,0.8642724398952876,0.0,0.0,0.0,0.0,655520,868352,5e92fce,4096,False,0,8,none,none,32,0.050029754638671875,0.05,prototype,pure_hdc_D4096/k8
sim_indoor_v1,test_id,pure_hdc,512,512.0,0.1,0,0.0,1,0.908036454018227,0.8562097078441845,0.0,0.0,0.0,0.0,655520,868352,5e92fce,4096,False,0,8,none,none,32,0.10019302368164062,0.1,prototype,pure_hdc_D4096/k8
sim_indoor_v1,test_ood,pure_hdc,512,512.0,0.0,0,0.0,1,0.7985823981098642,0.6692169733882153,0.0,0.0,0.0,0.0,655520,868352,5e92fce,4096,False,0,8,none,none,32,0.0,,prototype,pure_hdc_D4096/k8
sim_indoor_v1,test_ood,pure_hdc,512,512.0,0.01,0,0.0,1,0.7974010632014176,0.6696127711859656,0.0,0.0,0.0,0.0,655520,868352,5e92fce,4096,False,0,8,none,none,32,0.00989532470703125,0.01,prototype,pure_hdc_D4096/k8
sim_indoor_v1,test_ood,pure_hdc,512,512.0,0.05,0,0.0,1,0.7968103957471944,0.6722125757984132,0.0,0.0,0.0,0.0,655520,868352,5e92fce,4096,False,0,8,none,none,32,0.050029754638671875,0.05,prototype,pure_hdc_D4096/k8
sim_indoor_v1,test_ood,pure_hdc,512,512.0,0.1,0,0.0,1,0.8021264028352038,0.6706330124419069,0.0,0.0,0.0,0.0,655520,868352,5e92fce,4096,False,0,8,none,none,32,0.10019302368164062,0.1,prototype,pure_hdc_D4096/k8
sim_indoor_v1,test_id,pure_hdc,512,512.0,0.0,0,0.0,1,0.9635459817729909,0.9394999731976863,0.0,0.0,0.0,0.0,1311040,868352,5e92fce,4096,False,0,16,none,none,32,0.0,,prototype,pure_hdc_D4096/k16
sim_indoor_v1,test_id,pure_hdc,512,512.0,0.01,0,0.0,1,0.9643744821872411,0.9404595174203415,0.0,0.0,0.0,0.0,1311040,868352,5e92fce,4096,False,0,16,none,none,32,0.00989532470703125,0.01,prototype,pure_hdc_D4096/k16
sim_indoor_v1,test_id,pure_hdc,512,512.0,0.05,0,0.0,1,0.9635459817729909,0.9394385941056121,0.0,0.0,0.0,0.0,1311040,868352,5e92fce,4096,False,0,16,none,none,32,0.050029754638671875,0.05,prototype,pure_hdc_D4096/k16
sim_indoor_v1,test_id,pure_hdc,512,512.0,0.1,0,0.0,1,0.9618889809444905,0.9364615458462293,0.0,0.0,0.0,0.0,1311040,868352,5e92fce,4096,False,0,16,none,none,32,0.10019302368164062,0.1,prototype,pure_hdc_D4096/k16
sim_indoor_v1,test_ood,pure_hdc,512,512.0,0.0,0,0.0,1,0.8535144713526285,0.7136985797367897,0.0,0.0,0.0,0.0,1311040,868352,5e92fce,4096,False,0,16,none,none,32,0.0,,prototype,pure_hdc_D4096/k16
sim_indoor_v1,test_ood,pure_hdc,512,512.0,0.01,0,0.0,1,0.8529238038984052,0.7147457349328878,0.0,0.0,0.0,0.0,1311040,868352,5e92fce,4096,False,0,16,none,none,32,0.00989532470703125,0.01,prototype,pure_hdc_D4096/k16
sim_indoor_v1,test_ood,pure_hdc,512,512.0,0.05,0,0.0,1,0.8499704666272888,0.7106378108021663,0.0,0.0,0.0,0.0,1311040,868352,5e92fce,4096,False,0,16,none,none,32,0.050029754638671875,0.05,prototype,pure_hdc_D4096/k16
sim_indoor_v1,test_ood,pure_hdc,512,512.0,0.1,0,0.0,1,0.8446544595392794,0.7046412392129447,0.0,0.0,0.0,0.0,1311040,868352,5e92fce,4096,False,0,16,none,none,32,0.10019302368164062,0.1,prototype,pure_hdc_D4096/k16
sim_indoor_v1,test_id,pure_hdc,512,512.0,0.0,0,0.0,1,0.9726594863297432,0.9528257259389058,0.0,0.0,0.0,0.0,163880,868352,5e92fce,4096,False,0,1,none,none,32,0.0,,linear,pure_hdc_D4096+lin
sim_indoor_v1,test_id,pure_hdc,512,512.0,0.01,0,0.0,1,0.9743164871582436,0.9547347972252203,0.0,0.0,0.0,0.0,163880,868352,5e92fce,4096,False,0,1,none,none,32,0.00989532470703125,0.01,linear,pure_hdc_D4096+lin
sim_indoor_v1,test_id,pure_hdc,512,512.0,0.05,0,0.0,1,0.9652029826014913,0.937793685387504,0.0,0.0,0.0,0.0,163880,868352,5e92fce,4096,False,0,1,none,none,32,0.050029754638671875,0.05,linear,pure_hdc_D4096+lin
sim_indoor_v1,test_id,pure_hdc,512,512.0,0.1,0,0.0,1,0.9544324772162386,0.9219298982777477,0.0,0.0,0.0,0.0,163880,868352,5e92fce,4096,False,0,1,none,none,32,0.10019302368164062,0.1,linear,pure_hdc_D4096+lin
sim_indoor_v1,test_ood,pure_hdc,512,512.0,0.0,0,0.0,1,0.8180744240992321,0.6618593166778514,0.0,0.0,0.0,0.0,163880,868352,5e92fce,4096,False,0,1,none,none,32,0.0,,linear,pure_hdc_D4096+lin
sim_indoor_v1,test_ood,pure_hdc,512,512.0,0.01,0,0.0,1,0.8151210868281158,0.6604748017244132,0.0,0.0,0.0,0.0,163880,868352,5e92fce,4096,False,0,1,none,none,32,0.00989532470703125,0.01,linear,pure_hdc_D4096+lin
sim_indoor_v1,test_ood,pure_hdc,512,512.0,0.05,0,0.0,1,0.8074424099232133,0.6542232600334067,0.0,0.0,0.0,0.0,163880,868352,5e92fce,4096,False,0,1,none,none,32,0.050029754638671875,0.05,linear,pure_hdc_D4096+lin
sim_indoor_v1,test_ood,pure_hdc,512,512.0,0.1,0,0.0,1,0.796219728292971,0.6438524532591865,0.0,0.0,0.0,0.0,163880,868352,5e92fce,4096,False,0,1,none,none,32,0.10019302368164062,0.1,linear,pure_hdc_D4096+lin
sim_indoor_v1,test_id,binary_hash,512,512.0,0.0,0,0.0,2,0.9221209610604806,0.8766804510670834,0.0,0.0,0.0,0.0,81940,2949120,5e92fce,4096,False,0,1,none,none,32,0.0,,,binary_hash
sim_indoor_v1,test_id,binary_hash,512,512.0,0.01,0,0.0,2,0.9154929577464789,0.8709984581765239,0.0,0.0,0.0,0.0,81940,2949120,5e92fce,4096,False,0,1,none,none,32,0.009738922119140625,0.01,,binary_hash
sim_indoor_v1,test_id,binary_hash,512,512.0,0.05,0,0.0,2,0.875724937862469,0.821259547619636,0.0,0.0,0.0,0.0,81940,2949120,5e92fce,4096,False,0,1,none,none,32,0.049762725830078125,0.05,,binary_hash
sim_indoor_v1,test_id,binary_hash,512,512.0,0.1,0,0.0,2,0.8376139188069595,0.7614697551533712,0.0,0.0,0.0,0.0,81940,2949120,5e92fce,4096,False,0,1,none,none,32,0.09943389892578125,0.1,,binary_hash
sim_indoor_v1,test_ood,binary_hash,512,512.0,0.0,0,0.0,2,0.6190194920259894,0.5345130262838498,0.0,0.0,0.0,0.0,81940,2949120,5e92fce,4096,False,0,1,none,none,32,0.0,,,binary_hash
sim_indoor_v1,test_ood,binary_hash,512,512.0,0.01,0,0.0,2,0.6142941523922032,0.535394069029753,0.0,0.0,0.0,0.0,81940,2949120,5e92fce,4096,False,0,1,none,none,32,0.009738922119140625,0.01,,binary_hash
sim_indoor_v1,test_ood,binary_hash,512,512.0,0.05,0,0.0,2,0.6154754873006497,0.5488532175185618,0.0,0.0,0.0,0.0,81940,2949120,5e92fce,4096,False,0,1,none,none,32,0.049762725830078125,0.05,,binary_hash
sim_indoor_v1,test_ood,binary_hash,512,512.0,0.1,0,0.0,2,0.5953927938570585,0.5250963822671537,0.0,0.0,0.0,0.0,81940,2949120,5e92fce,4096,False,0,1,none,none,32,0.09943389892578125,0.1,,binary_hash
sim_indoor_v1,test_id,pure_hdc,512,512.0,0.0,0,0.0,2,0.7332228666114333,0.6651585878194195,0.0,0.0,0.0,0.0,81940,868352,5e92fce,4096,False,0,1,none,none,32,0.0,,prototype,pure_hdc_D4096
sim_indoor_v1,test_id,pure_hdc,512,512.0,0.01,0,0.0,2,0.7340513670256835,0.6657106025336534,0.0,0.0,0.0,0.0,81940,868352,5e92fce,4096,False,0,1,none,none,32,0.009738922119140625,0.01,prototype,pure_hdc_D4096
sim_indoor_v1,test_id,pure_hdc,512,512.0,0.05,0,0.0,2,0.7332228666114333,0.6665796438495676,0.0,0.0,0.0,0.0,81940,868352,5e92fce,4096,False,0,1,none,none,32,0.049762725830078125,0.05,prototype,pure_hdc_D4096
sim_indoor_v1,test_id,pure_hdc,512,512.0,0.1,0,0.0,2,0.7299088649544325,0.6618901973604304,0.0,0.0,0.0,0.0,81940,868352,5e92fce,4096,False,0,1,none,none,32,0.09943389892578125,0.1,prototype,pure_hdc_D4096
sim_indoor_v1,test_ood,pure_hdc,512,512.0,0.0,0,0.0,2,0.7129356172474897,0.600416289541349,0.0,0.0,0.0,0.0,81940,868352,5e92fce,4096,False,0,1,none,none,32,0.0,,prototype,pure_hdc_D4096
sim_indoor_v1,test_ood,pure_hdc,512,512.0,0.01,0,0.0,2,0.7147076196101595,0.6017755986957736,0.0,0.0,0.0,0.0,81940,868352,5e92fce,4096,False,0,1,none,none,32,0.009738922119140625,0.01,prototype,pure_hdc_D4096
sim_indoor_v1,test_ood,pure_hdc,512,512.0,0.05,0,0.0,2,0.7129356172474897,0.6010975653418226,0.0,0.0,0.0,0.0,81940,868352,5e92fce,4096,False,0,1,none,none,32,0.049762725830078125,0.05,prototype,pure_hdc_D4096
sim_indoor_v1,test_ood,pure_hdc,512,512.0,0.1,0,0.0,2,0.7064382752510336,0.5927145606964836,0.0,0.0,0.0,0.0,81940,868352,5e92fce,4096,False,0,1,none,none,32,0.09943389892578125,0.1,prototype,pure_hdc_D4096
sim_indoor_v1,test_id,pure_hdc,512,512.0,0.0,0,0.0,2,0.8740679370339686,0.8168135556118858,0.0,0.0,0.0,0.0,327760,868352,5e92fce,4096,False,0,4,none,none,32,0.0,,prototype,pure_hdc_D4096/k4
sim_indoor_v1,test_id,pure_hdc,512,512.0,0.01,0,0.0,2,0.8724109362054681,0.8132935464943152,0.0,0.0,0.0,0.0,327760,868352,5e92fce,4096,False,0,4,none,none,32,0.009738922119140625,0.01,prototype,pure_hdc_D4096/k4
sim_indoor_v1,test_id,pure_hdc,512,512.0,0.05,0,0.0,2,0.8773819386909694,0.8214820492833917,0.0,0.0,0.0,0.0,327760,868352,5e92fce,4096,False,0,4,none,none,32,0.049762725830078125,0.05,prototype,pure_hdc_D4096/k4
sim_indoor_v1,test_id,pure_hdc,512,512.0,0.1,0,0.0,2,0.87986743993372,0.8248677442677703,0.0,0.0,0.0,0.0,327760,868352,5e92fce,4096,False,0,4,none,none,32,0.09943389892578125,0.1,prototype,pure_hdc_D4096/k4
sim_indoor_v1,test_ood,pure_hdc,512,512.0,0.0,0,0.0,2,0.7826343768458358,0.6534790508305631,0.0,0.0,0.0,0.0,327760,868352,5e92fce,4096,False,0,4,none,none,32,0.0,,prototype,pure_hdc_D4096/k4
sim_indoor_v1,test_ood,pure_hdc,512,512.0,0.01,0,0.0,2,0.7820437093916125,0.6522998122448967,0.0,0.0,0.0,0.0,327760,868352,5e92fce,4096,False,0,4,none,none,32,0.009738922119140625,0.01,prototype,pure_hdc_D4096/k4
sim_indoor_v1,test_ood,pure_hdc,512,512.0,0.05,0,0.0,2,0.7820437093916125,0.6583882286276228,0.0,0.0,0.0,0.0,327760,868352,5e92fce,4096,False,0,4,none,none,32,0.049762725830078125,0.05,prototype,pure_hdc_D4096/k4
sim_indoor_v1,test_ood,pure_hdc,512,512.0,0.1,0,0.0,2,0.7784997046662729,0.6549454778131047,0.0,0.0,0.0,0.0,327760,868352,5e92fce,4096,False,0,4,none,none,32,0.09943389892578125,0.1,prototype,pure_hdc_D4096/k4
sim_indoor_v1,test_id,pure_hdc,512,512.0,0.0,0,0.0,2,0.9262634631317316,0.8738583108038235,0.0,0.0,0.0,0.0,655520,868352,5e92fce,4096,False,0,8,none,none,32,0.0,,prototype,pure_hdc_D4096/k8
sim_indoor_v1,test_id,pure_hdc,512,512.0,0.01,0,0.0,2,0.927920463960232,0.8770421276649506,0.0,0.0,0.0,0.0,655520,868352,5e92fce,4096,False,0,8,none,none,32,0.009738922119140625,0.01,prototype,pure_hdc_D4096/k8
sim_indoor_v1,test_id,pure_hdc,512,512.0,0.05,0,0.0,2,0.927920463960232,0.8768491054740322,0.0,0.0,0.0,0.0,655520,868352,5e92fce,4096,False,0,8,none,none,32,0.049762725830078125,0.05,prototype,pure_hdc_D4096/k8
sim_indoor_v1,test_id,pure_hdc,512,512.0,0.1,0,0.0,2,0.9262634631317316,0.8746513128918982,0.0,0.0,0.0,0.0,655520,868352,5e92fce,4096,False,0,8,none,none,32,0.09943389892578125,0.1,prototype,pure_hdc_D4096/k8
sim_indoor_v1,test_ood,pure_hdc,512,512.0,0.0,0,0.0,2,0.8393384524512699,0.6945221579193157,0.0,0.0,0.0,0.0,655520,868352,5e92fce,4096,False,0,8,none,none,32,0.0,,prototype,pure_hdc_D4096/k8
sim_indoor_v1,test_ood,pure_hdc,512,512.0,0.01,0,0.0,2,0.8363851151801536,0.6947661306584378,0.0,0.0,0.0,0.0,655520,868352,5e92fce,4096,False,0,8,none,none,32,0.009738922119140625,0.01,prototype,pure_hdc_D4096/k8
sim_indoor_v1,test_ood,pure_hdc,512,512.0,0.05,0,0.0,2,0.8393384524512699,0.6977157314482947,0.0,0.0,0.0,0.0,655520,868352,5e92fce,4096,False,0,8,none,none,32,0.049762725830078125,0.05,prototype,pure_hdc_D4096/k8
sim_indoor_v1,test_ood,pure_hdc,512,512.0,0.1,0,0.0,2,0.835203780271707,0.6946151520571097,0.0,0.0,0.0,0.0,655520,868352,5e92fce,4096,False,0,8,none,none,32,0.09943389892578125,0.1,prototype,pure_hdc_D4096/k8
sim_indoor_v1,test_id,pure_hdc,512,512.0,0.0,0,0.0,2,0.9577464788732394,0.9284807045977127,0.0,0.0,0.0,0.0,1311040,868352,5e92fce,4096,False,0,16,none,none,32,0.0,,prototype,pure_hdc_D4096/k16
sim_indoor_v1,test_id,pure_hdc,512,512.0,0.01,0,0.0,2,0.9585749792874897,0.9294848550936952,0.0,0.0,0.0,0.0,1311040,868352,5e92fce,4096,False,0,16,none,none,32,0.009738922119140625,0.01,prototype,pure_hdc_D4096/k16
sim_indoor_v1,test_id,pure_hdc,512,512.0,0.05,0,0.0,2,0.9569179784589892,0.9269375116347629,0.0,0.0,0.0,0.0,1311040,868352,5e92fce,4096,False,0,16,none,none,32,0.049762725830078125,0.05,prototype,pure_hdc_D4096/k16
sim_indoor_v1,test_id,pure_hdc,512,512.0,0.1,0,0.0,2,0.9585749792874897,0.9300485820531368,0.0,0.0,0.0,0.0,1311040,868352,5e92fce,4096,False,0,16,none,none,32,0.09943389892578125,0.1,prototype,pure_hdc_D4096/k16
sim_indoor_v1,test_ood,pure_hdc,512,512.0,0.0,0,0.0,2,0.8493797991730656,0.7048250888564545,0.0,0.0,0.0,0.0,1311040,868352,5e92fce,4096,False,0,16,none,none,32,0.0,,prototype,pure_hdc_D4096/k16
sim_indoor_v1,test_ood,pure_hdc,512,512.0,0.01,0,0.0,2,0.852333136444182,0.7091961904867488,0.0,0.0,0.0,0.0,1311040,868352,5e92fce,4096,False,0,16,none,none,32,0.009738922119140625,0.01,prototype,pure_hdc_D4096/k16
sim_indoor_v1,test_ood,pure_hdc,512,512.0,0.05,0,0.0,2,0.8541051388068518,0.7141658287282575,0.0,0.0,0.0,0.0,1311040,868352,5e92fce,4096,False,0,16,none,none,32,0.049762725830078125,0.05,prototype,pure_hdc_D4096/k16
sim_indoor_v1,test_ood,pure_hdc,512,512.0,0.1,0,0.0,2,0.8529238038984052,0.7093206422700762,0.0,0.0,0.0,0.0,1311040,868352,5e92fce,4096,False,0,16,none,none,32,0.09943389892578125,0.1,prototype,pure_hdc_D4096/k16
sim_indoor_v1,test_id,pure_hdc,512,512.0,0.0,0,0.0,2,0.9701739850869926,0.9493793864347759,0.0,0.0,0.0,0.0,163880,868352,5e92fce,4096,False,0,1,none,none,32,0.0,,linear,pure_hdc_D4096+lin
sim_indoor_v1,test_id,pure_hdc,512,512.0,0.01,0,0.0,2,0.9701739850869926,0.9506247634360336,0.0,0.0,0.0,0.0,163880,868352,5e92fce,4096,False,0,1,none,none,32,0.009738922119140625,0.01,linear,pure_hdc_D4096+lin
sim_indoor_v1,test_id,pure_hdc,512,512.0,0.05,0,0.0,2,0.9643744821872411,0.9407679387323237,0.0,0.0,0.0,0.0,163880,868352,5e92fce,4096,False,0,1,none,none,32,0.049762725830078125,0.05,linear,pure_hdc_D4096+lin
sim_indoor_v1,test_id,pure_hdc,512,512.0,0.1,0,0.0,2,0.9569179784589892,0.9317996418140961,0.0,0.0,0.0,0.0,163880,868352,5e92fce,4096,False,0,1,none,none,32,0.09943389892578125,0.1,linear,pure_hdc_D4096+lin
sim_indoor_v1,test_ood,pure_hdc,512,512.0,0.0,0,0.0,2,0.8186650915534555,0.6639421300952834,0.0,0.0,0.0,0.0,163880,868352,5e92fce,4096,False,0,1,none,none,32,0.0,,linear,pure_hdc_D4096+lin
sim_indoor_v1,test_ood,pure_hdc,512,512.0,0.01,0,0.0,2,0.8145304193738925,0.6560131424940445,0.0,0.0,0.0,0.0,163880,868352,5e92fce,4096,False,0,1,none,none,32,0.009738922119140625,0.01,linear,pure_hdc_D4096+lin
sim_indoor_v1,test_ood,pure_hdc,512,512.0,0.05,0,0.0,2,0.8098050797401063,0.6509203220574268,0.0,0.0,0.0,0.0,163880,868352,5e92fce,4096,False,0,1,none,none,32,0.049762725830078125,0.05,linear,pure_hdc_D4096+lin
sim_indoor_v1,test_ood,pure_hdc,512,512.0,0.1,0,0.0,2,0.7926757235676314,0.631314109338876,0.0,0.0,0.0,0.0,163880,868352,5e92fce,4096,False,0,1,none,none,32,0.09943389892578125,0.1,linear,pure_hdc_D4096+lin
