shots_per_class,seed,method,hdc_head,n_centroids,before_new_acc,before_old_acc,new_acc,old_acc,forgetting,delta_new,adapt_ms
10,0,hdc_k1,prototype,1,0.7217956290608387,0.7299088649544325,0.7282929710572947,0.7274233637116818,0.0024855012427507095,0.006497341996456019,11.078190000262111
10,0,hdc_k8,prototype,8,0.8121677495569994,0.9138359569179785,0.8239810986414648,0.9113504556752279,0.0024855012427505985,0.011813349084465408,21.27825500065228
10,0,hdc_k16,prototype,16,0.8476077968103958,0.9577464788732394,0.8582398109864147,0.9585749792874897,-0.0008285004142503105,0.010632014176018889,35.80298100132495
10,0,hdc_linear,linear,1,0.8139397519196693,0.9784589892294946,0.8251624335499114,0.9776304888152444,0.0008285004142501995,0.011222681630242093,6401.533249998465
50,0,hdc_k1,prototype,1,0.7217956290608387,0.7299088649544325,0.7430596574128765,0.7216238608119304,0.008285004142502106,0.021264028352037778,101.43791400332702
50,0,hdc_k8,prototype,8,0.8121677495569994,0.9138359569179785,0.8653278204370939,0.9113504556752279,0.0024855012427505985,0.053160070880094445,116.83033000008436
50,0,hdc_k16,prototype,16,0.8476077968103958,0.9577464788732394,0.8860011813349085,0.9502899751449876,0.007456503728251795,0.038393384524512686,186.31010899844114
50,0,hdc_linear,linear,1,0.8139397519196693,0.9784589892294946,0.8907265209686946,0.9768019884009942,0.001657000828500399,0.07678676904902537,5313.426984001126
100,0,hdc_k1,prototype,1,0.7217956290608387,0.7299088649544325,0.7655050206733609,0.7207953603976802,0.009113504556752305,0.043709391612522186,157.3770989998593
100,0,hdc_k8,prototype,8,0.8121677495569994,0.9138359569179785,0.8895451860602481,0.8972659486329743,0.016570008285004212,0.07737743650324869,220.4554839991033
100,0,hdc_k16,prototype,16,0.8476077968103958,0.9577464788732394,0.9113998818665091,0.947804473902237,0.009942004971002394,0.06379208505611333,366.0925470030634
100,0,hdc_linear,linear,1,0.8139397519196693,0.9784589892294946,0.9232132309509746,0.9668599834299917,0.011599005799502904,0.10927347903130535,5605.452263000188
10,1,hdc_k1,prototype,1,0.6993502658003544,0.7307373653686827,0.7123449497932663,0.7290803645401823,0.001657000828500399,0.012994683992911926,11.159322995808907
10,1,hdc_k8,prototype,8,0.7985823981098642,0.9113504556752279,0.815711754282339,0.9146644573322287,-0.003314001657000798,0.017129356172474797,21.652126000844873
10,1,hdc_k16,prototype,16,0.8535144713526285,0.9635459817729909,0.874187832250443,0.9594034797017399,0.0041425020712509975,0.020673360897814574,32.80053900380153
10,1,hdc_linear,linear,1,0.8180744240992321,0.9726594863297432,0.8346131128174837,0.975973487986744,-0.003314001657000798,0.016538688718251593,5306.526456995925
50,1,hdc_k1,prototype,1,0.6993502658003544,0.7307373653686827,0.7306556408741879,0.7348798674399337,-0.0041425020712509975,0.031305375073833464,70.73611400119262
50,1,hdc_k8,prototype,8,0.7985823981098642,0.9113504556752279,0.8653278204370939,0.9055509527754764,0.0057995028997515075,0.06674542232722969,128.810579997662
50,1,hdc_k16,prototype,16,0.8535144713526285,0.9635459817729909,0.9131718842291789,0.9635459817729909,0.0,0.059657412876550464,185.83390500134556
50,1,hdc_linear,linear,1,0.8180744240992321,0.9726594863297432,0.8783225044300059,0.9668599834299917,0.0057995028997515075,0.06024808033077378,5703.275615000166
100,1,hdc_k1,prototype,1,0.6993502658003544,0.7307373653686827,0.7519196692262257,0.7191383595691798,0.011599005799502904,0.05256940342587124,161.2351649964694
100,1,hdc_k8,prototype,8,0.7985823981098642,0.9113504556752279,0.887182516243355,0.9047224523612262,0.006628003314001707,0.08860011813349078,223.65309599990724
100,1,hdc_k16,prototype,16,0.8535144713526285,0.9635459817729909,0.919669226225635,0.9602319801159901,0.003314001657000798,0.06615475487300648,323.14801499887835
100,1,hdc_linear,linear,1,0.8180744240992321,0.9726594863297432,0.9279385705847608,0.9701739850869926,0.0024855012427505985,0.10986414648552867,11588.649939003517
10,2,hdc_k1,prototype,1,0.7129356172474897,0.7332228666114333,0.7200236266981689,0.7340513670256835,-0.0008285004142501995,0.007088009450679222,11.355132999597117
10,2,hdc_k8,prototype,8,0.8393384524512699,0.9262634631317316,0.8464264619019493,0.9262634631317316,0.0,0.007088009450679333,21.787521996884607
10,2,hdc_k16,prototype,16,0.8493797991730656,0.9577464788732394,0.8606024808033077,0.9577464788732394,0.0,0.011222681630242093,36.356705000798684
10,2,hdc_linear,linear,1,0.8186650915534555,0.9701739850869926,0.8328411104548139,0.971830985915493,-0.001657000828500399,0.014176018901358445,7606.156104993715
50,2,hdc_k1,prototype,1,0.7129356172474897,0.7332228666114333,0.7324276432368576,0.7265948632974316,0.006628003314001707,0.019492025989367945,92.2016890035593
50,2,hdc_k8,prototype,8,0.8393384524512699,0.9262634631317316,0.8818665091553456,0.923777961888981,0.0024855012427505985,0.04252805670407567,113.27771099604433
50,2,hdc_k16,prototype,16,0.8493797991730656,0.9577464788732394,0.8948611931482575,0.9585749792874897,-0.0008285004142503105,0.04548139397519191,188.75939099962125
50,2,hdc_linear,linear,1,0.8186650915534555,0.9701739850869926,0.8895451860602481,0.9701739850869926,0.0,0.07088009450679267,5482.5949119986035
100,2,hdc_k1,prototype,1,0.7129356172474897,0.7332228666114333,0.7649143532191376,0.7340513670256835,-0.0008285004142501995,0.05197873597164793,152.2814410054707
100,2,hdc_k8,prototype,8,0.8393384524512699,0.9262634631317316,0.90253987005316,0.9246064623032312,0.001657000828500399,0.06320141760189013,222.0525059965439
100,2,hdc_k16,prototype,16,0.8493797991730656,0.9577464788732394,0.9303012404016539,0.9602319801159901,-0.0024855012427507095,0.08092144122858824,344.7858060026192
100,2,hdc_linear,linear,1,0.8186650915534555,0.9701739850869926,0.9291199054932073,0.9643744821872411,0.0057995028997515075,0.11045481393975187,6071.71084699803
