dataset,split,method,budget_bytes,actual_bytes,ber,burst_length,packet_loss_rate,seed,accuracy,macro_f1,encode_ms_median,encode_ms_p95,classify_ms_median,classify_ms_p95,model_bytes,shared_memory_bytes,git_commit,n_keep,interleave,n_bursts,n_comp,dimension
sim_indoor_v1,test_id,quantized,512,188.0,0.0,0,0.0,0,0.7473073736536868,0.6436382849372578,0.0,0.0,0.0,0.0,3620,0,51d3d02,180.0,False,0,,
sim_indoor_v1,test_id,quantized,512,188.0,0.0,0,0.01,0,0.7390223695111847,0.634648875214583,0.0,0.0,0.0,0.0,3620,0,51d3d02,180.0,False,0,,
sim_indoor_v1,test_id,quantized,512,188.0,0.0,0,0.05,0,0.7050538525269263,0.605583260851108,0.0,0.0,0.0,0.0,3620,0,51d3d02,180.0,False,0,,
sim_indoor_v1,test_id,quantized,512,188.0,0.0,0,0.1,0,0.6586578293289147,0.5665694484492158,0.0,0.0,0.0,0.0,3620,0,51d3d02,180.0,False,0,,
sim_indoor_v1,test_id,quantized,512,188.0,0.0,0,0.2,0,0.5724937862468932,0.5016770695199391,0.0,0.0,0.0,0.0,3620,0,51d3d02,180.0,False,0,,
sim_indoor_v1,test_id,quantized,512,188.0,0.0,0,0.4,0,0.4250207125103563,0.3761574394015409,0.0,0.0,0.0,0.0,3620,0,51d3d02,180.0,False,0,,
sim_indoor_v1,test_id,pca,512,512.0,0.0,0,0.0,0,0.7547638773819387,0.6430222945087841,0.0,0.0,0.0,0.0,2540,94320,51d3d02,,False,0,126.0,
sim_indoor_v1,test_id,pca,512,512.0,0.0,0,0.01,0,0.7531068765534383,0.643172280256732,0.0,0.0,0.0,0.0,2540,94320,51d3d02,,False,0,126.0,
sim_indoor_v1,test_id,pca,512,512.0,0.0,0,0.05,0,0.7249378624689312,0.6196568761969837,0.0,0.0,0.0,0.0,2540,94320,51d3d02,,False,0,126.0,
sim_indoor_v1,test_id,pca,512,512.0,0.0,0,0.1,0,0.6975973487986744,0.601029597343415,0.0,0.0,0.0,0.0,2540,94320,51d3d02,,False,0,126.0,
sim_indoor_v1,test_id,pca,512,512.0,0.0,0,0.2,0,0.6205468102734052,0.5387790447076918,0.0,0.0,0.0,0.0,2540,94320,51d3d02,,False,0,126.0,
sim_indoor_v1,test_id,pca,512,512.0,0.0,0,0.4,0,0.4987572493786247,0.44553402969957434,0.0,0.0,0.0,0.0,2540,94320,51d3d02,,False,0,126.0,
sim_indoor_v1,test_id,binary_hash,512,512.0,0.0,0,0.0,0,0.9154929577464789,0.8662026074723801,0.0,0.0,0.0,0.0,81940,2949120,51d3d02,,False,0,,4096.0
sim_indoor_v1,test_id,binary_hash,512,512.0,0.0,0,0.01,0,0.9138359569179785,0.8638271307335185,0.0,0.0,0.0,0.0,81940,2949120,51d3d02,,False,0,,4096.0
sim_indoor_v1,test_id,binary_hash,512,512.0,0.0,0,0.05,0,0.8947804473902237,0.8394036973004061,0.0,0.0,0.0,0.0,81940,2949120,51d3d02,,False,0,,4096.0
sim_indoor_v1,test_id,binary_hash,512,512.0,0.0,0,0.1,0,0.87986743993372,0.8217395657944676,0.0,0.0,0.0,0.0,81940,2949120,51d3d02,,False,0,,4096.0
sim_indoor_v1,test_id,binary_hash,512,512.0,0.0,0,0.2,0,0.8301574150787076,0.7590548438410673,0.0,0.0,0.0,0.0,81940,2949120,51d3d02,,False,0,,4096.0
sim_indoor_v1,test_id,binary_hash,512,512.0,0.0,0,0.4,0,0.7647058823529411,0.663944090482721,0.0,0.0,0.0,0.0,81940,2949120,51d3d02,,False,0,,4096.0
sim_indoor_v1,test_id,pure_hdc,512,512.0,0.0,0,0.0,0,0.7299088649544325,0.6638516578731524,0.0,0.0,0.0,0.0,81940,868352,51d3d02,,False,0,,4096.0
sim_indoor_v1,test_id,pure_hdc,512,512.0,0.0,0,0.01,0,0.728251864125932,0.6626234050199065,0.0,0.0,0.0,0.0,81940,868352,51d3d02,,False,0,,4096.0
sim_indoor_v1,test_id,pure_hdc,512,512.0,0.0,0,0.05,0,0.7290803645401823,0.662362152089529,0.0,0.0,0.0,0.0,81940,868352,51d3d02,,False,0,,4096.0
sim_indoor_v1,test_id,pure_hdc,512,512.0,0.0,0,0.1,0,0.7307373653686827,0.6635343667906642,0.0,0.0,0.0,0.0,81940,868352,51d3d02,,False,0,,4096.0
sim_indoor_v1,test_id,pure_hdc,512,512.0,0.0,0,0.2,0,0.7257663628831814,0.6558712056818579,0.0,0.0,0.0,0.0,81940,868352,51d3d02,,False,0,,4096.0
sim_indoor_v1,test_id,pure_hdc,512,512.0,0.0,0,0.4,0,0.7224523612261806,0.6478762898116492,0.0,0.0,0.0,0.0,81940,868352,51d3d02,,False,0,,4096.0
sim_indoor_v1,test_id,quantized,512,188.0,0.0,0,0.0,1,0.7473073736536868,0.6436382849372578,0.0,0.0,0.0,0.0,3620,0,51d3d02,180.0,False,0,,
sim_indoor_v1,test_id,quantized,512,188.0,0.0,0,0.01,1,0.7406793703396851,0.6381447539071159,0.0,0.0,0.0,0.0,3620,0,51d3d02,180.0,False,0,,
sim_indoor_v1,test_id,quantized,512,188.0,0.0,0,0.05,1,0.7108533554266777,0.6116025085600507,0.0,0.0,0.0,0.0,3620,0,51d3d02,180.0,False,0,,
sim_indoor_v1,test_id,quantized,512,188.0,0.0,0,0.1,1,0.6743993371996686,0.5836663476083055,0.0,0.0,0.0,0.0,3620,0,51d3d02,180.0,False,0,,
sim_indoor_v1,test_id,quantized,512,188.0,0.0,0,0.2,1,0.6031483015741508,0.5303316662320531,0.0,0.0,0.0,0.0,3620,0,51d3d02,180.0,False,0,,
sim_indoor_v1,test_id,quantized,512,188.0,0.0,0,0.4,1,0.424192212096106,0.39383687990031924,0.0,0.0,0.0,0.0,3620,0,51d3d02,180.0,False,0,,
sim_indoor_v1,test_id,pca,512,512.0,0.0,0,0.0,1,0.7547638773819387,0.6430222945087841,0.0,0.0,0.0,0.0,2540,94320,51d3d02,,False,0,126.0,
sim_indoor_v1,test_id,pca,512,512.0,0.0,0,0.01,1,0.7506213753106876,0.6403218880793272,0.0,0.0,0.0,0.0,2540,94320,51d3d02,,False,0,126.0,
sim_indoor_v1,test_id,pca,512,512.0,0.0,0,0.05,1,0.7191383595691798,0.6117243454915394,0.0,0.0,0.0,0.0,2540,94320,51d3d02,,False,0,126.0,
sim_indoor_v1,test_id,pca,512,512.0,0.0,0,0.1,1,0.6843413421706711,0.5882732586152626,0.0,0.0,0.0,0.0,2540,94320,51d3d02,,False,0,126.0,
sim_indoor_v1,test_id,pca,512,512.0,0.0,0,0.2,1,0.6205468102734052,0.5430293567792053,0.0,0.0,0.0,0.0,2540,94320,51d3d02,,False,0,126.0,
sim_indoor_v1,test_id,pca,512,512.0,0.0,0,0.4,1,0.512013256006628,0.4624411527243487,0.0,0.0,0.0,0.0,2540,94320,51d3d02,,False,0,126.0,
sim_indoor_v1,test_id,binary_hash,512,512.0,0.0,0,0.0,1,0.9270919635459818,0.8840642692353267,0.0,0.0,0.0,0.0,81940,2949120,51d3d02,,False,0,,4096.0
sim_indoor_v1,test_id,binary_hash,512,512.0,0.0,0,0.01,1,0.9246064623032312,0.8795826927841606,0.0,0.0,0.0,0.0,81940,2949120,51d3d02,,False,0,,4096.0
sim_indoor_v1,test_id,binary_hash,512,512.0,0.0,0,0.05,1,0.9072079536039768,0.8651824616444038,0.0,0.0,0.0,0.0,81940,2949120,51d3d02,,False,0,,4096.0
sim_indoor_v1,test_id,binary_hash,512,512.0,0.0,0,0.1,1,0.8864954432477217,0.829753546199511,0.0,0.0,0.0,0.0,81940,2949120,51d3d02,,False,0,,4096.0
sim_indoor_v1,test_id,binary_hash,512,512.0,0.0,0,0.2,1,0.8293289146644574,0.7619360589318955,0.0,0.0,0.0,0.0,81940,2949120,51d3d02,,False,0,,4096.0
sim_indoor_v1,test_id,binary_hash,512,512.0,0.0,0,0.4,1,0.7232808616404308,0.6587711039318523,0.0,0.0,0.0,0.0,81940,2949120,51d3d02,,False,0,,4096.0
sim_indoor_v1,test_id,pure_hdc,512,512.0,0.0,0,0.0,1,0.7307373653686827,0.662479807302779,0.0,0.0,0.0,0.0,81940,868352,51d3d02,,False,0,,4096.0
sim_indoor_v1,test_id,pure_hdc,512,512.0,0.0,0,0.01,1,0.7307373653686827,0.6617073668489935,0.0,0.0,0.0,0.0,81940,868352,51d3d02,,False,0,,4096.0
sim_indoor_v1,test_id,pure_hdc,512,512.0,0.0,0,0.05,1,0.7340513670256835,0.6672052287666619,0.0,0.0,0.0,0.0,81940,868352,51d3d02,,False,0,,4096.0
sim_indoor_v1,test_id,pure_hdc,512,512.0,0.0,0,0.1,1,0.7357083678541839,0.6672819808444862,0.0,0.0,0.0,0.0,81940,868352,51d3d02,,False,0,,4096.0
sim_indoor_v1,test_id,pure_hdc,512,512.0,0.0,0,0.2,1,0.7274233637116818,0.6578291688792718,0.0,0.0,0.0,0.0,81940,868352,51d3d02,,False,0,,4096.0
sim_indoor_v1,test_id,pure_hdc,512,512.0,0.0,0,0.4,1,0.7207953603976802,0.6449144293754104,0.0,0.0,0.0,0.0,81940,868352,51d3d02,,False,0,,4096.0
sim_indoor_v1,test_id,quantized,512,188.0,0.0,0,0.0,2,0.7473073736536868,0.6436382849372578,0.0,0.0,0.0,0.0,3620,0,51d3d02,180.0,False,0,,
sim_indoor_v1,test_id,quantized,512,188.0,0.0,0,0.01,2,0.7423363711681856,0.63765510395102,0.0,0.0,0.0,0.0,3620,0,51d3d02,180.0,False,0,,
sim_indoor_v1,test_id,quantized,512,188.0,0.0,0,0.05,2,0.7100248550124275,0.6107436559875563,0.0,0.0,0.0,0.0,3620,0,51d3d02,180.0,False,0,,
sim_indoor_v1,test_id,quantized,512,188.0,0.0,0,0.1,2,0.6611433305716653,0.5678095813925246,0.0,0.0,0.0,0.0,3620,0,51d3d02,180.0,False,0,,
sim_indoor_v1,test_id,quantized,512,188.0,0.0,0,0.2,2,0.584092792046396,0.5070936779141335,0.0,0.0,0.0,0.0,3620,0,51d3d02,180.0,False,0,,
sim_indoor_v1,test_id,quantized,512,188.0,0.0,0,0.4,2,0.415907207953604,0.3758884600526924,0.0,0.0,0.0,0.0,3620,0,51d3d02,180.0,False,0,,
sim_indoor_v1,test_id,pca,512,512.0,0.0,0,0.0,2,0.7547638773819387,0.6430222945087841,0.0,0.0,0.0,0.0,2540,94320,51d3d02,,False,0,126.0,
sim_indoor_v1,test_id,pca,512,512.0,0.0,0,0.01,2,0.743993371996686,0.6371942725578112,0.0,0.0,0.0,0.0,2540,94320,51d3d02,,False,0,126.0,
sim_indoor_v1,test_id,pca,512,512.0,0.0,0,0.05,2,0.7108533554266777,0.6119646204989204,0.0,0.0,0.0,0.0,2540,94320,51d3d02,,False,0,126.0,
sim_indoor_v1,test_id,pca,512,512.0,0.0,0,0.1,2,0.6727423363711682,0.5840107632317832,0.0,0.0,0.0,0.0,2540,94320,51d3d02,,False,0,126.0,
sim_indoor_v1,test_id,pca,512,512.0,0.0,0,0.2,2,0.6304888152444076,0.5540472922238059,0.0,0.0,0.0,0.0,2540,94320,51d3d02,,False,0,126.0,
sim_indoor_v1,test_id,pca,512,512.0,0.0,0,0.4,2,0.5161557580778791,0.46499425065321864,0.0,0.0,0.0,0.0,2540,94320,51d3d02,,False,0,126.0,
sim_indoor_v1,test_id,binary_hash,512,512.0,0.0,0,0.0,2,0.9221209610604806,0.8766804510670834,0.0,0.0,0.0,0.0,81940,2949120,51d3d02,,False,0,,4096.0
sim_indoor_v1,test_id,binary_hash,512,512.0,0.0,0,0.01,2,0.9204639602319801,0.8742986648966928,0.0,0.0,0.0,0.0,81940,2949120,51d3d02,,False,0,,4096.0
sim_indoor_v1,test_id,binary_hash,512,512.0,0.0,0,0.05,2,0.8980944490472246,0.8427016242637408,0.0,0.0,0.0,0.0,81940,2949120,51d3d02,,False,0,,4096.0
sim_indoor_v1,test_id,binary_hash,512,512.0,0.0,0,0.1,2,0.8939519469759735,0.8518043565610439,0.0,0.0,0.0,0.0,81940,2949120,51d3d02,,False,0,,4096.0
sim_indoor_v1,test_id,binary_hash,512,512.0,0.0,0,0.2,2,0.8417564208782105,0.7818013590988842,0.0,0.0,0.0,0.0,81940,2949120,51d3d02,,False,0,,4096.0
sim_indoor_v1,test_id,binary_hash,512,512.0,0.0,0,0.4,2,0.7357083678541839,0.6502808302666752,0.0,0.0,0.0,0.0,81940,2949120,51d3d02,,False,0,,4096.0
sim_indoor_v1,test_id,pure_hdc,512,512.0,0.0,0,0.0,2,0.7332228666114333,0.6651585878194195,0.0,0.0,0.0,0.0,81940,868352,51d3d02,,False,0,,4096.0
sim_indoor_v1,test_id,pure_hdc,512,512.0,0.0,0,0.01,2,0.7340513670256835,0.6665286895262171,0.0,0.0,0.0,0.0,81940,868352,51d3d02,,False,0,,4096.0
sim_indoor_v1,test_id,pure_hdc,512,512.0,0.0,0,0.05,2,0.7340513670256835,0.6662078105859182,0.0,0.0,0.0,0.0,81940,868352,51d3d02,,False,0,,4096.0
sim_indoor_v1,test_id,pure_hdc,512,512.0,0.0,0,0.1,2,0.7307373653686827,0.661988581789069,0.0,0.0,0.0,0.0,81940,868352,51d3d02,,False,0,,4096.0
sim_indoor_v1,test_id,pure_hdc,512,512.0,0.0,0,0.2,2,0.7357083678541839,0.6642329644246827,0.0,0.0,0.0,0.0,81940,868352,51d3d02,,False,0,,4096.0
sim_indoor_v1,test_id,pure_hdc,512,512.0,0.0,0,0.4,2,0.7406793703396851,0.6611044103656181,0.0,0.0,0.0,0.0,81940,868352,51d3d02,,False,0,,4096.0
sim_indoor_v1,test_id,quantized,512,188.0,0.0,0,0.0,3,0.7473073736536868,0.6436382849372578,0.0,0.0,0.0,0.0,3620,0,51d3d02,180.0,False,0,,
sim_indoor_v1,test_id,quantized,512,188.0,0.0,0,0.01,3,0.7448218724109362,0.6421889846827741,0.0,0.0,0.0,0.0,3620,0,51d3d02,180.0,False,0,,
sim_indoor_v1,test_id,quantized,512,188.0,0.0,0,0.05,3,0.7050538525269263,0.609468848990149,0.0,0.0,0.0,0.0,3620,0,51d3d02,180.0,False,0,,
sim_indoor_v1,test_id,quantized,512,188.0,0.0,0,0.1,3,0.6429163214581607,0.5577950830134405,0.0,0.0,0.0,0.0,3620,0,51d3d02,180.0,False,0,,
sim_indoor_v1,test_id,quantized,512,188.0,0.0,0,0.2,3,0.5708367854183927,0.4979515555130466,0.0,0.0,0.0,0.0,3620,0,51d3d02,180.0,False,0,,
sim_indoor_v1,test_id,quantized,512,188.0,0.0,0,0.4,3,0.4117647058823529,0.3683486562784927,0.0,0.0,0.0,0.0,3620,0,51d3d02,180.0,False,0,,
sim_indoor_v1,test_id,pca,512,512.0,0.0,0,0.0,3,0.7547638773819387,0.6430222945087841,0.0,0.0,0.0,0.0,2540,94320,51d3d02,,False,0,126.0,
sim_indoor_v1,test_id,pca,512,512.0,0.0,0,0.01,3,0.7489643744821872,0.6388024745152571,0.0,0.0,0.0,0.0,2540,94320,51d3d02,,False,0,126.0,
sim_indoor_v1,test_id,pca,512,512.0,0.0,0,0.05,3,0.7166528583264291,0.6129707873542457,0.0,0.0,0.0,0.0,2540,94320,51d3d02,,False,0,126.0,
sim_indoor_v1,test_id,pca,512,512.0,0.0,0,0.1,3,0.6859983429991715,0.5850028493691266,0.0,0.0,0.0,0.0,2540,94320,51d3d02,,False,0,126.0,
sim_indoor_v1,test_id,pca,512,512.0,0.0,0,0.2,3,0.6255178127589064,0.5354144453010261,0.0,0.0,0.0,0.0,2540,94320,51d3d02,,False,0,126.0,
sim_indoor_v1,test_id,pca,512,512.0,0.0,0,0.4,3,0.5169842584921293,0.45441968305841396,0.0,0.0,0.0,0.0,2540,94320,51d3d02,,False,0,126.0,
sim_indoor_v1,test_id,binary_hash,512,512.0,0.0,0,0.0,3,0.9262634631317316,0.8858124707440689,0.0,0.0,0.0,0.0,81940,2949120,51d3d02,,False,0,,4096.0
sim_indoor_v1,test_id,binary_hash,512,512.0,0.0,0,0.01,3,0.9229494614747308,0.8804298789185363,0.0,0.0,0.0,0.0,81940,2949120,51d3d02,,False,0,,4096.0
sim_indoor_v1,test_id,binary_hash,512,512.0,0.0,0,0.05,3,0.9072079536039768,0.8682219631698229,0.0,0.0,0.0,0.0,81940,2949120,51d3d02,,False,0,,4096.0
sim_indoor_v1,test_id,binary_hash,512,512.0,0.0,0,0.1,3,0.8773819386909694,0.8314405708455628,0.0,0.0,0.0,0.0,81940,2949120,51d3d02,,False,0,,4096.0
sim_indoor_v1,test_id,binary_hash,512,512.0,0.0,0,0.2,3,0.8285004142502072,0.7730694518239529,0.0,0.0,0.0,0.0,81940,2949120,51d3d02,,False,0,,4096.0
sim_indoor_v1,test_id,binary_hash,512,512.0,0.0,0,0.4,3,0.704225352112676,0.6251782208571692,0.0,0.0,0.0,0.0,81940,2949120,51d3d02,,False,0,,4096.0
sim_indoor_v1,test_id,pure_hdc,512,512.0,0.0,0,0.0,3,0.7340513670256835,0.6677268864614062,0.0,0.0,0.0,0.0,81940,868352,51d3d02,,False,0,,4096.0
sim_indoor_v1,test_id,pure_hdc,512,512.0,0.0,0,0.01,3,0.7323943661971831,0.6663256602067187,0.0,0.0,0.0,0.0,81940,868352,51d3d02,,False,0,,4096.0
sim_indoor_v1,test_id,pure_hdc,512,512.0,0.0,0,0.05,3,0.7340513670256835,0.6685620651291825,0.0,0.0,0.0,0.0,81940,868352,51d3d02,,False,0,,4096.0
sim_indoor_v1,test_id,pure_hdc,512,512.0,0.0,0,0.1,3,0.7290803645401823,0.6619357282199981,0.0,0.0,0.0,0.0,81940,868352,51d3d02,,False,0,,4096.0
sim_indoor_v1,test_id,pure_hdc,512,512.0,0.0,0,0.2,3,0.7290803645401823,0.662668983407084,0.0,0.0,0.0,0.0,81940,868352,51d3d02,,False,0,,4096.0
sim_indoor_v1,test_id,pure_hdc,512,512.0,0.0,0,0.4,3,0.7265948632974316,0.6559385822793505,0.0,0.0,0.0,0.0,81940,868352,51d3d02,,False,0,,4096.0
sim_indoor_v1,test_id,quantized,512,188.0,0.0,0,0.0,4,0.7473073736536868,0.6436382849372578,0.0,0.0,0.0,0.0,3620,0,51d3d02,180.0,False,0,,
sim_indoor_v1,test_id,quantized,512,188.0,0.0,0,0.01,4,0.7415078707539354,0.6425821275632472,0.0,0.0,0.0,0.0,3620,0,51d3d02,180.0,False,0,,
sim_indoor_v1,test_id,quantized,512,188.0,0.0,0,0.05,4,0.7100248550124275,0.6167085846783273,0.0,0.0,0.0,0.0,3620,0,51d3d02,180.0,False,0,,
sim_indoor_v1,test_id,quantized,512,188.0,0.0,0,0.1,4,0.6727423363711682,0.5849347973335558,0.0,0.0,0.0,0.0,3620,0,51d3d02,180.0,False,0,,
sim_indoor_v1,test_id,quantized,512,188.0,0.0,0,0.2,4,0.5981772990886496,0.5273993049347631,0.0,0.0,0.0,0.0,3620,0,51d3d02,180.0,False,0,,
sim_indoor_v1,test_id,quantized,512,188.0,0.0,0,0.4,4,0.43496271748135873,0.39978904365007045,0.0,0.0,0.0,0.0,3620,0,51d3d02,180.0,False,0,,
sim_indoor_v1,test_id,pca,512,512.0,0.0,0,0.0,4,0.7547638773819387,0.6430222945087841,0.0,0.0,0.0,0.0,2540,94320,51d3d02,,False,0,126.0,
sim_indoor_v1,test_id,pca,512,512.0,0.0,0,0.01,4,0.7473073736536868,0.6330248242397332,0.0,0.0,0.0,0.0,2540,94320,51d3d02,,False,0,126.0,
sim_indoor_v1,test_id,pca,512,512.0,0.0,0,0.05,4,0.7257663628831814,0.6172787811066176,0.0,0.0,0.0,0.0,2540,94320,51d3d02,,False,0,126.0,
sim_indoor_v1,test_id,pca,512,512.0,0.0,0,0.1,4,0.700082850041425,0.5971791203349622,0.0,0.0,0.0,0.0,2540,94320,51d3d02,,False,0,126.0,
sim_indoor_v1,test_id,pca,512,512.0,0.0,0,0.2,4,0.6454018227009114,0.5532000138374946,0.0,0.0,0.0,0.0,2540,94320,51d3d02,,False,0,126.0,
sim_indoor_v1,test_id,pca,512,512.0,0.0,0,0.4,4,0.52029826014913,0.4653988848712324,0.0,0.0,0.0,0.0,2540,94320,51d3d02,,False,0,126.0,
sim_indoor_v1,test_id,binary_hash,512,512.0,0.0,0,0.0,4,0.9204639602319801,0.8848809755523929,0.0,0.0,0.0,0.0,81940,2949120,51d3d02,,False,0,,4096.0
sim_indoor_v1,test_id,binary_hash,512,512.0,0.0,0,0.01,4,0.9188069594034797,0.8815206642005557,0.0,0.0,0.0,0.0,81940,2949120,51d3d02,,False,0,,4096.0
sim_indoor_v1,test_id,binary_hash,512,512.0,0.0,0,0.05,4,0.8989229494614748,0.8570205483831852,0.0,0.0,0.0,0.0,81940,2949120,51d3d02,,False,0,,4096.0
sim_indoor_v1,test_id,binary_hash,512,512.0,0.0,0,0.1,4,0.8823529411764706,0.8343854036500744,0.0,0.0,0.0,0.0,81940,2949120,51d3d02,,False,0,,4096.0
sim_indoor_v1,test_id,binary_hash,512,512.0,0.0,0,0.2,4,0.8351284175642087,0.7734177419041228,0.0,0.0,0.0,0.0,81940,2949120,51d3d02,,False,0,,4096.0
sim_indoor_v1,test_id,binary_hash,512,512.0,0.0,0,0.4,4,0.7514498757249378,0.6754604734645591,0.0,0.0,0.0,0.0,81940,2949120,51d3d02,,False,0,,4096.0
sim_indoor_v1,test_id,pure_hdc,512,512.0,0.0,0,0.0,4,0.724109362054681,0.6589389604260927,0.0,0.0,0.0,0.0,81940,868352,51d3d02,,False,0,,4096.0
sim_indoor_v1,test_id,pure_hdc,512,512.0,0.0,0,0.01,4,0.724109362054681,0.6589628109404704,0.0,0.0,0.0,0.0,81940,868352,51d3d02,,False,0,,4096.0
sim_indoor_v1,test_id,pure_hdc,512,512.0,0.0,0,0.05,4,0.7249378624689312,0.6589454919133922,0.0,0.0,0.0,0.0,81940,868352,51d3d02,,False,0,,4096.0
sim_indoor_v1,test_id,pure_hdc,512,512.0,0.0,0,0.1,4,0.7183098591549296,0.6493857698780152,0.0,0.0,0.0,0.0,81940,868352,51d3d02,,False,0,,4096.0
sim_indoor_v1,test_id,pure_hdc,512,512.0,0.0,0,0.2,4,0.7174813587406794,0.6485258804493643,0.0,0.0,0.0,0.0,81940,868352,51d3d02,,False,0,,4096.0
sim_indoor_v1,test_id,pure_hdc,512,512.0,0.0,0,0.4,4,0.7149958574979287,0.6391474642386253,0.0,0.0,0.0,0.0,81940,868352,51d3d02,,False,0,,4096.0
