dataset,split,method,budget_bytes,actual_bytes,ber,burst_length,packet_loss_rate,seed,accuracy,macro_f1,encode_ms_median,encode_ms_p95,classify_ms_median,classify_ms_p95,model_bytes,shared_memory_bytes,git_commit,n_keep,interleave,n_bursts,modulation,fading,coherence_symbols,empirical_ber,n_comp,dimension,method_label
sim_indoor_v1,test_id,quantized,512,188.0,0.0,0,0.0,0,0.7473073736536868,0.6436382849372578,0.0,0.0,0.0,0.0,3620,0,7383700,180.0,False,0,none,none,32,0.0,,,quantized
sim_indoor_v1,test_id,quantized,512,188.0,0.0,0,0.1,0,0.6586578293289147,0.5665694484492158,0.0,0.0,0.0,0.0,3620,0,7383700,180.0,False,0,none,none,32,0.02467378656914894,,,quantized
sim_indoor_v1,test_id,quantized,512,188.0,0.0,0,0.1,0,0.5393537696768849,0.48584226179990464,0.0,0.0,0.0,0.0,3620,0,7383700,180.0,True,0,none,none,32,0.025421791888297872,,,quantized+intl
sim_indoor_v1,test_id,quantized,512,188.0,0.0,0,0.2,0,0.5724937862468932,0.5016770695199391,0.0,0.0,0.0,0.0,3620,0,7383700,180.0,False,0,none,none,32,0.056287400265957445,,,quantized
sim_indoor_v1,test_id,quantized,512,188.0,0.0,0,0.2,0,0.4009942004971003,0.3827997818123403,0.0,0.0,0.0,0.0,3620,0,7383700,180.0,True,0,none,none,32,0.06033909574468085,,,quantized+intl
sim_indoor_v1,test_id,quantized,512,188.0,0.0,0,0.4,0,0.4250207125103563,0.3761574394015409,0.0,0.0,0.0,0.0,3620,0,7383700,180.0,False,0,none,none,32,0.1533930352393617,,,quantized
sim_indoor_v1,test_id,quantized,512,188.0,0.0,0,0.4,0,0.24109362054681027,0.24763059701109835,0.0,0.0,0.0,0.0,3620,0,7383700,180.0,True,0,none,none,32,0.15502410239361702,,,quantized+intl
sim_indoor_v1,test_id,pca,512,512.0,0.0,0,0.0,0,0.7547638773819387,0.6430222945087841,0.0,0.0,0.0,0.0,2540,94320,7383700,,False,0,none,none,32,0.0,126.0,,pca
sim_indoor_v1,test_id,pca,512,512.0,0.0,0,0.1,0,0.6975973487986744,0.601029597343415,0.0,0.0,0.0,0.0,2540,94320,7383700,,False,0,none,none,32,0.041584014892578125,126.0,,pca
sim_indoor_v1,test_id,pca,512,512.0,0.0,0,0.1,0,0.5791217895608948,0.5134332039362811,0.0,0.0,0.0,0.0,2540,94320,7383700,,True,0,none,none,32,0.040622711181640625,126.0,,pca+intl
sim_indoor_v1,test_id,pca,512,512.0,0.0,0,0.2,0,0.6205468102734052,0.5387790447076918,0.0,0.0,0.0,0.0,2540,94320,7383700,,False,0,none,none,32,0.09027862548828125,126.0,,pca
sim_indoor_v1,test_id,pca,512,512.0,0.0,0,0.2,0,0.4614747307373654,0.418752261284399,0.0,0.0,0.0,0.0,2540,94320,7383700,,True,0,none,none,32,0.08992385864257812,126.0,,pca+intl
sim_indoor_v1,test_id,pca,512,512.0,0.0,0,0.4,0,0.4987572493786247,0.44553402969957434,0.0,0.0,0.0,0.0,2540,94320,7383700,,False,0,none,none,32,0.20100021362304688,126.0,,pca
sim_indoor_v1,test_id,pca,512,512.0,0.0,0,0.4,0,0.2899751449875725,0.2713620794516145,0.0,0.0,0.0,0.0,2540,94320,7383700,,True,0,none,none,32,0.20079803466796875,126.0,,pca+intl
sim_indoor_v1,test_id,binary_hash,512,512.0,0.0,0,0.0,0,0.9154929577464789,0.8662026074723801,0.0,0.0,0.0,0.0,81940,2949120,7383700,,False,0,none,none,32,0.0,,4096.0,binary_hash
sim_indoor_v1,test_id,binary_hash,512,512.0,0.0,0,0.1,0,0.87986743993372,0.8217395657944676,0.0,0.0,0.0,0.0,81940,2949120,7383700,,False,0,none,none,32,0.038848876953125,,4096.0,binary_hash
sim_indoor_v1,test_id,binary_hash,512,512.0,0.0,0,0.1,0,0.8823529411764706,0.8203725462411053,0.0,0.0,0.0,0.0,81940,2949120,7383700,,True,0,none,none,32,0.038959503173828125,,4096.0,binary_hash+intl
sim_indoor_v1,test_id,binary_hash,512,512.0,0.0,0,0.2,0,0.8301574150787076,0.7590548438410673,0.0,0.0,0.0,0.0,81940,2949120,7383700,,False,0,none,none,32,0.08591461181640625,,4096.0,binary_hash
sim_indoor_v1,test_id,binary_hash,512,512.0,0.0,0,0.2,0,0.859983429991715,0.7954279236541031,0.0,0.0,0.0,0.0,81940,2949120,7383700,,True,0,none,none,32,0.08648681640625,,4096.0,binary_hash+intl
sim_indoor_v1,test_id,binary_hash,512,512.0,0.0,0,0.4,0,0.7647058823529411,0.663944090482721,0.0,0.0,0.0,0.0,81940,2949120,7383700,,False,0,none,none,32,0.19197463989257812,,4096.0,binary_hash
sim_indoor_v1,test_id,binary_hash,512,512.0,0.0,0,0.4,0,0.7845898922949461,0.6897522019345982,0.0,0.0,0.0,0.0,81940,2949120,7383700,,True,0,none,none,32,0.192474365234375,,4096.0,binary_hash+intl
sim_indoor_v1,test_id,pure_hdc,512,512.0,0.0,0,0.0,0,0.7299088649544325,0.6638516578731524,0.0,0.0,0.0,0.0,81940,868352,7383700,,False,0,none,none,32,0.0,,4096.0,pure_hdc_D4096
sim_indoor_v1,test_id,pure_hdc,512,512.0,0.0,0,0.1,0,0.7307373653686827,0.6635343667906642,0.0,0.0,0.0,0.0,81940,868352,7383700,,False,0,none,none,32,0.0411529541015625,,4096.0,pure_hdc_D4096
sim_indoor_v1,test_id,pure_hdc,512,512.0,0.0,0,0.1,0,0.728251864125932,0.658827799816828,0.0,0.0,0.0,0.0,81940,868352,7383700,,True,0,none,none,32,0.04132843017578125,,4096.0,pure_hdc_D4096+intl
sim_indoor_v1,test_id,pure_hdc,512,512.0,0.0,0,0.2,0,0.7257663628831814,0.6558712056818579,0.0,0.0,0.0,0.0,81940,868352,7383700,,False,0,none,none,32,0.091461181640625,,4096.0,pure_hdc_D4096
sim_indoor_v1,test_id,pure_hdc,512,512.0,0.0,0,0.2,0,0.7249378624689312,0.653343446249851,0.0,0.0,0.0,0.0,81940,868352,7383700,,True,0,none,none,32,0.09128952026367188,,4096.0,pure_hdc_D4096+intl
sim_indoor_v1,test_id,pure_hdc,512,512.0,0.0,0,0.4,0,0.7224523612261806,0.6478762898116492,0.0,0.0,0.0,0.0,81940,868352,7383700,,False,0,none,none,32,0.20368194580078125,,4096.0,pure_hdc_D4096
sim_indoor_v1,test_id,pure_hdc,512,512.0,0.0,0,0.4,0,0.728251864125932,0.6538028394569757,0.0,0.0,0.0,0.0,81940,868352,7383700,,True,0,none,none,32,0.20370101928710938,,4096.0,pure_hdc_D4096+intl
sim_indoor_v1,test_id,quantized,512,188.0,0.0,0,0.0,1,0.7473073736536868,0.6436382849372578,0.0,0.0,0.0,0.0,3620,0,7383700,180.0,False,0,none,none,32,0.0,,,quantized
sim_indoor_v1,test_id,quantized,512,188.0,0.0,0,0.1,1,0.6743993371996686,0.5836663476083055,0.0,0.0,0.0,0.0,3620,0,7383700,180.0,False,0,none,none,32,0.033670628324468085,,,quantized
sim_indoor_v1,test_id,quantized,512,188.0,0.0,0,0.1,1,0.5666942833471417,0.497385862304456,0.0,0.0,0.0,0.0,3620,0,7383700,180.0,True,0,none,none,32,0.036112034574468085,,,quantized+intl
sim_indoor_v1,test_id,quantized,512,188.0,0.0,0,0.2,1,0.6031483015741508,0.5303316662320531,0.0,0.0,0.0,0.0,3620,0,7383700,180.0,False,0,none,none,32,0.06571018949468085,,,quantized
sim_indoor_v1,test_id,quantized,512,188.0,0.0,0,0.2,1,0.45981772990886494,0.42094009051713,0.0,0.0,0.0,0.0,3620,0,7383700,180.0,True,0,none,none,32,0.06836976396276596,,,quantized+intl
sim_indoor_v1,test_id,quantized,512,188.0,0.0,0,0.4,1,0.424192212096106,0.39383687990031924,0.0,0.0,0.0,0.0,3620,0,7383700,180.0,False,0,none,none,32,0.14614153922872342,,,quantized
sim_indoor_v1,test_id,quantized,512,188.0,0.0,0,0.4,1,0.28583264291632143,0.27165946383967354,0.0,0.0,0.0,0.0,3620,0,7383700,180.0,True,0,none,none,32,0.14325340757978722,,,quantized+intl
sim_indoor_v1,test_id,pca,512,512.0,0.0,0,0.0,1,0.7547638773819387,0.6430222945087841,0.0,0.0,0.0,0.0,2540,94320,7383700,,False,0,none,none,32,0.0,126.0,,pca
sim_indoor_v1,test_id,pca,512,512.0,0.0,0,0.1,1,0.6843413421706711,0.5882732586152626,0.0,0.0,0.0,0.0,2540,94320,7383700,,False,0,none,none,32,0.04351806640625,126.0,,pca
sim_indoor_v1,test_id,pca,512,512.0,0.0,0,0.1,1,0.6147473073736537,0.536621687101047,0.0,0.0,0.0,0.0,2540,94320,7383700,,True,0,none,none,32,0.043060302734375,126.0,,pca+intl
sim_indoor_v1,test_id,pca,512,512.0,0.0,0,0.2,1,0.6205468102734052,0.5430293567792053,0.0,0.0,0.0,0.0,2540,94320,7383700,,False,0,none,none,32,0.09039306640625,126.0,,pca
sim_indoor_v1,test_id,pca,512,512.0,0.0,0,0.2,1,0.49544324772162385,0.44294320004605126,0.0,0.0,0.0,0.0,2540,94320,7383700,,True,0,none,none,32,0.09045028686523438,126.0,,pca+intl
sim_indoor_v1,test_id,pca,512,512.0,0.0,0,0.4,1,0.512013256006628,0.4624411527243487,0.0,0.0,0.0,0.0,2540,94320,7383700,,False,0,none,none,32,0.19669342041015625,126.0,,pca
sim_indoor_v1,test_id,pca,512,512.0,0.0,0,0.4,1,0.31897265948632975,0.3191222825058943,0.0,0.0,0.0,0.0,2540,94320,7383700,,True,0,none,none,32,0.19616317749023438,126.0,,pca+intl
sim_indoor_v1,test_id,binary_hash,512,512.0,0.0,0,0.0,1,0.9270919635459818,0.8840642692353267,0.0,0.0,0.0,0.0,81940,2949120,7383700,,False,0,none,none,32,0.0,,4096.0,binary_hash
sim_indoor_v1,test_id,binary_hash,512,512.0,0.0,0,0.1,1,0.8864954432477217,0.829753546199511,0.0,0.0,0.0,0.0,81940,2949120,7383700,,False,0,none,none,32,0.04077911376953125,,4096.0,binary_hash
sim_indoor_v1,test_id,binary_hash,512,512.0,0.0,0,0.1,1,0.8922949461474731,0.8437017264050614,0.0,0.0,0.0,0.0,81940,2949120,7383700,,True,0,none,none,32,0.04068756103515625,,4096.0,binary_hash+intl
sim_indoor_v1,test_id,binary_hash,512,512.0,0.0,0,0.2,1,0.8293289146644574,0.7619360589318955,0.0,0.0,0.0,0.0,81940,2949120,7383700,,False,0,none,none,32,0.0849456787109375,,4096.0,binary_hash
sim_indoor_v1,test_id,binary_hash,512,512.0,0.0,0,0.2,1,0.8533554266777134,0.8030773693579982,0.0,0.0,0.0,0.0,81940,2949120,7383700,,True,0,none,none,32,0.08457183837890625,,4096.0,binary_hash+intl
sim_indoor_v1,test_id,binary_hash,512,512.0,0.0,0,0.4,1,0.7232808616404308,0.6587711039318523,0.0,0.0,0.0,0.0,81940,2949120,7383700,,False,0,none,none,32,0.18441390991210938,,4096.0,binary_hash
sim_indoor_v1,test_id,binary_hash,512,512.0,0.0,0,0.4,1,0.7390223695111847,0.6750211083763309,0.0,0.0,0.0,0.0,81940,2949120,7383700,,True,0,none,none,32,0.18361663818359375,,4096.0,binary_hash+intl
sim_indoor_v1,test_id,pure_hdc,512,512.0,0.0,0,0.0,1,0.7307373653686827,0.662479807302779,0.0,0.0,0.0,0.0,81940,868352,7383700,,False,0,none,none,32,0.0,,4096.0,pure_hdc_D4096
sim_indoor_v1,test_id,pure_hdc,512,512.0,0.0,0,0.1,1,0.7357083678541839,0.6672819808444862,0.0,0.0,0.0,0.0,81940,868352,7383700,,False,0,none,none,32,0.04431915283203125,,4096.0,pure_hdc_D4096
sim_indoor_v1,test_id,pure_hdc,512,512.0,0.0,0,0.1,1,0.7307373653686827,0.6616976955585103,0.0,0.0,0.0,0.0,81940,868352,7383700,,True,0,none,none,32,0.04473114013671875,,4096.0,pure_hdc_D4096+intl
sim_indoor_v1,test_id,pure_hdc,512,512.0,0.0,0,0.2,1,0.7274233637116818,0.6578291688792718,0.0,0.0,0.0,0.0,81940,868352,7383700,,False,0,none,none,32,0.09272384643554688,,4096.0,pure_hdc_D4096
sim_indoor_v1,test_id,pure_hdc,512,512.0,0.0,0,0.2,1,0.7299088649544325,0.6591725160002668,0.0,0.0,0.0,0.0,81940,868352,7383700,,True,0,none,none,32,0.09280014038085938,,4096.0,pure_hdc_D4096+intl
sim_indoor_v1,test_id,pure_hdc,512,512.0,0.0,0,0.4,1,0.7207953603976802,0.6449144293754104,0.0,0.0,0.0,0.0,81940,868352,7383700,,False,0,none,none,32,0.20074462890625,,4096.0,pure_hdc_D4096
sim_indoor_v1,test_id,pure_hdc,512,512.0,0.0,0,0.4,1,0.7224523612261806,0.6432580159964678,0.0,0.0,0.0,0.0,81940,868352,7383700,,True,0,none,none,32,0.20113372802734375,,4096.0,pure_hdc_D4096+intl
sim_indoor_v1,test_id,quantized,512,188.0,0.0,0,0.0,2,0.7473073736536868,0.6436382849372578,0.0,0.0,0.0,0.0,3620,0,7383700,180.0,False,0,none,none,32,0.0,,,quantized
sim_indoor_v1,test_id,quantized,512,188.0,0.0,0,0.1,2,0.6611433305716653,0.5678095813925246,0.0,0.0,0.0,0.0,3620,0,7383700,180.0,False,0,none,none,32,0.05284865359042552,,,quantized
sim_indoor_v1,test_id,quantized,512,188.0,0.0,0,0.1,2,0.5252692626346314,0.47725926120346907,0.0,0.0,0.0,0.0,3620,0,7383700,180.0,True,0,none,none,32,0.052069481382978726,,,quantized+intl
sim_indoor_v1,test_id,quantized,512,188.0,0.0,0,0.2,2,0.584092792046396,0.5070936779141335,0.0,0.0,0.0,0.0,3620,0,7383700,180.0,False,0,none,none,32,0.0895528590425532,,,quantized
sim_indoor_v1,test_id,quantized,512,188.0,0.0,0,0.2,2,0.3736536868268434,0.36199899100061445,0.0,0.0,0.0,0.0,3620,0,7383700,180.0,True,0,none,none,32,0.0887425199468085,,,quantized+intl
sim_indoor_v1,test_id,quantized,512,188.0,0.0,0,0.4,2,0.415907207953604,0.3758884600526924,0.0,0.0,0.0,0.0,3620,0,7383700,180.0,False,0,none,none,32,0.17850315824468083,,,quantized
sim_indoor_v1,test_id,quantized,512,188.0,0.0,0,0.4,2,0.18972659486329743,0.18776483872498648,0.0,0.0,0.0,0.0,3620,0,7383700,180.0,True,0,none,none,32,0.18145362367021275,,,quantized+intl
sim_indoor_v1,test_id,pca,512,512.0,0.0,0,0.0,2,0.7547638773819387,0.6430222945087841,0.0,0.0,0.0,0.0,2540,94320,7383700,,False,0,none,none,32,0.0,126.0,,pca
sim_indoor_v1,test_id,pca,512,512.0,0.0,0,0.1,2,0.6727423363711682,0.5840107632317832,0.0,0.0,0.0,0.0,2540,94320,7383700,,False,0,none,none,32,0.056304931640625,126.0,,pca
sim_indoor_v1,test_id,pca,512,512.0,0.0,0,0.1,2,0.6056338028169014,0.5188637920628789,0.0,0.0,0.0,0.0,2540,94320,7383700,,True,0,none,none,32,0.0567779541015625,126.0,,pca+intl
sim_indoor_v1,test_id,pca,512,512.0,0.0,0,0.2,2,0.6304888152444076,0.5540472922238059,0.0,0.0,0.0,0.0,2540,94320,7383700,,False,0,none,none,32,0.10754013061523438,126.0,,pca
sim_indoor_v1,test_id,pca,512,512.0,0.0,0,0.2,2,0.49627174813587405,0.4393224291869055,0.0,0.0,0.0,0.0,2540,94320,7383700,,True,0,none,none,32,0.10834503173828125,126.0,,pca+intl
sim_indoor_v1,test_id,pca,512,512.0,0.0,0,0.4,2,0.5161557580778791,0.46499425065321864,0.0,0.0,0.0,0.0,2540,94320,7383700,,False,0,none,none,32,0.218597412109375,126.0,,pca
sim_indoor_v1,test_id,pca,512,512.0,0.0,0,0.4,2,0.29246064623032314,0.2747972910124271,0.0,0.0,0.0,0.0,2540,94320,7383700,,True,0,none,none,32,0.21863555908203125,126.0,,pca+intl
sim_indoor_v1,test_id,binary_hash,512,512.0,0.0,0,0.0,2,0.9221209610604806,0.8766804510670834,0.0,0.0,0.0,0.0,81940,2949120,7383700,,False,0,none,none,32,0.0,,4096.0,binary_hash
sim_indoor_v1,test_id,binary_hash,512,512.0,0.0,0,0.1,2,0.8939519469759735,0.8518043565610439,0.0,0.0,0.0,0.0,81940,2949120,7383700,,False,0,none,none,32,0.054225921630859375,,4096.0,binary_hash
sim_indoor_v1,test_id,binary_hash,512,512.0,0.0,0,0.1,2,0.875724937862469,0.8199448714961324,0.0,0.0,0.0,0.0,81940,2949120,7383700,,True,0,none,none,32,0.053981781005859375,,4096.0,binary_hash+intl
sim_indoor_v1,test_id,binary_hash,512,512.0,0.0,0,0.2,2,0.8417564208782105,0.7818013590988842,0.0,0.0,0.0,0.0,81940,2949120,7383700,,False,0,none,none,32,0.10352325439453125,,4096.0,binary_hash
sim_indoor_v1,test_id,binary_hash,512,512.0,0.0,0,0.2,2,0.831814415907208,0.7747484758218984,0.0,0.0,0.0,0.0,81940,2949120,7383700,,True,0,none,none,32,0.10307693481445312,,4096.0,binary_hash+intl
sim_indoor_v1,test_id,binary_hash,512,512.0,0.0,0,0.4,2,0.7357083678541839,0.6502808302666752,0.0,0.0,0.0,0.0,81940,2949120,7383700,,False,0,none,none,32,0.20970916748046875,,4096.0,binary_hash
sim_indoor_v1,test_id,binary_hash,512,512.0,0.0,0,0.4,2,0.7663628831814416,0.68669397372581,0.0,0.0,0.0,0.0,81940,2949120,7383700,,True,0,none,none,32,0.2087860107421875,,4096.0,binary_hash+intl
sim_indoor_v1,test_id,pure_hdc,512,512.0,0.0,0,0.0,2,0.7332228666114333,0.6651585878194195,0.0,0.0,0.0,0.0,81940,868352,7383700,,False,0,none,none,32,0.0,,4096.0,pure_hdc_D4096
sim_indoor_v1,test_id,pure_hdc,512,512.0,0.0,0,0.1,2,0.7307373653686827,0.661988581789069,0.0,0.0,0.0,0.0,81940,868352,7383700,,False,0,none,none,32,0.0564727783203125,,4096.0,pure_hdc_D4096
sim_indoor_v1,test_id,pure_hdc,512,512.0,0.0,0,0.1,2,0.7307373653686827,0.6590459544917461,0.0,0.0,0.0,0.0,81940,868352,7383700,,True,0,none,none,32,0.055789947509765625,,4096.0,pure_hdc_D4096+intl
sim_indoor_v1,test_id,pure_hdc,512,512.0,0.0,0,0.2,2,0.7357083678541839,0.6642329644246827,0.0,0.0,0.0,0.0,81940,868352,7383700,,False,0,none,none,32,0.10710525512695312,,4096.0,pure_hdc_D4096
sim_indoor_v1,test_id,pure_hdc,512,512.0,0.0,0,0.2,2,0.7323943661971831,0.6604051253340718,0.0,0.0,0.0,0.0,81940,868352,7383700,,True,0,none,none,32,0.106170654296875,,4096.0,pure_hdc_D4096+intl
sim_indoor_v1,test_id,pure_hdc,512,512.0,0.0,0,0.4,2,0.7406793703396851,0.6611044103656181,0.0,0.0,0.0,0.0,81940,868352,7383700,,False,0,none,none,32,0.21604156494140625,,4096.0,pure_hdc_D4096
sim_indoor_v1,test_id,pure_hdc,512,512.0,0.0,0,0.4,2,0.7406793703396851,0.6613606230659148,0.0,0.0,0.0,0.0,81940,868352,7383700,,True,0,none,none,32,0.2154998779296875,,4096.0,pure_hdc_D4096+intl
