dataset,split,method,budget_bytes,actual_bytes,ber,burst_length,packet_loss_rate,seed,accuracy,macro_f1,encode_ms_median,encode_ms_p95,classify_ms_median,classify_ms_p95,model_bytes,shared_memory_bytes,git_commit,n_keep,interleave,n_bursts,modulation,snr_db,fading,coherence_symbols,empirical_ber,theory_ber,channel_kind,n_comp,dimension,method_label
sim_indoor_v1,test_id,quantized,512,188.0,0.0,0,0.0,0,0.7381938690969345,0.6340064965096708,0.0,0.0,0.0,0.0,3620,0,7383700,180.0,False,0,bpsk,8.0,none,32,0.00014544547872340425,0.00019090777407599314,bpsk_awgn,,,quantized/bpsk_awgn
sim_indoor_v1,test_id,quantized,512,188.0,0.0,0,0.0,0,0.6901408450704225,0.5966093830775001,0.0,0.0,0.0,0.0,3620,0,7383700,180.0,False,0,bpsk,6.0,none,32,0.002472573138297872,0.002388290780932807,bpsk_awgn,,,quantized/bpsk_awgn
sim_indoor_v1,test_id,quantized,512,188.0,0.0,0,0.0,0,0.5526097763048882,0.4799458788124441,0.0,0.0,0.0,0.0,3620,0,7383700,180.0,False,0,bpsk,4.0,none,32,0.012591422872340427,0.01250081804073755,bpsk_awgn,,,quantized/bpsk_awgn
sim_indoor_v1,test_id,quantized,512,188.0,0.0,0,0.0,0,0.4217067108533554,0.3733184627418444,0.0,0.0,0.0,0.0,3620,0,7383700,180.0,False,0,bpsk,2.0,none,32,0.03797165890957446,0.03750612835892598,bpsk_awgn,,,quantized/bpsk_awgn
sim_indoor_v1,test_id,quantized,512,188.0,0.0,0,0.0,0,0.29328914664457334,0.26751656077030067,0.0,0.0,0.0,0.0,3620,0,7383700,180.0,False,0,bpsk,0.0,none,32,0.07925739694148937,0.07864960352514258,bpsk_awgn,,,quantized/bpsk_awgn
sim_indoor_v1,test_id,quantized,512,188.0,0.0,0,0.0,0,0.251864125932063,0.22548829926797373,0.0,0.0,0.0,0.0,3620,0,7383700,180.0,False,0,bpsk,-2.0,none,32,0.1324281083776596,0.13064448852282917,bpsk_awgn,,,quantized/bpsk_awgn
sim_indoor_v1,test_id,quantized,512,188.0,0.0,0,0.0,0,0.4631317315658658,0.40834063033618156,0.0,0.0,0.0,0.0,3620,0,7383700,180.0,False,0,bpsk,8.0,rayleigh_block,32,0.035551030585106384,0.03545906762783807,bpsk_rayleigh_block,,,quantized/bpsk_rayleigh_block
sim_indoor_v1,test_id,quantized,512,188.0,0.0,0,0.0,0,0.3860811930405965,0.3447318237645093,0.0,0.0,0.0,0.0,3620,0,7383700,180.0,False,0,bpsk,6.0,rayleigh_block,32,0.05296293218085106,0.052998883925638784,bpsk_rayleigh_block,,,quantized/bpsk_rayleigh_block
sim_indoor_v1,test_id,quantized,512,188.0,0.0,0,0.0,0,0.347970173985087,0.3156460416988993,0.0,0.0,0.0,0.0,3620,0,7383700,180.0,False,0,bpsk,4.0,rayleigh_block,32,0.07645237699468085,0.07713691605639106,bpsk_rayleigh_block,,,quantized/bpsk_rayleigh_block
sim_indoor_v1,test_id,quantized,512,188.0,0.0,0,0.0,0,0.2792046396023198,0.2522328927788094,0.0,0.0,0.0,0.0,3620,0,7383700,180.0,False,0,bpsk,2.0,rayleigh_block,32,0.10690242686170212,0.10848473204958436,bpsk_rayleigh_block,,,quantized/bpsk_rayleigh_block
sim_indoor_v1,test_id,quantized,512,188.0,0.0,0,0.0,0,0.2618061309030654,0.23653261980671414,0.0,0.0,0.0,0.0,3620,0,7383700,180.0,False,0,bpsk,0.0,rayleigh_block,32,0.14332613031914893,0.1464466094067262,bpsk_rayleigh_block,,,quantized/bpsk_rayleigh_block
sim_indoor_v1,test_id,quantized,512,188.0,0.0,0,0.0,0,0.22866611433305717,0.1991190704589673,0.0,0.0,0.0,0.0,3620,0,7383700,180.0,False,0,bpsk,-2.0,rayleigh_block,32,0.18512092752659576,0.18900836834134227,bpsk_rayleigh_block,,,quantized/bpsk_rayleigh_block
sim_indoor_v1,test_id,quantized,512,188.0,0.0,0,0.0,0,0.7381938690969345,0.635934338402693,0.0,0.0,0.0,0.0,3620,0,7383700,180.0,False,0,qpsk,8.0,none,32,0.00011427859042553192,0.00019090777407599314,qpsk_awgn,,,quantized/qpsk_awgn
sim_indoor_v1,test_id,quantized,512,188.0,0.0,0,0.0,0,0.6752278376139188,0.5791661528301634,0.0,0.0,0.0,0.0,3620,0,7383700,180.0,False,0,qpsk,6.0,none,32,0.0023375166223404253,0.002388290780932807,qpsk_awgn,,,quantized/qpsk_awgn
sim_indoor_v1,test_id,quantized,512,188.0,0.0,0,0.0,0,0.5534382767191384,0.47810865451733486,0.0,0.0,0.0,0.0,3620,0,7383700,180.0,False,0,qpsk,4.0,none,32,0.012123919547872342,0.01250081804073755,qpsk_awgn,,,quantized/qpsk_awgn
sim_indoor_v1,test_id,quantized,512,188.0,0.0,0,0.0,0,0.41922120961060483,0.36728681447216405,0.0,0.0,0.0,0.0,3620,0,7383700,180.0,False,0,qpsk,2.0,none,32,0.03772232380319149,0.03750612835892598,qpsk_awgn,,,quantized/qpsk_awgn
sim_indoor_v1,test_id,quantized,512,188.0,0.0,0,0.0,0,0.3272576636288318,0.2924576355025923,0.0,0.0,0.0,0.0,3620,0,7383700,180.0,False,0,qpsk,0.0,none,32,0.07896650598404256,0.07864960352514258,qpsk_awgn,,,quantized/qpsk_awgn
sim_indoor_v1,test_id,quantized,512,188.0,0.0,0,0.0,0,0.2775476387738194,0.2463361988529688,0.0,0.0,0.0,0.0,3620,0,7383700,180.0,False,0,qpsk,-2.0,none,32,0.13157621343085107,0.13064448852282917,qpsk_awgn,,,quantized/qpsk_awgn
sim_indoor_v1,test_id,quantized,512,188.0,0.00019090777407599314,0,0.0,0,0.7431648715824358,0.6407163580539594,0.0,0.0,0.0,0.0,3620,0,7383700,180.0,False,0,none,8.0,none,32,0.0001350565159574468,0.00019090777407599314,matched_ber,,,quantized/matched_ber
sim_indoor_v1,test_id,quantized,512,188.0,0.002388290780932807,0,0.0,0,0.6917978458989229,0.5930294347236511,0.0,0.0,0.0,0.0,3620,0,7383700,180.0,False,0,none,6.0,none,32,0.0021089594414893617,0.002388290780932807,matched_ber,,,quantized/matched_ber
sim_indoor_v1,test_id,quantized,512,188.0,0.01250081804073755,0,0.0,0,0.5434962717481359,0.46896377264562883,0.0,0.0,0.0,0.0,3620,0,7383700,180.0,False,0,none,4.0,none,32,0.01216547539893617,0.01250081804073755,matched_ber,,,quantized/matched_ber
sim_indoor_v1,test_id,quantized,512,188.0,0.03750612835892598,0,0.0,0,0.4283347141673571,0.37593767648862003,0.0,0.0,0.0,0.0,3620,0,7383700,180.0,False,0,none,2.0,none,32,0.03665226063829788,0.03750612835892598,matched_ber,,,quantized/matched_ber
sim_indoor_v1,test_id,quantized,512,188.0,0.07864960352514258,0,0.0,0,0.3106876553438277,0.2846226111606095,0.0,0.0,0.0,0.0,3620,0,7383700,180.0,False,0,none,0.0,none,32,0.07807305518617022,0.07864960352514258,matched_ber,,,quantized/matched_ber
sim_indoor_v1,test_id,quantized,512,188.0,0.13064448852282917,0,0.0,0,0.24606462303231152,0.2215321366080715,0.0,0.0,0.0,0.0,3620,0,7383700,180.0,False,0,none,-2.0,none,32,0.12994514627659576,0.13064448852282917,matched_ber,,,quantized/matched_ber
sim_indoor_v1,test_id,pca,512,512.0,0.0,0,0.0,0,0.7390223695111847,0.6337820530784224,0.0,0.0,0.0,0.0,2540,94320,7383700,,False,0,bpsk,8.0,none,32,0.0001983642578125,0.00019090777407599314,bpsk_awgn,126.0,,pca/bpsk_awgn
sim_indoor_v1,test_id,pca,512,512.0,0.0,0,0.0,0,0.5708367854183927,0.4861440671144429,0.0,0.0,0.0,0.0,2540,94320,7383700,,False,0,bpsk,6.0,none,32,0.002429962158203125,0.002388290780932807,bpsk_awgn,126.0,,pca/bpsk_awgn
sim_indoor_v1,test_id,pca,512,512.0,0.0,0,0.0,0,0.29411764705882354,0.2644000421686553,0.0,0.0,0.0,0.0,2540,94320,7383700,,False,0,bpsk,4.0,none,32,0.01236724853515625,0.01250081804073755,bpsk_awgn,126.0,,pca/bpsk_awgn
sim_indoor_v1,test_id,pca,512,512.0,0.0,0,0.0,0,0.1855840927920464,0.17512081518457762,0.0,0.0,0.0,0.0,2540,94320,7383700,,False,0,bpsk,2.0,none,32,0.03694915771484375,0.03750612835892598,bpsk_awgn,126.0,,pca/bpsk_awgn
sim_indoor_v1,test_id,pca,512,512.0,0.0,0,0.0,0,0.16652858326429162,0.15964723255266405,0.0,0.0,0.0,0.0,2540,94320,7383700,,False,0,bpsk,0.0,none,32,0.07741546630859375,0.07864960352514258,bpsk_awgn,126.0,,pca/bpsk_awgn
sim_indoor_v1,test_id,pca,512,512.0,0.0,0,0.0,0,0.15741507870753935,0.1512096630825978,0.0,0.0,0.0,0.0,2540,94320,7383700,,False,0,bpsk,-2.0,none,32,0.12916183471679688,0.13064448852282917,bpsk_awgn,126.0,,pca/bpsk_awgn
sim_indoor_v1,test_id,pca,512,512.0,0.0,0,0.0,0,0.19138359569179786,0.17571206656960844,0.0,0.0,0.0,0.0,2540,94320,7383700,,False,0,bpsk,8.0,rayleigh_block,32,0.03678131103515625,0.03545906762783807,bpsk_rayleigh_block,126.0,,pca/bpsk_rayleigh_block
sim_indoor_v1,test_id,pca,512,512.0,0.0,0,0.0,0,0.18227009113504558,0.17165851501996104,0.0,0.0,0.0,0.0,2540,94320,7383700,,False,0,bpsk,6.0,rayleigh_block,32,0.054691314697265625,0.052998883925638784,bpsk_rayleigh_block,126.0,,pca/bpsk_rayleigh_block
sim_indoor_v1,test_id,pca,512,512.0,0.0,0,0.0,0,0.17895608947804473,0.1692003839812892,0.0,0.0,0.0,0.0,2540,94320,7383700,,False,0,bpsk,4.0,rayleigh_block,32,0.0789642333984375,0.07713691605639106,bpsk_rayleigh_block,126.0,,pca/bpsk_rayleigh_block
sim_indoor_v1,test_id,pca,512,512.0,0.0,0,0.0,0,0.17812758906379453,0.17015149969592486,0.0,0.0,0.0,0.0,2540,94320,7383700,,False,0,bpsk,2.0,rayleigh_block,32,0.11053848266601562,0.10848473204958436,bpsk_rayleigh_block,126.0,,pca/bpsk_rayleigh_block
sim_indoor_v1,test_id,pca,512,512.0,0.0,0,0.0,0,0.17067108533554268,0.16152516799233974,0.0,0.0,0.0,0.0,2540,94320,7383700,,False,0,bpsk,0.0,rayleigh_block,32,0.14886093139648438,0.1464466094067262,bpsk_rayleigh_block,126.0,,pca/bpsk_rayleigh_block
sim_indoor_v1,test_id,pca,512,512.0,0.0,0,0.0,0,0.16818558409279205,0.15881426256504433,0.0,0.0,0.0,0.0,2540,94320,7383700,,False,0,bpsk,-2.0,rayleigh_block,32,0.1915740966796875,0.18900836834134227,bpsk_rayleigh_block,126.0,,pca/bpsk_rayleigh_block
sim_indoor_v1,test_id,pca,512,512.0,0.0,0,0.0,0,0.7373653686826843,0.6267529137280458,0.0,0.0,0.0,0.0,2540,94320,7383700,,False,0,qpsk,8.0,none,32,0.00014495849609375,0.00019090777407599314,qpsk_awgn,126.0,,pca/qpsk_awgn
sim_indoor_v1,test_id,pca,512,512.0,0.0,0,0.0,0,0.5973487986743994,0.5129132872240337,0.0,0.0,0.0,0.0,2540,94320,7383700,,False,0,qpsk,6.0,none,32,0.002361297607421875,0.002388290780932807,qpsk_awgn,126.0,,pca/qpsk_awgn
sim_indoor_v1,test_id,pca,512,512.0,0.0,0,0.0,0,0.28417564208782103,0.2565426214433159,0.0,0.0,0.0,0.0,2540,94320,7383700,,False,0,qpsk,4.0,none,32,0.012371063232421875,0.01250081804073755,qpsk_awgn,126.0,,pca/qpsk_awgn
sim_indoor_v1,test_id,pca,512,512.0,0.0,0,0.0,0,0.18309859154929578,0.17418879577187235,0.0,0.0,0.0,0.0,2540,94320,7383700,,False,0,qpsk,2.0,none,32,0.037563323974609375,0.03750612835892598,qpsk_awgn,126.0,,pca/qpsk_awgn
sim_indoor_v1,test_id,pca,512,512.0,0.0,0,0.0,0,0.17978458989229495,0.17337998078134792,0.0,0.0,0.0,0.0,2540,94320,7383700,,False,0,qpsk,0.0,none,32,0.07843780517578125,0.07864960352514258,qpsk_awgn,126.0,,pca/qpsk_awgn
sim_indoor_v1,test_id,pca,512,512.0,0.0,0,0.0,0,0.17315658657829328,0.16313448278937576,0.0,0.0,0.0,0.0,2540,94320,7383700,,False,0,qpsk,-2.0,none,32,0.13050460815429688,0.13064448852282917,qpsk_awgn,126.0,,pca/qpsk_awgn
sim_indoor_v1,test_id,pca,512,512.0,0.00019090777407599314,0,0.0,0,0.7390223695111847,0.6276621753631265,0.0,0.0,0.0,0.0,2540,94320,7383700,,False,0,none,8.0,none,32,0.00017547607421875,0.00019090777407599314,matched_ber,126.0,,pca/matched_ber
sim_indoor_v1,test_id,pca,512,512.0,0.002388290780932807,0,0.0,0,0.5865782932891467,0.49838717174988467,0.0,0.0,0.0,0.0,2540,94320,7383700,,False,0,none,6.0,none,32,0.0023193359375,0.002388290780932807,matched_ber,126.0,,pca/matched_ber
sim_indoor_v1,test_id,pca,512,512.0,0.01250081804073755,0,0.0,0,0.3007456503728252,0.2733076194758498,0.0,0.0,0.0,0.0,2540,94320,7383700,,False,0,none,4.0,none,32,0.01256561279296875,0.01250081804073755,matched_ber,126.0,,pca/matched_ber
sim_indoor_v1,test_id,pca,512,512.0,0.03750612835892598,0,0.0,0,0.2187241093620547,0.20893286355941804,0.0,0.0,0.0,0.0,2540,94320,7383700,,False,0,none,2.0,none,32,0.03739166259765625,0.03750612835892598,matched_ber,126.0,,pca/matched_ber
sim_indoor_v1,test_id,pca,512,512.0,0.07864960352514258,0,0.0,0,0.1855840927920464,0.17732535192477744,0.0,0.0,0.0,0.0,2540,94320,7383700,,False,0,none,0.0,none,32,0.07827377319335938,0.07864960352514258,matched_ber,126.0,,pca/matched_ber
sim_indoor_v1,test_id,pca,512,512.0,0.13064448852282917,0,0.0,0,0.1615575807787904,0.14797226757187326,0.0,0.0,0.0,0.0,2540,94320,7383700,,False,0,none,-2.0,none,32,0.1301422119140625,0.13064448852282917,matched_ber,126.0,,pca/matched_ber
sim_indoor_v1,test_id,binary_hash,512,512.0,0.0,0,0.0,0,0.9154929577464789,0.8669178078068697,0.0,0.0,0.0,0.0,81940,2949120,7383700,,False,0,bpsk,8.0,none,32,0.000186920166015625,0.00019090777407599314,bpsk_awgn,,4096.0,binary_hash/bpsk_awgn
sim_indoor_v1,test_id,binary_hash,512,512.0,0.0,0,0.0,0,0.9088649544324772,0.8595473942324856,0.0,0.0,0.0,0.0,81940,2949120,7383700,,False,0,bpsk,6.0,none,32,0.002384185791015625,0.002388290780932807,bpsk_awgn,,4096.0,binary_hash/bpsk_awgn
sim_indoor_v1,test_id,binary_hash,512,512.0,0.0,0,0.0,0,0.9014084507042254,0.8537702527023491,0.0,0.0,0.0,0.0,81940,2949120,7383700,,False,0,bpsk,4.0,none,32,0.01244354248046875,0.01250081804073755,bpsk_awgn,,4096.0,binary_hash/bpsk_awgn
sim_indoor_v1,test_id,binary_hash,512,512.0,0.0,0,0.0,0,0.8964374482187241,0.8451502176872738,0.0,0.0,0.0,0.0,81940,2949120,7383700,,False,0,bpsk,2.0,none,32,0.037322998046875,0.03750612835892598,bpsk_awgn,,4096.0,binary_hash/bpsk_awgn
sim_indoor_v1,test_id,binary_hash,512,512.0,0.0,0,0.0,0,0.8649544324772163,0.8054199232811982,0.0,0.0,0.0,0.0,81940,2949120,7383700,,False,0,bpsk,0.0,none,32,0.0781402587890625,0.07864960352514258,bpsk_awgn,,4096.0,binary_hash/bpsk_awgn
sim_indoor_v1,test_id,binary_hash,512,512.0,0.0,0,0.0,0,0.831814415907208,0.7715387470919983,0.0,0.0,0.0,0.0,81940,2949120,7383700,,False,0,bpsk,-2.0,none,32,0.1308135986328125,0.13064448852282917,bpsk_awgn,,4096.0,binary_hash/bpsk_awgn
sim_indoor_v1,test_id,binary_hash,512,512.0,0.0,0,0.0,0,0.9014084507042254,0.8512233976198385,0.0,0.0,0.0,0.0,81940,2949120,7383700,,False,0,bpsk,8.0,rayleigh_block,32,0.036106109619140625,0.03545906762783807,bpsk_rayleigh_block,,4096.0,binary_hash/bpsk_rayleigh_block
sim_indoor_v1,test_id,binary_hash,512,512.0,0.0,0,0.0,0,0.8806959403479702,0.8241605597310409,0.0,0.0,0.0,0.0,81940,2949120,7383700,,False,0,bpsk,6.0,rayleigh_block,32,0.054409027099609375,0.052998883925638784,bpsk_rayleigh_block,,4096.0,binary_hash/bpsk_rayleigh_block
sim_indoor_v1,test_id,binary_hash,512,512.0,0.0,0,0.0,0,0.8550124275062138,0.7945450948111622,0.0,0.0,0.0,0.0,81940,2949120,7383700,,False,0,bpsk,4.0,rayleigh_block,32,0.07862091064453125,0.07713691605639106,bpsk_rayleigh_block,,4096.0,binary_hash/bpsk_rayleigh_block
sim_indoor_v1,test_id,binary_hash,512,512.0,0.0,0,0.0,0,0.844241922120961,0.7856500582156094,0.0,0.0,0.0,0.0,81940,2949120,7383700,,False,0,bpsk,2.0,rayleigh_block,32,0.11060333251953125,0.10848473204958436,bpsk_rayleigh_block,,4096.0,binary_hash/bpsk_rayleigh_block
sim_indoor_v1,test_id,binary_hash,512,512.0,0.0,0,0.0,0,0.8003314001657,0.7411290807093334,0.0,0.0,0.0,0.0,81940,2949120,7383700,,False,0,bpsk,0.0,rayleigh_block,32,0.14913177490234375,0.1464466094067262,bpsk_rayleigh_block,,4096.0,binary_hash/bpsk_rayleigh_block
sim_indoor_v1,test_id,binary_hash,512,512.0,0.0,0,0.0,0,0.7572493786246893,0.6826908809415441,0.0,0.0,0.0,0.0,81940,2949120,7383700,,False,0,bpsk,-2.0,rayleigh_block,32,0.19153976440429688,0.18900836834134227,bpsk_rayleigh_block,,4096.0,binary_hash/bpsk_rayleigh_block
sim_indoor_v1,test_id,binary_hash,512,512.0,0.0,0,0.0,0,0.9163214581607291,0.8668144895077555,0.0,0.0,0.0,0.0,81940,2949120,7383700,,False,0,qpsk,8.0,none,32,0.0001373291015625,0.00019090777407599314,qpsk_awgn,,4096.0,binary_hash/qpsk_awgn
sim_indoor_v1,test_id,binary_hash,512,512.0,0.0,0,0.0,0,0.9154929577464789,0.867496040470213,0.0,0.0,0.0,0.0,81940,2949120,7383700,,False,0,qpsk,6.0,none,32,0.00229644775390625,0.002388290780932807,qpsk_awgn,,4096.0,binary_hash/qpsk_awgn
sim_indoor_v1,test_id,binary_hash,512,512.0,0.0,0,0.0,0,0.9138359569179785,0.8625173028102859,0.0,0.0,0.0,0.0,81940,2949120,7383700,,False,0,qpsk,4.0,none,32,0.012165069580078125,0.01250081804073755,qpsk_awgn,,4096.0,binary_hash/qpsk_awgn
sim_indoor_v1,test_id,binary_hash,512,512.0,0.0,0,0.0,0,0.8864954432477217,0.8308050107847513,0.0,0.0,0.0,0.0,81940,2949120,7383700,,False,0,qpsk,2.0,none,32,0.036956787109375,0.03750612835892598,qpsk_awgn,,4096.0,binary_hash/qpsk_awgn
sim_indoor_v1,test_id,binary_hash,512,512.0,0.0,0,0.0,0,0.8566694283347142,0.784478765160651,0.0,0.0,0.0,0.0,81940,2949120,7383700,,False,0,qpsk,0.0,none,32,0.07769393920898438,0.07864960352514258,qpsk_awgn,,4096.0,binary_hash/qpsk_awgn
sim_indoor_v1,test_id,binary_hash,512,512.0,0.0,0,0.0,0,0.8135874067937034,0.7334589495265315,0.0,0.0,0.0,0.0,81940,2949120,7383700,,False,0,qpsk,-2.0,none,32,0.13026809692382812,0.13064448852282917,qpsk_awgn,,4096.0,binary_hash/qpsk_awgn
sim_indoor_v1,test_id,binary_hash,512,512.0,0.00019090777407599314,0,0.0,0,0.9138359569179785,0.8649815708343749,0.0,0.0,0.0,0.0,81940,2949120,7383700,,False,0,none,8.0,none,32,0.00017547607421875,0.00019090777407599314,matched_ber,,4096.0,binary_hash/matched_ber
sim_indoor_v1,test_id,binary_hash,512,512.0,0.002388290780932807,0,0.0,0,0.9179784589892295,0.871283617443303,0.0,0.0,0.0,0.0,81940,2949120,7383700,,False,0,none,6.0,none,32,0.0023193359375,0.002388290780932807,matched_ber,,4096.0,binary_hash/matched_ber
sim_indoor_v1,test_id,binary_hash,512,512.0,0.01250081804073755,0,0.0,0,0.9072079536039768,0.8682222682906847,0.0,0.0,0.0,0.0,81940,2949120,7383700,,False,0,none,4.0,none,32,0.01256561279296875,0.01250081804073755,matched_ber,,4096.0,binary_hash/matched_ber
sim_indoor_v1,test_id,binary_hash,512,512.0,0.03750612835892598,0,0.0,0,0.8947804473902237,0.8360862813248346,0.0,0.0,0.0,0.0,81940,2949120,7383700,,False,0,none,2.0,none,32,0.03739166259765625,0.03750612835892598,matched_ber,,4096.0,binary_hash/matched_ber
sim_indoor_v1,test_id,binary_hash,512,512.0,0.07864960352514258,0,0.0,0,0.8649544324772163,0.8029747712620106,0.0,0.0,0.0,0.0,81940,2949120,7383700,,False,0,none,0.0,none,32,0.07827377319335938,0.07864960352514258,matched_ber,,4096.0,binary_hash/matched_ber
sim_indoor_v1,test_id,binary_hash,512,512.0,0.13064448852282917,0,0.0,0,0.8003314001657,0.7274897434077469,0.0,0.0,0.0,0.0,81940,2949120,7383700,,False,0,none,-2.0,none,32,0.1301422119140625,0.13064448852282917,matched_ber,,4096.0,binary_hash/matched_ber
sim_indoor_v1,test_id,pure_hdc,512,512.0,0.0,0,0.0,0,0.7290803645401823,0.6632608836837786,0.0,0.0,0.0,0.0,81940,868352,7383700,,False,0,bpsk,8.0,none,32,0.0001983642578125,0.00019090777407599314,bpsk_awgn,,4096.0,pure_hdc_D4096/bpsk_awgn
sim_indoor_v1,test_id,pure_hdc,512,512.0,0.0,0,0.0,0,0.7299088649544325,0.6632426265992237,0.0,0.0,0.0,0.0,81940,868352,7383700,,False,0,bpsk,6.0,none,32,0.002468109130859375,0.002388290780932807,bpsk_awgn,,4096.0,pure_hdc_D4096/bpsk_awgn
sim_indoor_v1,test_id,pure_hdc,512,512.0,0.0,0,0.0,0,0.7216238608119304,0.6538964083883185,0.0,0.0,0.0,0.0,81940,868352,7383700,,False,0,bpsk,4.0,none,32,0.01255035400390625,0.01250081804073755,bpsk_awgn,,4096.0,pure_hdc_D4096/bpsk_awgn
sim_indoor_v1,test_id,pure_hdc,512,512.0,0.0,0,0.0,0,0.7249378624689312,0.6571774062784963,0.0,0.0,0.0,0.0,81940,868352,7383700,,False,0,bpsk,2.0,none,32,0.037410736083984375,0.03750612835892598,bpsk_awgn,,4096.0,pure_hdc_D4096/bpsk_awgn
sim_indoor_v1,test_id,pure_hdc,512,512.0,0.0,0,0.0,0,0.7257663628831814,0.6575645701841359,0.0,0.0,0.0,0.0,81940,868352,7383700,,False,0,bpsk,0.0,none,32,0.07839202880859375,0.07864960352514258,bpsk_awgn,,4096.0,pure_hdc_D4096/bpsk_awgn
sim_indoor_v1,test_id,pure_hdc,512,512.0,0.0,0,0.0,0,0.7274233637116818,0.6591103235583711,0.0,0.0,0.0,0.0,81940,868352,7383700,,False,0,bpsk,-2.0,none,32,0.13013076782226562,0.13064448852282917,bpsk_awgn,,4096.0,pure_hdc_D4096/bpsk_awgn
sim_indoor_v1,test_id,pure_hdc,512,512.0,0.0,0,0.0,0,0.728251864125932,0.6609774627962124,0.0,0.0,0.0,0.0,81940,868352,7383700,,False,0,bpsk,8.0,rayleigh_block,32,0.036472320556640625,0.03545906762783807,bpsk_rayleigh_block,,4096.0,pure_hdc_D4096/bpsk_rayleigh_block
sim_indoor_v1,test_id,pure_hdc,512,512.0,0.0,0,0.0,0,0.7307373653686827,0.6621315296574275,0.0,0.0,0.0,0.0,81940,868352,7383700,,False,0,bpsk,6.0,rayleigh_block,32,0.05435943603515625,0.052998883925638784,bpsk_rayleigh_block,,4096.0,pure_hdc_D4096/bpsk_rayleigh_block
sim_indoor_v1,test_id,pure_hdc,512,512.0,0.0,0,0.0,0,0.7257663628831814,0.6561303941699934,0.0,0.0,0.0,0.0,81940,868352,7383700,,False,0,bpsk,4.0,rayleigh_block,32,0.07915115356445312,0.07713691605639106,bpsk_rayleigh_block,,4096.0,pure_hdc_D4096/bpsk_rayleigh_block
sim_indoor_v1,test_id,pure_hdc,512,512.0,0.0,0,0.0,0,0.7257663628831814,0.6567378219812455,0.0,0.0,0.0,0.0,81940,868352,7383700,,False,0,bpsk,2.0,rayleigh_block,32,0.11104583740234375,0.10848473204958436,bpsk_rayleigh_block,,4096.0,pure_hdc_D4096/bpsk_rayleigh_block
sim_indoor_v1,test_id,pure_hdc,512,512.0,0.0,0,0.0,0,0.7274233637116818,0.6595199999835412,0.0,0.0,0.0,0.0,81940,868352,7383700,,False,0,bpsk,0.0,rayleigh_block,32,0.14948272705078125,0.1464466094067262,bpsk_rayleigh_block,,4096.0,pure_hdc_D4096/bpsk_rayleigh_block
sim_indoor_v1,test_id,pure_hdc,512,512.0,0.0,0,0.0,0,0.7216238608119304,0.6552242396858358,0.0,0.0,0.0,0.0,81940,868352,7383700,,False,0,bpsk,-2.0,rayleigh_block,32,0.19206619262695312,0.18900836834134227,bpsk_rayleigh_block,,4096.0,pure_hdc_D4096/bpsk_rayleigh_block
sim_indoor_v1,test_id,pure_hdc,512,512.0,0.0,0,0.0,0,0.7307373653686827,0.6645544618634077,0.0,0.0,0.0,0.0,81940,868352,7383700,,False,0,qpsk,8.0,none,32,0.000202178955078125,0.00019090777407599314,qpsk_awgn,,4096.0,pure_hdc_D4096/qpsk_awgn
sim_indoor_v1,test_id,pure_hdc,512,512.0,0.0,0,0.0,0,0.7274233637116818,0.6605493728783877,0.0,0.0,0.0,0.0,81940,868352,7383700,,False,0,qpsk,6.0,none,32,0.0023956298828125,0.002388290780932807,qpsk_awgn,,4096.0,pure_hdc_D4096/qpsk_awgn
sim_indoor_v1,test_id,pure_hdc,512,512.0,0.0,0,0.0,0,0.7249378624689312,0.6564552594960505,0.0,0.0,0.0,0.0,81940,868352,7383700,,False,0,qpsk,4.0,none,32,0.012378692626953125,0.01250081804073755,qpsk_awgn,,4096.0,pure_hdc_D4096/qpsk_awgn
sim_indoor_v1,test_id,pure_hdc,512,512.0,0.0,0,0.0,0,0.7249378624689312,0.6569908804520923,0.0,0.0,0.0,0.0,81940,868352,7383700,,False,0,qpsk,2.0,none,32,0.037479400634765625,0.03750612835892598,qpsk_awgn,,4096.0,pure_hdc_D4096/qpsk_awgn
sim_indoor_v1,test_id,pure_hdc,512,512.0,0.0,0,0.0,0,0.7224523612261806,0.6534694166122502,0.0,0.0,0.0,0.0,81940,868352,7383700,,False,0,qpsk,0.0,none,32,0.07867050170898438,0.07864960352514258,qpsk_awgn,,4096.0,pure_hdc_D4096/qpsk_awgn
sim_indoor_v1,test_id,pure_hdc,512,512.0,0.0,0,0.0,0,0.7257663628831814,0.6574524108635947,0.0,0.0,0.0,0.0,81940,868352,7383700,,False,0,qpsk,-2.0,none,32,0.13079452514648438,0.13064448852282917,qpsk_awgn,,4096.0,pure_hdc_D4096/qpsk_awgn
sim_indoor_v1,test_id,pure_hdc,512,512.0,0.00019090777407599314,0,0.0,0,0.7290803645401823,0.6632608836837786,0.0,0.0,0.0,0.0,81940,868352,7383700,,False,0,none,8.0,none,32,0.00017547607421875,0.00019090777407599314,matched_ber,,4096.0,pure_hdc_D4096/matched_ber
sim_indoor_v1,test_id,pure_hdc,512,512.0,0.002388290780932807,0,0.0,0,0.7257663628831814,0.6592653214821989,0.0,0.0,0.0,0.0,81940,868352,7383700,,False,0,none,6.0,none,32,0.0023193359375,0.002388290780932807,matched_ber,,4096.0,pure_hdc_D4096/matched_ber
sim_indoor_v1,test_id,pure_hdc,512,512.0,0.01250081804073755,0,0.0,0,0.7265948632974316,0.6599649927290191,0.0,0.0,0.0,0.0,81940,868352,7383700,,False,0,none,4.0,none,32,0.01256561279296875,0.01250081804073755,matched_ber,,4096.0,pure_hdc_D4096/matched_ber
sim_indoor_v1,test_id,pure_hdc,512,512.0,0.03750612835892598,0,0.0,0,0.7249378624689312,0.6562621082857621,0.0,0.0,0.0,0.0,81940,868352,7383700,,False,0,none,2.0,none,32,0.03739166259765625,0.03750612835892598,matched_ber,,4096.0,pure_hdc_D4096/matched_ber
sim_indoor_v1,test_id,pure_hdc,512,512.0,0.07864960352514258,0,0.0,0,0.7274233637116818,0.6590724629426398,0.0,0.0,0.0,0.0,81940,868352,7383700,,False,0,none,0.0,none,32,0.07827377319335938,0.07864960352514258,matched_ber,,4096.0,pure_hdc_D4096/matched_ber
sim_indoor_v1,test_id,pure_hdc,512,512.0,0.13064448852282917,0,0.0,0,0.7307373653686827,0.659254539565963,0.0,0.0,0.0,0.0,81940,868352,7383700,,False,0,none,-2.0,none,32,0.1301422119140625,0.13064448852282917,matched_ber,,4096.0,pure_hdc_D4096/matched_ber
sim_indoor_v1,test_id,quantized,512,188.0,0.0,0,0.0,1,0.7365368682684341,0.6343274811593916,0.0,0.0,0.0,0.0,3620,0,7383700,180.0,False,0,bpsk,8.0,none,32,0.00019739029255319148,0.00019090777407599314,bpsk_awgn,,,quantized/bpsk_awgn
sim_indoor_v1,test_id,quantized,512,188.0,0.0,0,0.0,1,0.6901408450704225,0.5950324924960324,0.0,0.0,0.0,0.0,3620,0,7383700,180.0,False,0,bpsk,6.0,none,32,0.0022959607712765956,0.002388290780932807,bpsk_awgn,,,quantized/bpsk_awgn
sim_indoor_v1,test_id,quantized,512,188.0,0.0,0,0.0,1,0.5617232808616405,0.48146313153303044,0.0,0.0,0.0,0.0,3620,0,7383700,180.0,False,0,bpsk,4.0,none,32,0.012570644946808512,0.01250081804073755,bpsk_awgn,,,quantized/bpsk_awgn
sim_indoor_v1,test_id,quantized,512,188.0,0.0,0,0.0,1,0.4142502071251036,0.3627343280915235,0.0,0.0,0.0,0.0,3620,0,7383700,180.0,False,0,bpsk,2.0,none,32,0.03728598736702128,0.03750612835892598,bpsk_awgn,,,quantized/bpsk_awgn
sim_indoor_v1,test_id,quantized,512,188.0,0.0,0,0.0,1,0.328086164043082,0.2934029727745277,0.0,0.0,0.0,0.0,3620,0,7383700,180.0,False,0,bpsk,0.0,none,32,0.07822888962765959,0.07864960352514258,bpsk_awgn,,,quantized/bpsk_awgn
sim_indoor_v1,test_id,quantized,512,188.0,0.0,0,0.0,1,0.2502071251035626,0.22584180067862863,0.0,0.0,0.0,0.0,3620,0,7383700,180.0,False,0,bpsk,-2.0,none,32,0.12996592420212766,0.13064448852282917,bpsk_awgn,,,quantized/bpsk_awgn
sim_indoor_v1,test_id,quantized,512,188.0,0.0,0,0.0,1,0.45733222866611434,0.4031504127769375,0.0,0.0,0.0,0.0,3620,0,7383700,180.0,False,0,bpsk,8.0,rayleigh_block,32,0.035364029255319146,0.03545906762783807,bpsk_rayleigh_block,,,quantized/bpsk_rayleigh_block
sim_indoor_v1,test_id,quantized,512,188.0,0.0,0,0.0,1,0.38939519469759737,0.34946624766151396,0.0,0.0,0.0,0.0,3620,0,7383700,180.0,False,0,bpsk,6.0,rayleigh_block,32,0.05269281914893617,0.052998883925638784,bpsk_rayleigh_block,,,quantized/bpsk_rayleigh_block
sim_indoor_v1,test_id,quantized,512,188.0,0.0,0,0.0,1,0.3512841756420878,0.32561829971771933,0.0,0.0,0.0,0.0,3620,0,7383700,180.0,False,0,bpsk,4.0,rayleigh_block,32,0.07683676861702127,0.07713691605639106,bpsk_rayleigh_block,,,quantized/bpsk_rayleigh_block
sim_indoor_v1,test_id,quantized,512,188.0,0.0,0,0.0,1,0.2990886495443248,0.27410648316961084,0.0,0.0,0.0,0.0,3620,0,7383700,180.0,False,0,bpsk,2.0,rayleigh_block,32,0.10888671875,0.10848473204958436,bpsk_rayleigh_block,,,quantized/bpsk_rayleigh_block
sim_indoor_v1,test_id,quantized,512,188.0,0.0,0,0.0,1,0.2510356255178128,0.2291493307112697,0.0,0.0,0.0,0.0,3620,0,7383700,180.0,False,0,bpsk,0.0,rayleigh_block,32,0.14763754986702127,0.1464466094067262,bpsk_rayleigh_block,,,quantized/bpsk_rayleigh_block
sim_indoor_v1,test_id,quantized,512,188.0,0.0,0,0.0,1,0.24026512013256007,0.21947650924236983,0.0,0.0,0.0,0.0,3620,0,7383700,180.0,False,0,bpsk,-2.0,rayleigh_block,32,0.19004529587765956,0.18900836834134227,bpsk_rayleigh_block,,,quantized/bpsk_rayleigh_block
sim_indoor_v1,test_id,quantized,512,188.0,0.0,0,0.0,1,0.7406793703396851,0.6398270785872802,0.0,0.0,0.0,0.0,3620,0,7383700,180.0,False,0,qpsk,8.0,none,32,0.0002493351063829787,0.00019090777407599314,qpsk_awgn,,,quantized/qpsk_awgn
sim_indoor_v1,test_id,quantized,512,188.0,0.0,0,0.0,1,0.6826843413421707,0.5886615283292201,0.0,0.0,0.0,0.0,3620,0,7383700,180.0,False,0,qpsk,6.0,none,32,0.00239985039893617,0.002388290780932807,qpsk_awgn,,,quantized/qpsk_awgn
sim_indoor_v1,test_id,quantized,512,188.0,0.0,0,0.0,1,0.5666942833471417,0.477629157222876,0.0,0.0,0.0,0.0,3620,0,7383700,180.0,False,0,qpsk,4.0,none,32,0.01252908909574468,0.01250081804073755,qpsk_awgn,,,quantized/qpsk_awgn
sim_indoor_v1,test_id,quantized,512,188.0,0.0,0,0.0,1,0.4183927091963546,0.3628519210802278,0.0,0.0,0.0,0.0,3620,0,7383700,180.0,False,0,qpsk,2.0,none,32,0.037348321143617025,0.03750612835892598,qpsk_awgn,,,quantized/qpsk_awgn
sim_indoor_v1,test_id,quantized,512,188.0,0.0,0,0.0,1,0.328086164043082,0.2933013590297918,0.0,0.0,0.0,0.0,3620,0,7383700,180.0,False,0,qpsk,0.0,none,32,0.07875872672872342,0.07864960352514258,qpsk_awgn,,,quantized/qpsk_awgn
sim_indoor_v1,test_id,quantized,512,188.0,0.0,0,0.0,1,0.2626346313173157,0.2399438889529611,0.0,0.0,0.0,0.0,3620,0,7383700,180.0,False,0,qpsk,-2.0,none,32,0.13226188497340424,0.13064448852282917,qpsk_awgn,,,quantized/qpsk_awgn
sim_indoor_v1,test_id,quantized,512,188.0,0.00019090777407599314,0,0.0,1,0.7448218724109362,0.6445631095316016,0.0,0.0,0.0,0.0,3620,0,7383700,180.0,False,0,none,8.0,none,32,0.00013505651595744681,0.00019090777407599314,matched_ber,,,quantized/matched_ber
sim_indoor_v1,test_id,quantized,512,188.0,0.002388290780932807,0,0.0,1,0.6884838442419221,0.5904785279407401,0.0,0.0,0.0,0.0,3620,0,7383700,180.0,False,0,none,6.0,none,32,0.0023686835106382976,0.002388290780932807,matched_ber,,,quantized/matched_ber
sim_indoor_v1,test_id,quantized,512,188.0,0.01250081804073755,0,0.0,1,0.5335542667771334,0.4586101095693138,0.0,0.0,0.0,0.0,3620,0,7383700,180.0,False,0,none,4.0,none,32,0.012321309840425532,0.01250081804073755,matched_ber,,,quantized/matched_ber
sim_indoor_v1,test_id,quantized,512,188.0,0.03750612835892598,0,0.0,1,0.4167357083678542,0.36727478752916787,0.0,0.0,0.0,0.0,3620,0,7383700,180.0,False,0,none,2.0,none,32,0.03789893617021276,0.03750612835892598,matched_ber,,,quantized/matched_ber
sim_indoor_v1,test_id,quantized,512,188.0,0.07864960352514258,0,0.0,1,0.34134217067108535,0.3076211441709605,0.0,0.0,0.0,0.0,3620,0,7383700,180.0,False,0,none,0.0,none,32,0.07960023271276595,0.07864960352514258,matched_ber,,,quantized/matched_ber
sim_indoor_v1,test_id,quantized,512,188.0,0.13064448852282917,0,0.0,1,0.2659486329743165,0.2379281010264918,0.0,0.0,0.0,0.0,3620,0,7383700,180.0,False,0,none,-2.0,none,32,0.1314203789893617,0.13064448852282917,matched_ber,,,quantized/matched_ber
sim_indoor_v1,test_id,pca,512,512.0,0.0,0,0.0,1,0.7381938690969345,0.6308219206070369,0.0,0.0,0.0,0.0,2540,94320,7383700,,False,0,bpsk,8.0,none,32,0.0001678466796875,0.00019090777407599314,bpsk_awgn,126.0,,pca/bpsk_awgn
sim_indoor_v1,test_id,pca,512,512.0,0.0,0,0.0,1,0.5874067937033969,0.49683319213631866,0.0,0.0,0.0,0.0,2540,94320,7383700,,False,0,bpsk,6.0,none,32,0.002216339111328125,0.002388290780932807,bpsk_awgn,126.0,,pca/bpsk_awgn
sim_indoor_v1,test_id,pca,512,512.0,0.0,0,0.0,1,0.27174813587406793,0.2432201108986099,0.0,0.0,0.0,0.0,2540,94320,7383700,,False,0,bpsk,4.0,none,32,0.012279510498046875,0.01250081804073755,bpsk_awgn,126.0,,pca/bpsk_awgn
sim_indoor_v1,test_id,pca,512,512.0,0.0,0,0.0,1,0.19469759734879868,0.18564479151218707,0.0,0.0,0.0,0.0,2540,94320,7383700,,False,0,bpsk,2.0,none,32,0.037250518798828125,0.03750612835892598,bpsk_awgn,126.0,,pca/bpsk_awgn
sim_indoor_v1,test_id,pca,512,512.0,0.0,0,0.0,1,0.19221209610604806,0.18022052575225386,0.0,0.0,0.0,0.0,2540,94320,7383700,,False,0,bpsk,0.0,none,32,0.07871246337890625,0.07864960352514258,bpsk_awgn,126.0,,pca/bpsk_awgn
sim_indoor_v1,test_id,pca,512,512.0,0.0,0,0.0,1,0.164043082021541,0.15234388150622338,0.0,0.0,0.0,0.0,2540,94320,7383700,,False,0,bpsk,-2.0,none,32,0.130584716796875,0.13064448852282917,bpsk_awgn,126.0,,pca/bpsk_awgn
sim_indoor_v1,test_id,pca,512,512.0,0.0,0,0.0,1,0.20463960231980116,0.19287447465797436,0.0,0.0,0.0,0.0,2540,94320,7383700,,False,0,bpsk,8.0,rayleigh_block,32,0.0364532470703125,0.03545906762783807,bpsk_rayleigh_block,126.0,,pca/bpsk_rayleigh_block
sim_indoor_v1,test_id,pca,512,512.0,0.0,0,0.0,1,0.19055509527754763,0.18274707020111883,0.0,0.0,0.0,0.0,2540,94320,7383700,,False,0,bpsk,6.0,rayleigh_block,32,0.053897857666015625,0.052998883925638784,bpsk_rayleigh_block,126.0,,pca/bpsk_rayleigh_block
sim_indoor_v1,test_id,pca,512,512.0,0.0,0,0.0,1,0.18889809444904723,0.18019677307449294,0.0,0.0,0.0,0.0,2540,94320,7383700,,False,0,bpsk,4.0,rayleigh_block,32,0.07764053344726562,0.07713691605639106,bpsk_rayleigh_block,126.0,,pca/bpsk_rayleigh_block
sim_indoor_v1,test_id,pca,512,512.0,0.0,0,0.0,1,0.17978458989229495,0.17506473228719624,0.0,0.0,0.0,0.0,2540,94320,7383700,,False,0,bpsk,2.0,rayleigh_block,32,0.10838699340820312,0.10848473204958436,bpsk_rayleigh_block,126.0,,pca/bpsk_rayleigh_block
sim_indoor_v1,test_id,pca,512,512.0,0.0,0,0.0,1,0.17729908864954433,0.16770326910799707,0.0,0.0,0.0,0.0,2540,94320,7383700,,False,0,bpsk,0.0,rayleigh_block,32,0.14539337158203125,0.1464466094067262,bpsk_rayleigh_block,126.0,,pca/bpsk_rayleigh_block
sim_indoor_v1,test_id,pca,512,512.0,0.0,0,0.0,1,0.16570008285004142,0.15684558874202745,0.0,0.0,0.0,0.0,2540,94320,7383700,,False,0,bpsk,-2.0,rayleigh_block,32,0.18805313110351562,0.18900836834134227,bpsk_rayleigh_block,126.0,,pca/bpsk_rayleigh_block
sim_indoor_v1,test_id,pca,512,512.0,0.0,0,0.0,1,0.7381938690969345,0.6276922629599176,0.0,0.0,0.0,0.0,2540,94320,7383700,,False,0,qpsk,8.0,none,32,0.000179290771484375,0.00019090777407599314,qpsk_awgn,126.0,,pca/qpsk_awgn
sim_indoor_v1,test_id,pca,512,512.0,0.0,0,0.0,1,0.5733222866611434,0.4889831179621559,0.0,0.0,0.0,0.0,2540,94320,7383700,,False,0,qpsk,6.0,none,32,0.0023956298828125,0.002388290780932807,qpsk_awgn,126.0,,pca/qpsk_awgn
sim_indoor_v1,test_id,pca,512,512.0,0.0,0,0.0,1,0.25766362883181443,0.23341735742207695,0.0,0.0,0.0,0.0,2540,94320,7383700,,False,0,qpsk,4.0,none,32,0.01226806640625,0.01250081804073755,qpsk_awgn,126.0,,pca/qpsk_awgn
sim_indoor_v1,test_id,pca,512,512.0,0.0,0,0.0,1,0.1855840927920464,0.17828086535765833,0.0,0.0,0.0,0.0,2540,94320,7383700,,False,0,qpsk,2.0,none,32,0.037548065185546875,0.03750612835892598,qpsk_awgn,126.0,,pca/qpsk_awgn
sim_indoor_v1,test_id,pca,512,512.0,0.0,0,0.0,1,0.1623860811930406,0.15535770622047518,0.0,0.0,0.0,0.0,2540,94320,7383700,,False,0,qpsk,0.0,none,32,0.07884597778320312,0.07864960352514258,qpsk_awgn,126.0,,pca/qpsk_awgn
sim_indoor_v1,test_id,pca,512,512.0,0.0,0,0.0,1,0.15741507870753935,0.14872091758814593,0.0,0.0,0.0,0.0,2540,94320,7383700,,False,0,qpsk,-2.0,none,32,0.13076400756835938,0.13064448852282917,qpsk_awgn,126.0,,pca/qpsk_awgn
sim_indoor_v1,test_id,pca,512,512.0,0.00019090777407599314,0,0.0,1,0.7348798674399337,0.623391754787097,0.0,0.0,0.0,0.0,2540,94320,7383700,,False,0,none,8.0,none,32,0.000186920166015625,0.00019090777407599314,matched_ber,126.0,,pca/matched_ber
sim_indoor_v1,test_id,pca,512,512.0,0.002388290780932807,0,0.0,1,0.5782932891466446,0.4892424432263892,0.0,0.0,0.0,0.0,2540,94320,7383700,,False,0,none,6.0,none,32,0.00244140625,0.002388290780932807,matched_ber,126.0,,pca/matched_ber
sim_indoor_v1,test_id,pca,512,512.0,0.01250081804073755,0,0.0,1,0.275890637945319,0.25241525223813543,0.0,0.0,0.0,0.0,2540,94320,7383700,,False,0,none,4.0,none,32,0.012371063232421875,0.01250081804073755,matched_ber,126.0,,pca/matched_ber
sim_indoor_v1,test_id,pca,512,512.0,0.03750612835892598,0,0.0,1,0.1872410936205468,0.1802423558027828,0.0,0.0,0.0,0.0,2540,94320,7383700,,False,0,none,2.0,none,32,0.037319183349609375,0.03750612835892598,matched_ber,126.0,,pca/matched_ber
sim_indoor_v1,test_id,pca,512,512.0,0.07864960352514258,0,0.0,1,0.16818558409279205,0.16389949919971775,0.0,0.0,0.0,0.0,2540,94320,7383700,,False,0,none,0.0,none,32,0.07861328125,0.07864960352514258,matched_ber,126.0,,pca/matched_ber
sim_indoor_v1,test_id,pca,512,512.0,0.13064448852282917,0,0.0,1,0.15990057995028997,0.15133090752499592,0.0,0.0,0.0,0.0,2540,94320,7383700,,False,0,none,-2.0,none,32,0.13098907470703125,0.13064448852282917,matched_ber,126.0,,pca/matched_ber
sim_indoor_v1,test_id,binary_hash,512,512.0,0.0,0,0.0,1,0.927920463960232,0.8840704784736426,0.0,0.0,0.0,0.0,81940,2949120,7383700,,False,0,bpsk,8.0,none,32,0.000213623046875,0.00019090777407599314,bpsk_awgn,,4096.0,binary_hash/bpsk_awgn
sim_indoor_v1,test_id,binary_hash,512,512.0,0.0,0,0.0,1,0.9270919635459818,0.8867812896473473,0.0,0.0,0.0,0.0,81940,2949120,7383700,,False,0,bpsk,6.0,none,32,0.002254486083984375,0.002388290780932807,bpsk_awgn,,4096.0,binary_hash/bpsk_awgn
sim_indoor_v1,test_id,binary_hash,512,512.0,0.0,0,0.0,1,0.9262634631317316,0.8868063103527964,0.0,0.0,0.0,0.0,81940,2949120,7383700,,False,0,bpsk,4.0,none,32,0.012226104736328125,0.01250081804073755,bpsk_awgn,,4096.0,binary_hash/bpsk_awgn
sim_indoor_v1,test_id,binary_hash,512,512.0,0.0,0,0.0,1,0.903893951946976,0.855731558112149,0.0,0.0,0.0,0.0,81940,2949120,7383700,,False,0,bpsk,2.0,none,32,0.03725433349609375,0.03750612835892598,bpsk_awgn,,4096.0,binary_hash/bpsk_awgn
sim_indoor_v1,test_id,binary_hash,512,512.0,0.0,0,0.0,1,0.8657829328914665,0.8073325871544185,0.0,0.0,0.0,0.0,81940,2949120,7383700,,False,0,bpsk,0.0,none,32,0.07886505126953125,0.07864960352514258,bpsk_awgn,,4096.0,binary_hash/bpsk_awgn
sim_indoor_v1,test_id,binary_hash,512,512.0,0.0,0,0.0,1,0.8144159072079536,0.7565933509029384,0.0,0.0,0.0,0.0,81940,2949120,7383700,,False,0,bpsk,-2.0,none,32,0.13107681274414062,0.13064448852282917,bpsk_awgn,,4096.0,binary_hash/bpsk_awgn
sim_indoor_v1,test_id,binary_hash,512,512.0,0.0,0,0.0,1,0.9047224523612262,0.8598224074729707,0.0,0.0,0.0,0.0,81940,2949120,7383700,,False,0,bpsk,8.0,rayleigh_block,32,0.036590576171875,0.03545906762783807,bpsk_rayleigh_block,,4096.0,binary_hash/bpsk_rayleigh_block
sim_indoor_v1,test_id,binary_hash,512,512.0,0.0,0,0.0,1,0.8914664457332229,0.8449086583931547,0.0,0.0,0.0,0.0,81940,2949120,7383700,,False,0,bpsk,6.0,rayleigh_block,32,0.0537109375,0.052998883925638784,bpsk_rayleigh_block,,4096.0,binary_hash/bpsk_rayleigh_block
sim_indoor_v1,test_id,binary_hash,512,512.0,0.0,0,0.0,1,0.8616404308202155,0.8055288545366011,0.0,0.0,0.0,0.0,81940,2949120,7383700,,False,0,bpsk,4.0,rayleigh_block,32,0.07711410522460938,0.07713691605639106,bpsk_rayleigh_block,,4096.0,binary_hash/bpsk_rayleigh_block
sim_indoor_v1,test_id,binary_hash,512,512.0,0.0,0,0.0,1,0.8351284175642087,0.7726424721540018,0.0,0.0,0.0,0.0,81940,2949120,7383700,,False,0,bpsk,2.0,rayleigh_block,32,0.10847854614257812,0.10848473204958436,bpsk_rayleigh_block,,4096.0,binary_hash/bpsk_rayleigh_block
sim_indoor_v1,test_id,binary_hash,512,512.0,0.0,0,0.0,1,0.8036454018227009,0.7355427428549779,0.0,0.0,0.0,0.0,81940,2949120,7383700,,False,0,bpsk,0.0,rayleigh_block,32,0.1455841064453125,0.1464466094067262,bpsk_rayleigh_block,,4096.0,binary_hash/bpsk_rayleigh_block
sim_indoor_v1,test_id,binary_hash,512,512.0,0.0,0,0.0,1,0.7390223695111847,0.6517194258877329,0.0,0.0,0.0,0.0,81940,2949120,7383700,,False,0,bpsk,-2.0,rayleigh_block,32,0.18832015991210938,0.18900836834134227,bpsk_rayleigh_block,,4096.0,binary_hash/bpsk_rayleigh_block
sim_indoor_v1,test_id,binary_hash,512,512.0,0.0,0,0.0,1,0.9270919635459818,0.882582704777019,0.0,0.0,0.0,0.0,81940,2949120,7383700,,False,0,qpsk,8.0,none,32,0.000194549560546875,0.00019090777407599314,qpsk_awgn,,4096.0,binary_hash/qpsk_awgn
sim_indoor_v1,test_id,binary_hash,512,512.0,0.0,0,0.0,1,0.9229494614747308,0.8824011869621738,0.0,0.0,0.0,0.0,81940,2949120,7383700,,False,0,qpsk,6.0,none,32,0.002338409423828125,0.002388290780932807,qpsk_awgn,,4096.0,binary_hash/qpsk_awgn
sim_indoor_v1,test_id,binary_hash,512,512.0,0.0,0,0.0,1,0.9188069594034797,0.8723049174518274,0.0,0.0,0.0,0.0,81940,2949120,7383700,,False,0,qpsk,4.0,none,32,0.012371063232421875,0.01250081804073755,qpsk_awgn,,4096.0,binary_hash/qpsk_awgn
sim_indoor_v1,test_id,binary_hash,512,512.0,0.0,0,0.0,1,0.9022369511184756,0.8532590520846707,0.0,0.0,0.0,0.0,81940,2949120,7383700,,False,0,qpsk,2.0,none,32,0.03784942626953125,0.03750612835892598,qpsk_awgn,,4096.0,binary_hash/qpsk_awgn
sim_indoor_v1,test_id,binary_hash,512,512.0,0.0,0,0.0,1,0.8707539353769677,0.8225616773375247,0.0,0.0,0.0,0.0,81940,2949120,7383700,,False,0,qpsk,0.0,none,32,0.07917022705078125,0.07864960352514258,qpsk_awgn,,4096.0,binary_hash/qpsk_awgn
sim_indoor_v1,test_id,binary_hash,512,512.0,0.0,0,0.0,1,0.8185584092792046,0.7686160027667894,0.0,0.0,0.0,0.0,81940,2949120,7383700,,False,0,qpsk,-2.0,none,32,0.130767822265625,0.13064448852282917,qpsk_awgn,,4096.0,binary_hash/qpsk_awgn
sim_indoor_v1,test_id,binary_hash,512,512.0,0.00019090777407599314,0,0.0,1,0.9287489643744822,0.8871237662506177,0.0,0.0,0.0,0.0,81940,2949120,7383700,,False,0,none,8.0,none,32,0.000186920166015625,0.00019090777407599314,matched_ber,,4096.0,binary_hash/matched_ber
sim_indoor_v1,test_id,binary_hash,512,512.0,0.002388290780932807,0,0.0,1,0.9262634631317316,0.8807030055427255,0.0,0.0,0.0,0.0,81940,2949120,7383700,,False,0,none,6.0,none,32,0.00244140625,0.002388290780932807,matched_ber,,4096.0,binary_hash/matched_ber
sim_indoor_v1,test_id,binary_hash,512,512.0,0.01250081804073755,0,0.0,1,0.9204639602319801,0.8814838914939113,0.0,0.0,0.0,0.0,81940,2949120,7383700,,False,0,none,4.0,none,32,0.012371063232421875,0.01250081804073755,matched_ber,,4096.0,binary_hash/matched_ber
sim_indoor_v1,test_id,binary_hash,512,512.0,0.03750612835892598,0,0.0,1,0.8980944490472246,0.8451309175722109,0.0,0.0,0.0,0.0,81940,2949120,7383700,,False,0,none,2.0,none,32,0.037319183349609375,0.03750612835892598,matched_ber,,4096.0,binary_hash/matched_ber
sim_indoor_v1,test_id,binary_hash,512,512.0,0.07864960352514258,0,0.0,1,0.8616404308202155,0.8120664947109347,0.0,0.0,0.0,0.0,81940,2949120,7383700,,False,0,none,0.0,none,32,0.07861328125,0.07864960352514258,matched_ber,,4096.0,binary_hash/matched_ber
sim_indoor_v1,test_id,binary_hash,512,512.0,0.13064448852282917,0,0.0,1,0.8094449047224523,0.7509871584944481,0.0,0.0,0.0,0.0,81940,2949120,7383700,,False,0,none,-2.0,none,32,0.13098907470703125,0.13064448852282917,matched_ber,,4096.0,binary_hash/matched_ber
sim_indoor_v1,test_id,pure_hdc,512,512.0,0.0,0,0.0,1,0.7323943661971831,0.6644373144836137,0.0,0.0,0.0,0.0,81940,868352,7383700,,False,0,bpsk,8.0,none,32,0.000194549560546875,0.00019090777407599314,bpsk_awgn,,4096.0,pure_hdc_D4096/bpsk_awgn
sim_indoor_v1,test_id,pure_hdc,512,512.0,0.0,0,0.0,1,0.7307373653686827,0.6632022587261965,0.0,0.0,0.0,0.0,81940,868352,7383700,,False,0,bpsk,6.0,none,32,0.002197265625,0.002388290780932807,bpsk_awgn,,4096.0,pure_hdc_D4096/bpsk_awgn
sim_indoor_v1,test_id,pure_hdc,512,512.0,0.0,0,0.0,1,0.728251864125932,0.6597327891857196,0.0,0.0,0.0,0.0,81940,868352,7383700,,False,0,bpsk,4.0,none,32,0.012149810791015625,0.01250081804073755,bpsk_awgn,,4096.0,pure_hdc_D4096/bpsk_awgn
sim_indoor_v1,test_id,pure_hdc,512,512.0,0.0,0,0.0,1,0.7265948632974316,0.6586079953987599,0.0,0.0,0.0,0.0,81940,868352,7383700,,False,0,bpsk,2.0,none,32,0.036785125732421875,0.03750612835892598,bpsk_awgn,,4096.0,pure_hdc_D4096/bpsk_awgn
sim_indoor_v1,test_id,pure_hdc,512,512.0,0.0,0,0.0,1,0.7249378624689312,0.6565298226276723,0.0,0.0,0.0,0.0,81940,868352,7383700,,False,0,bpsk,0.0,none,32,0.078399658203125,0.07864960352514258,bpsk_awgn,,4096.0,pure_hdc_D4096/bpsk_awgn
sim_indoor_v1,test_id,pure_hdc,512,512.0,0.0,0,0.0,1,0.724109362054681,0.6585932261161704,0.0,0.0,0.0,0.0,81940,868352,7383700,,False,0,bpsk,-2.0,none,32,0.13022613525390625,0.13064448852282917,bpsk_awgn,,4096.0,pure_hdc_D4096/bpsk_awgn
sim_indoor_v1,test_id,pure_hdc,512,512.0,0.0,0,0.0,1,0.7315658657829329,0.6624266281880089,0.0,0.0,0.0,0.0,81940,868352,7383700,,False,0,bpsk,8.0,rayleigh_block,32,0.036228179931640625,0.03545906762783807,bpsk_rayleigh_block,,4096.0,pure_hdc_D4096/bpsk_rayleigh_block
sim_indoor_v1,test_id,pure_hdc,512,512.0,0.0,0,0.0,1,0.7299088649544325,0.6610857723509129,0.0,0.0,0.0,0.0,81940,868352,7383700,,False,0,bpsk,6.0,rayleigh_block,32,0.053371429443359375,0.052998883925638784,bpsk_rayleigh_block,,4096.0,pure_hdc_D4096/bpsk_rayleigh_block
sim_indoor_v1,test_id,pure_hdc,512,512.0,0.0,0,0.0,1,0.7315658657829329,0.6644905347897927,0.0,0.0,0.0,0.0,81940,868352,7383700,,False,0,bpsk,4.0,rayleigh_block,32,0.076812744140625,0.07713691605639106,bpsk_rayleigh_block,,4096.0,pure_hdc_D4096/bpsk_rayleigh_block
sim_indoor_v1,test_id,pure_hdc,512,512.0,0.0,0,0.0,1,0.7373653686826843,0.6723223572004059,0.0,0.0,0.0,0.0,81940,868352,7383700,,False,0,bpsk,2.0,rayleigh_block,32,0.10818099975585938,0.10848473204958436,bpsk_rayleigh_block,,4096.0,pure_hdc_D4096/bpsk_rayleigh_block
sim_indoor_v1,test_id,pure_hdc,512,512.0,0.0,0,0.0,1,0.7257663628831814,0.6565640203700799,0.0,0.0,0.0,0.0,81940,868352,7383700,,False,0,bpsk,0.0,rayleigh_block,32,0.14567184448242188,0.1464466094067262,bpsk_rayleigh_block,,4096.0,pure_hdc_D4096/bpsk_rayleigh_block
sim_indoor_v1,test_id,pure_hdc,512,512.0,0.0,0,0.0,1,0.7232808616404308,0.6535433890652003,0.0,0.0,0.0,0.0,81940,868352,7383700,,False,0,bpsk,-2.0,rayleigh_block,32,0.18855667114257812,0.18900836834134227,bpsk_rayleigh_block,,4096.0,pure_hdc_D4096/bpsk_rayleigh_block
sim_indoor_v1,test_id,pure_hdc,512,512.0,0.0,0,0.0,1,0.7307373653686827,0.662479807302779,0.0,0.0,0.0,0.0,81940,868352,7383700,,False,0,qpsk,8.0,none,32,0.00020599365234375,0.00019090777407599314,qpsk_awgn,,4096.0,pure_hdc_D4096/qpsk_awgn
sim_indoor_v1,test_id,pure_hdc,512,512.0,0.0,0,0.0,1,0.7299088649544325,0.6618827324770065,0.0,0.0,0.0,0.0,81940,868352,7383700,,False,0,qpsk,6.0,none,32,0.002414703369140625,0.002388290780932807,qpsk_awgn,,4096.0,pure_hdc_D4096/qpsk_awgn
sim_indoor_v1,test_id,pure_hdc,512,512.0,0.0,0,0.0,1,0.7323943661971831,0.6652046218049711,0.0,0.0,0.0,0.0,81940,868352,7383700,,False,0,qpsk,4.0,none,32,0.012439727783203125,0.01250081804073755,qpsk_awgn,,4096.0,pure_hdc_D4096/qpsk_awgn
sim_indoor_v1,test_id,pure_hdc,512,512.0,0.0,0,0.0,1,0.7299088649544325,0.6632131500442597,0.0,0.0,0.0,0.0,81940,868352,7383700,,False,0,qpsk,2.0,none,32,0.03762054443359375,0.03750612835892598,qpsk_awgn,,4096.0,pure_hdc_D4096/qpsk_awgn
sim_indoor_v1,test_id,pure_hdc,512,512.0,0.0,0,0.0,1,0.7348798674399337,0.66792168124912,0.0,0.0,0.0,0.0,81940,868352,7383700,,False,0,qpsk,0.0,none,32,0.07886886596679688,0.07864960352514258,qpsk_awgn,,4096.0,pure_hdc_D4096/qpsk_awgn
sim_indoor_v1,test_id,pure_hdc,512,512.0,0.0,0,0.0,1,0.7357083678541839,0.6663380439239753,0.0,0.0,0.0,0.0,81940,868352,7383700,,False,0,qpsk,-2.0,none,32,0.13092041015625,0.13064448852282917,qpsk_awgn,,4096.0,pure_hdc_D4096/qpsk_awgn
sim_indoor_v1,test_id,pure_hdc,512,512.0,0.00019090777407599314,0,0.0,1,0.7315658657829329,0.6638397597602493,0.0,0.0,0.0,0.0,81940,868352,7383700,,False,0,none,8.0,none,32,0.000186920166015625,0.00019090777407599314,matched_ber,,4096.0,pure_hdc_D4096/matched_ber
sim_indoor_v1,test_id,pure_hdc,512,512.0,0.002388290780932807,0,0.0,1,0.7299088649544325,0.6611540296181818,0.0,0.0,0.0,0.0,81940,868352,7383700,,False,0,none,6.0,none,32,0.00244140625,0.002388290780932807,matched_ber,,4096.0,pure_hdc_D4096/matched_ber
sim_indoor_v1,test_id,pure_hdc,512,512.0,0.01250081804073755,0,0.0,1,0.7307373653686827,0.6623392139724488,0.0,0.0,0.0,0.0,81940,868352,7383700,,False,0,none,4.0,none,32,0.012371063232421875,0.01250081804073755,matched_ber,,4096.0,pure_hdc_D4096/matched_ber
sim_indoor_v1,test_id,pure_hdc,512,512.0,0.03750612835892598,0,0.0,1,0.7265948632974316,0.6582404399203836,0.0,0.0,0.0,0.0,81940,868352,7383700,,False,0,none,2.0,none,32,0.037319183349609375,0.03750612835892598,matched_ber,,4096.0,pure_hdc_D4096/matched_ber
sim_indoor_v1,test_id,pure_hdc,512,512.0,0.07864960352514258,0,0.0,1,0.728251864125932,0.6616492724182851,0.0,0.0,0.0,0.0,81940,868352,7383700,,False,0,none,0.0,none,32,0.07861328125,0.07864960352514258,matched_ber,,4096.0,pure_hdc_D4096/matched_ber
sim_indoor_v1,test_id,pure_hdc,512,512.0,0.13064448852282917,0,0.0,1,0.7274233637116818,0.6597267941671957,0.0,0.0,0.0,0.0,81940,868352,7383700,,False,0,none,-2.0,none,32,0.13098907470703125,0.13064448852282917,matched_ber,,4096.0,pure_hdc_D4096/matched_ber
sim_indoor_v1,test_id,quantized,512,188.0,0.0,0,0.0,2,0.7423363711681856,0.635253229028144,0.0,0.0,0.0,0.0,3620,0,7383700,180.0,False,0,bpsk,8.0,none,32,0.00012466755319148935,0.00019090777407599314,bpsk_awgn,,,quantized/bpsk_awgn
sim_indoor_v1,test_id,quantized,512,188.0,0.0,0,0.0,2,0.6826843413421707,0.5874578587940527,0.0,0.0,0.0,0.0,3620,0,7383700,180.0,False,0,bpsk,6.0,none,32,0.002192071143617021,0.002388290780932807,bpsk_awgn,,,quantized/bpsk_awgn
sim_indoor_v1,test_id,quantized,512,188.0,0.0,0,0.0,2,0.5385252692626347,0.4686271521569553,0.0,0.0,0.0,0.0,3620,0,7383700,180.0,False,0,bpsk,4.0,none,32,0.01257064494680851,0.01250081804073755,bpsk_awgn,,,quantized/bpsk_awgn
sim_indoor_v1,test_id,quantized,512,188.0,0.0,0,0.0,2,0.39270919635459817,0.3456322004456099,0.0,0.0,0.0,0.0,3620,0,7383700,180.0,False,0,bpsk,2.0,none,32,0.03827293882978723,0.03750612835892598,bpsk_awgn,,,quantized/bpsk_awgn
sim_indoor_v1,test_id,quantized,512,188.0,0.0,0,0.0,2,0.3131731565865783,0.2825218590056283,0.0,0.0,0.0,0.0,3620,0,7383700,180.0,False,0,bpsk,0.0,none,32,0.08052485039893617,0.07864960352514258,bpsk_awgn,,,quantized/bpsk_awgn
sim_indoor_v1,test_id,quantized,512,188.0,0.0,0,0.0,2,0.260149130074565,0.23275378634748836,0.0,0.0,0.0,0.0,3620,0,7383700,180.0,False,0,bpsk,-2.0,none,32,0.13302027925531915,0.13064448852282917,bpsk_awgn,,,quantized/bpsk_awgn
sim_indoor_v1,test_id,quantized,512,188.0,0.0,0,0.0,2,0.44656172328086163,0.39697805895399735,0.0,0.0,0.0,0.0,3620,0,7383700,180.0,False,0,bpsk,8.0,rayleigh_block,32,0.03264212101063829,0.03545906762783807,bpsk_rayleigh_block,,,quantized/bpsk_rayleigh_block
sim_indoor_v1,test_id,quantized,512,188.0,0.0,0,0.0,2,0.39188069594034797,0.3512234907299311,0.0,0.0,0.0,0.0,3620,0,7383700,180.0,False,0,bpsk,6.0,rayleigh_block,32,0.049409906914893616,0.052998883925638784,bpsk_rayleigh_block,,,quantized/bpsk_rayleigh_block
sim_indoor_v1,test_id,quantized,512,188.0,0.0,0,0.0,2,0.35376967688483846,0.3190202032325888,0.0,0.0,0.0,0.0,3620,0,7383700,180.0,False,0,bpsk,4.0,rayleigh_block,32,0.0725565159574468,0.07713691605639106,bpsk_rayleigh_block,,,quantized/bpsk_rayleigh_block
sim_indoor_v1,test_id,quantized,512,188.0,0.0,0,0.0,2,0.30571665285832644,0.27901757067343014,0.0,0.0,0.0,0.0,3620,0,7383700,180.0,False,0,bpsk,2.0,rayleigh_block,32,0.10324551196808511,0.10848473204958436,bpsk_rayleigh_block,,,quantized/bpsk_rayleigh_block
sim_indoor_v1,test_id,quantized,512,188.0,0.0,0,0.0,2,0.28417564208782103,0.26192518559466504,0.0,0.0,0.0,0.0,3620,0,7383700,180.0,False,0,bpsk,0.0,rayleigh_block,32,0.1416950631648936,0.1464466094067262,bpsk_rayleigh_block,,,quantized/bpsk_rayleigh_block
sim_indoor_v1,test_id,quantized,512,188.0,0.0,0,0.0,2,0.2593206296603148,0.2360151090540806,0.0,0.0,0.0,0.0,3620,0,7383700,180.0,False,0,bpsk,-2.0,rayleigh_block,32,0.18455992353723405,0.18900836834134227,bpsk_rayleigh_block,,,quantized/bpsk_rayleigh_block
sim_indoor_v1,test_id,quantized,512,188.0,0.0,0,0.0,2,0.7373653686826843,0.6337199142441861,0.0,0.0,0.0,0.0,3620,0,7383700,180.0,False,0,qpsk,8.0,none,32,0.00016622340425531914,0.00019090777407599314,qpsk_awgn,,,quantized/qpsk_awgn
sim_indoor_v1,test_id,quantized,512,188.0,0.0,0,0.0,2,0.676056338028169,0.5822171477976601,0.0,0.0,0.0,0.0,3620,0,7383700,180.0,False,0,qpsk,6.0,none,32,0.0024621841755319146,0.002388290780932807,qpsk_awgn,,,quantized/qpsk_awgn
sim_indoor_v1,test_id,quantized,512,188.0,0.0,0,0.0,2,0.5418392709196355,0.4690442085637704,0.0,0.0,0.0,0.0,3620,0,7383700,180.0,False,0,qpsk,4.0,none,32,0.012674534574468085,0.01250081804073755,qpsk_awgn,,,quantized/qpsk_awgn
sim_indoor_v1,test_id,quantized,512,188.0,0.0,0,0.0,2,0.415907207953604,0.37051070466849423,0.0,0.0,0.0,0.0,3620,0,7383700,180.0,False,0,qpsk,2.0,none,32,0.037805435505319146,0.03750612835892598,qpsk_awgn,,,quantized/qpsk_awgn
sim_indoor_v1,test_id,quantized,512,188.0,0.0,0,0.0,2,0.32228666114333054,0.29115832240947775,0.0,0.0,0.0,0.0,3620,0,7383700,180.0,False,0,qpsk,0.0,none,32,0.07915350731382978,0.07864960352514258,qpsk_awgn,,,quantized/qpsk_awgn
sim_indoor_v1,test_id,quantized,512,188.0,0.0,0,0.0,2,0.2543496271748136,0.2260962381517655,0.0,0.0,0.0,0.0,3620,0,7383700,180.0,False,0,qpsk,-2.0,none,32,0.13097365359042554,0.13064448852282917,qpsk_awgn,,,quantized/qpsk_awgn
sim_indoor_v1,test_id,quantized,512,188.0,0.00019090777407599314,0,0.0,2,0.7398508699254349,0.6344995588797688,0.0,0.0,0.0,0.0,3620,0,7383700,180.0,False,0,none,8.0,none,32,0.00023894614361702127,0.00019090777407599314,matched_ber,,,quantized/matched_ber
sim_indoor_v1,test_id,quantized,512,188.0,0.002388290780932807,0,0.0,2,0.6826843413421707,0.5873094016923688,0.0,0.0,0.0,0.0,3620,0,7383700,180.0,False,0,none,6.0,none,32,0.002295960771276595,0.002388290780932807,matched_ber,,,quantized/matched_ber
sim_indoor_v1,test_id,quantized,512,188.0,0.01250081804073755,0,0.0,2,0.5468102734051367,0.4758003561473849,0.0,0.0,0.0,0.0,3620,0,7383700,180.0,False,0,none,4.0,none,32,0.011822639627659575,0.01250081804073755,matched_ber,,,quantized/matched_ber
sim_indoor_v1,test_id,quantized,512,188.0,0.03750612835892598,0,0.0,2,0.4374482187241094,0.38772691070576587,0.0,0.0,0.0,0.0,3620,0,7383700,180.0,False,0,none,2.0,none,32,0.037348321143617025,0.03750612835892598,matched_ber,,,quantized/matched_ber
sim_indoor_v1,test_id,quantized,512,188.0,0.07864960352514258,0,0.0,2,0.3256006628003314,0.2902367151580491,0.0,0.0,0.0,0.0,3620,0,7383700,180.0,False,0,none,0.0,none,32,0.07815616688829786,0.07864960352514258,matched_ber,,,quantized/matched_ber
sim_indoor_v1,test_id,quantized,512,188.0,0.13064448852282917,0,0.0,2,0.2535211267605634,0.224322179317804,0.0,0.0,0.0,0.0,3620,0,7383700,180.0,False,0,none,-2.0,none,32,0.13084898603723402,0.13064448852282917,matched_ber,,,quantized/matched_ber
sim_indoor_v1,test_id,pca,512,512.0,0.0,0,0.0,2,0.7398508699254349,0.6314930811530759,0.0,0.0,0.0,0.0,2540,94320,7383700,,False,0,bpsk,8.0,none,32,0.0001983642578125,0.00019090777407599314,bpsk_awgn,126.0,,pca/bpsk_awgn
sim_indoor_v1,test_id,pca,512,512.0,0.0,0,0.0,2,0.5724937862468932,0.49408428221449696,0.0,0.0,0.0,0.0,2540,94320,7383700,,False,0,bpsk,6.0,none,32,0.00225067138671875,0.002388290780932807,bpsk_awgn,126.0,,pca/bpsk_awgn
sim_indoor_v1,test_id,pca,512,512.0,0.0,0,0.0,2,0.2659486329743165,0.24099630196829608,0.0,0.0,0.0,0.0,2540,94320,7383700,,False,0,bpsk,4.0,none,32,0.01226806640625,0.01250081804073755,bpsk_awgn,126.0,,pca/bpsk_awgn
sim_indoor_v1,test_id,pca,512,512.0,0.0,0,0.0,2,0.20546810273405136,0.19888953563649914,0.0,0.0,0.0,0.0,2540,94320,7383700,,False,0,bpsk,2.0,none,32,0.037380218505859375,0.03750612835892598,bpsk_awgn,126.0,,pca/bpsk_awgn
sim_indoor_v1,test_id,pca,512,512.0,0.0,0,0.0,2,0.16818558409279205,0.163554471642894,0.0,0.0,0.0,0.0,2540,94320,7383700,,False,0,bpsk,0.0,none,32,0.07820510864257812,0.07864960352514258,bpsk_awgn,126.0,,pca/bpsk_awgn
sim_indoor_v1,test_id,pca,512,512.0,0.0,0,0.0,2,0.14830157415078707,0.1417593465650226,0.0,0.0,0.0,0.0,2540,94320,7383700,,False,0,bpsk,-2.0,none,32,0.1305084228515625,0.13064448852282917,bpsk_awgn,126.0,,pca/bpsk_awgn
sim_indoor_v1,test_id,pca,512,512.0,0.0,0,0.0,2,0.18889809444904723,0.17441655857470373,0.0,0.0,0.0,0.0,2540,94320,7383700,,False,0,bpsk,8.0,rayleigh_block,32,0.035655975341796875,0.03545906762783807,bpsk_rayleigh_block,126.0,,pca/bpsk_rayleigh_block
sim_indoor_v1,test_id,pca,512,512.0,0.0,0,0.0,2,0.20132560066280034,0.18609722689386207,0.0,0.0,0.0,0.0,2540,94320,7383700,,False,0,bpsk,6.0,rayleigh_block,32,0.05318450927734375,0.052998883925638784,bpsk_rayleigh_block,126.0,,pca/bpsk_rayleigh_block
sim_indoor_v1,test_id,pca,512,512.0,0.0,0,0.0,2,0.19221209610604806,0.18109196578128678,0.0,0.0,0.0,0.0,2540,94320,7383700,,False,0,bpsk,4.0,rayleigh_block,32,0.0769195556640625,0.07713691605639106,bpsk_rayleigh_block,126.0,,pca/bpsk_rayleigh_block
sim_indoor_v1,test_id,pca,512,512.0,0.0,0,0.0,2,0.19221209610604806,0.18320267646560873,0.0,0.0,0.0,0.0,2540,94320,7383700,,False,0,bpsk,2.0,rayleigh_block,32,0.1079864501953125,0.10848473204958436,bpsk_rayleigh_block,126.0,,pca/bpsk_rayleigh_block
sim_indoor_v1,test_id,pca,512,512.0,0.0,0,0.0,2,0.164043082021541,0.15577371647920574,0.0,0.0,0.0,0.0,2540,94320,7383700,,False,0,bpsk,0.0,rayleigh_block,32,0.14580917358398438,0.1464466094067262,bpsk_rayleigh_block,126.0,,pca/bpsk_rayleigh_block
sim_indoor_v1,test_id,pca,512,512.0,0.0,0,0.0,2,0.16984258492129245,0.16292557074470163,0.0,0.0,0.0,0.0,2540,94320,7383700,,False,0,bpsk,-2.0,rayleigh_block,32,0.18757247924804688,0.18900836834134227,bpsk_rayleigh_block,126.0,,pca/bpsk_rayleigh_block
sim_indoor_v1,test_id,pca,512,512.0,0.0,0,0.0,2,0.7373653686826843,0.6303861980011352,0.0,0.0,0.0,0.0,2540,94320,7383700,,False,0,qpsk,8.0,none,32,0.00017547607421875,0.00019090777407599314,qpsk_awgn,126.0,,pca/qpsk_awgn
sim_indoor_v1,test_id,pca,512,512.0,0.0,0,0.0,2,0.5932062966031483,0.511411969868134,0.0,0.0,0.0,0.0,2540,94320,7383700,,False,0,qpsk,6.0,none,32,0.002201080322265625,0.002388290780932807,qpsk_awgn,126.0,,pca/qpsk_awgn
sim_indoor_v1,test_id,pca,512,512.0,0.0,0,0.0,2,0.2883181441590721,0.2582550694976357,0.0,0.0,0.0,0.0,2540,94320,7383700,,False,0,qpsk,4.0,none,32,0.012287139892578125,0.01250081804073755,qpsk_awgn,126.0,,pca/qpsk_awgn
sim_indoor_v1,test_id,pca,512,512.0,0.0,0,0.0,2,0.17729908864954433,0.17058064821462843,0.0,0.0,0.0,0.0,2540,94320,7383700,,False,0,qpsk,2.0,none,32,0.0370635986328125,0.03750612835892598,qpsk_awgn,126.0,,pca/qpsk_awgn
sim_indoor_v1,test_id,pca,512,512.0,0.0,0,0.0,2,0.16984258492129245,0.16507792837261312,0.0,0.0,0.0,0.0,2540,94320,7383700,,False,0,qpsk,0.0,none,32,0.07778549194335938,0.07864960352514258,qpsk_awgn,126.0,,pca/qpsk_awgn
sim_indoor_v1,test_id,pca,512,512.0,0.0,0,0.0,2,0.1632145816072908,0.15289679590679323,0.0,0.0,0.0,0.0,2540,94320,7383700,,False,0,qpsk,-2.0,none,32,0.1295013427734375,0.13064448852282917,qpsk_awgn,126.0,,pca/qpsk_awgn
sim_indoor_v1,test_id,pca,512,512.0,0.00019090777407599314,0,0.0,2,0.7423363711681856,0.6314445194494103,0.0,0.0,0.0,0.0,2540,94320,7383700,,False,0,none,8.0,none,32,0.000217437744140625,0.00019090777407599314,matched_ber,126.0,,pca/matched_ber
sim_indoor_v1,test_id,pca,512,512.0,0.002388290780932807,0,0.0,2,0.6139188069594035,0.5301011880796405,0.0,0.0,0.0,0.0,2540,94320,7383700,,False,0,none,6.0,none,32,0.002437591552734375,0.002388290780932807,matched_ber,126.0,,pca/matched_ber
sim_indoor_v1,test_id,pca,512,512.0,0.01250081804073755,0,0.0,2,0.27257663628831813,0.24234529465910745,0.0,0.0,0.0,0.0,2540,94320,7383700,,False,0,none,4.0,none,32,0.012142181396484375,0.01250081804073755,matched_ber,126.0,,pca/matched_ber
sim_indoor_v1,test_id,pca,512,512.0,0.03750612835892598,0,0.0,2,0.19718309859154928,0.18821919793337805,0.0,0.0,0.0,0.0,2540,94320,7383700,,False,0,none,2.0,none,32,0.037364959716796875,0.03750612835892598,matched_ber,126.0,,pca/matched_ber
sim_indoor_v1,test_id,pca,512,512.0,0.07864960352514258,0,0.0,2,0.17232808616404308,0.16077072942595094,0.0,0.0,0.0,0.0,2540,94320,7383700,,False,0,none,0.0,none,32,0.07795333862304688,0.07864960352514258,matched_ber,126.0,,pca/matched_ber
sim_indoor_v1,test_id,pca,512,512.0,0.13064448852282917,0,0.0,2,0.16984258492129245,0.15378814851515338,0.0,0.0,0.0,0.0,2540,94320,7383700,,False,0,none,-2.0,none,32,0.13031768798828125,0.13064448852282917,matched_ber,126.0,,pca/matched_ber
sim_indoor_v1,test_id,binary_hash,512,512.0,0.0,0,0.0,2,0.9221209610604806,0.8766804510670834,0.0,0.0,0.0,0.0,81940,2949120,7383700,,False,0,bpsk,8.0,none,32,0.00019073486328125,0.00019090777407599314,bpsk_awgn,,4096.0,binary_hash/bpsk_awgn
sim_indoor_v1,test_id,binary_hash,512,512.0,0.0,0,0.0,2,0.9221209610604806,0.8808185825068501,0.0,0.0,0.0,0.0,81940,2949120,7383700,,False,0,bpsk,6.0,none,32,0.002353668212890625,0.002388290780932807,bpsk_awgn,,4096.0,binary_hash/bpsk_awgn
sim_indoor_v1,test_id,binary_hash,512,512.0,0.0,0,0.0,2,0.9154929577464789,0.866981647549028,0.0,0.0,0.0,0.0,81940,2949120,7383700,,False,0,bpsk,4.0,none,32,0.012546539306640625,0.01250081804073755,bpsk_awgn,,4096.0,binary_hash/bpsk_awgn
sim_indoor_v1,test_id,binary_hash,512,512.0,0.0,0,0.0,2,0.9022369511184756,0.8540369975367292,0.0,0.0,0.0,0.0,81940,2949120,7383700,,False,0,bpsk,2.0,none,32,0.03760528564453125,0.03750612835892598,bpsk_awgn,,4096.0,binary_hash/bpsk_awgn
sim_indoor_v1,test_id,binary_hash,512,512.0,0.0,0,0.0,2,0.8641259320629661,0.8095827804878155,0.0,0.0,0.0,0.0,81940,2949120,7383700,,False,0,bpsk,0.0,none,32,0.078582763671875,0.07864960352514258,bpsk_awgn,,4096.0,binary_hash/bpsk_awgn
sim_indoor_v1,test_id,binary_hash,512,512.0,0.0,0,0.0,2,0.7986743993371996,0.731083408776273,0.0,0.0,0.0,0.0,81940,2949120,7383700,,False,0,bpsk,-2.0,none,32,0.13072586059570312,0.13064448852282917,bpsk_awgn,,4096.0,binary_hash/bpsk_awgn
sim_indoor_v1,test_id,binary_hash,512,512.0,0.0,0,0.0,2,0.8964374482187241,0.8492810898047066,0.0,0.0,0.0,0.0,81940,2949120,7383700,,False,0,bpsk,8.0,rayleigh_block,32,0.035144805908203125,0.03545906762783807,bpsk_rayleigh_block,,4096.0,binary_hash/bpsk_rayleigh_block
sim_indoor_v1,test_id,binary_hash,512,512.0,0.0,0,0.0,2,0.8765534382767192,0.8258937874666774,0.0,0.0,0.0,0.0,81940,2949120,7383700,,False,0,bpsk,6.0,rayleigh_block,32,0.052379608154296875,0.052998883925638784,bpsk_rayleigh_block,,4096.0,binary_hash/bpsk_rayleigh_block
sim_indoor_v1,test_id,binary_hash,512,512.0,0.0,0,0.0,2,0.8467274233637117,0.789255997603458,0.0,0.0,0.0,0.0,81940,2949120,7383700,,False,0,bpsk,4.0,rayleigh_block,32,0.07634735107421875,0.07713691605639106,bpsk_rayleigh_block,,4096.0,binary_hash/bpsk_rayleigh_block
sim_indoor_v1,test_id,binary_hash,512,512.0,0.0,0,0.0,2,0.8028169014084507,0.7278943434508519,0.0,0.0,0.0,0.0,81940,2949120,7383700,,False,0,bpsk,2.0,rayleigh_block,32,0.1072540283203125,0.10848473204958436,bpsk_rayleigh_block,,4096.0,binary_hash/bpsk_rayleigh_block
sim_indoor_v1,test_id,binary_hash,512,512.0,0.0,0,0.0,2,0.7647058823529411,0.6845997973568381,0.0,0.0,0.0,0.0,81940,2949120,7383700,,False,0,bpsk,0.0,rayleigh_block,32,0.14451217651367188,0.1464466094067262,bpsk_rayleigh_block,,4096.0,binary_hash/bpsk_rayleigh_block
sim_indoor_v1,test_id,binary_hash,512,512.0,0.0,0,0.0,2,0.7373653686826843,0.6630355958406968,0.0,0.0,0.0,0.0,81940,2949120,7383700,,False,0,bpsk,-2.0,rayleigh_block,32,0.1863861083984375,0.18900836834134227,bpsk_rayleigh_block,,4096.0,binary_hash/bpsk_rayleigh_block
sim_indoor_v1,test_id,binary_hash,512,512.0,0.0,0,0.0,2,0.9212924606462303,0.8755754516225093,0.0,0.0,0.0,0.0,81940,2949120,7383700,,False,0,qpsk,8.0,none,32,0.000202178955078125,0.00019090777407599314,qpsk_awgn,,4096.0,binary_hash/qpsk_awgn
sim_indoor_v1,test_id,binary_hash,512,512.0,0.0,0,0.0,2,0.9212924606462303,0.8778609297324357,0.0,0.0,0.0,0.0,81940,2949120,7383700,,False,0,qpsk,6.0,none,32,0.002285003662109375,0.002388290780932807,qpsk_awgn,,4096.0,binary_hash/qpsk_awgn
sim_indoor_v1,test_id,binary_hash,512,512.0,0.0,0,0.0,2,0.9121789560894781,0.8649247812482045,0.0,0.0,0.0,0.0,81940,2949120,7383700,,False,0,qpsk,4.0,none,32,0.01239776611328125,0.01250081804073755,qpsk_awgn,,4096.0,binary_hash/qpsk_awgn
sim_indoor_v1,test_id,binary_hash,512,512.0,0.0,0,0.0,2,0.899751449875725,0.8484767257536087,0.0,0.0,0.0,0.0,81940,2949120,7383700,,False,0,qpsk,2.0,none,32,0.03772735595703125,0.03750612835892598,qpsk_awgn,,4096.0,binary_hash/qpsk_awgn
sim_indoor_v1,test_id,binary_hash,512,512.0,0.0,0,0.0,2,0.8682684341342171,0.8120159696738097,0.0,0.0,0.0,0.0,81940,2949120,7383700,,False,0,qpsk,0.0,none,32,0.0784759521484375,0.07864960352514258,qpsk_awgn,,4096.0,binary_hash/qpsk_awgn
sim_indoor_v1,test_id,binary_hash,512,512.0,0.0,0,0.0,2,0.8193869096934548,0.744934595934603,0.0,0.0,0.0,0.0,81940,2949120,7383700,,False,0,qpsk,-2.0,none,32,0.1302032470703125,0.13064448852282917,qpsk_awgn,,4096.0,binary_hash/qpsk_awgn
sim_indoor_v1,test_id,binary_hash,512,512.0,0.00019090777407599314,0,0.0,2,0.9229494614747308,0.8786222196568099,0.0,0.0,0.0,0.0,81940,2949120,7383700,,False,0,none,8.0,none,32,0.000217437744140625,0.00019090777407599314,matched_ber,,4096.0,binary_hash/matched_ber
sim_indoor_v1,test_id,binary_hash,512,512.0,0.002388290780932807,0,0.0,2,0.9179784589892295,0.8702322567588119,0.0,0.0,0.0,0.0,81940,2949120,7383700,,False,0,none,6.0,none,32,0.002437591552734375,0.002388290780932807,matched_ber,,4096.0,binary_hash/matched_ber
sim_indoor_v1,test_id,binary_hash,512,512.0,0.01250081804073755,0,0.0,2,0.9105219552609777,0.8669728472976159,0.0,0.0,0.0,0.0,81940,2949120,7383700,,False,0,none,4.0,none,32,0.012142181396484375,0.01250081804073755,matched_ber,,4096.0,binary_hash/matched_ber
sim_indoor_v1,test_id,binary_hash,512,512.0,0.03750612835892598,0,0.0,2,0.8922949461474731,0.8432734144387203,0.0,0.0,0.0,0.0,81940,2949120,7383700,,False,0,none,2.0,none,32,0.037364959716796875,0.03750612835892598,matched_ber,,4096.0,binary_hash/matched_ber
sim_indoor_v1,test_id,binary_hash,512,512.0,0.07864960352514258,0,0.0,2,0.8641259320629661,0.8000945666804796,0.0,0.0,0.0,0.0,81940,2949120,7383700,,False,0,none,0.0,none,32,0.07795333862304688,0.07864960352514258,matched_ber,,4096.0,binary_hash/matched_ber
sim_indoor_v1,test_id,binary_hash,512,512.0,0.13064448852282917,0,0.0,2,0.8028169014084507,0.7260374563026465,0.0,0.0,0.0,0.0,81940,2949120,7383700,,False,0,none,-2.0,none,32,0.13031768798828125,0.13064448852282917,matched_ber,,4096.0,binary_hash/matched_ber
sim_indoor_v1,test_id,pure_hdc,512,512.0,0.0,0,0.0,2,0.7332228666114333,0.6651585878194195,0.0,0.0,0.0,0.0,81940,868352,7383700,,False,0,bpsk,8.0,none,32,0.000179290771484375,0.00019090777407599314,bpsk_awgn,,4096.0,pure_hdc_D4096/bpsk_awgn
sim_indoor_v1,test_id,pure_hdc,512,512.0,0.0,0,0.0,2,0.7307373653686827,0.6618187432192002,0.0,0.0,0.0,0.0,81940,868352,7383700,,False,0,bpsk,6.0,none,32,0.002475738525390625,0.002388290780932807,bpsk_awgn,,4096.0,pure_hdc_D4096/bpsk_awgn
sim_indoor_v1,test_id,pure_hdc,512,512.0,0.0,0,0.0,2,0.7315658657829329,0.6646782450585116,0.0,0.0,0.0,0.0,81940,868352,7383700,,False,0,bpsk,4.0,none,32,0.0124969482421875,0.01250081804073755,bpsk_awgn,,4096.0,pure_hdc_D4096/bpsk_awgn
sim_indoor_v1,test_id,pure_hdc,512,512.0,0.0,0,0.0,2,0.728251864125932,0.6616758191888887,0.0,0.0,0.0,0.0,81940,868352,7383700,,False,0,bpsk,2.0,none,32,0.037322998046875,0.03750612835892598,bpsk_awgn,,4096.0,pure_hdc_D4096/bpsk_awgn
sim_indoor_v1,test_id,pure_hdc,512,512.0,0.0,0,0.0,2,0.7332228666114333,0.6650159966820584,0.0,0.0,0.0,0.0,81940,868352,7383700,,False,0,bpsk,0.0,none,32,0.078643798828125,0.07864960352514258,bpsk_awgn,,4096.0,pure_hdc_D4096/bpsk_awgn
sim_indoor_v1,test_id,pure_hdc,512,512.0,0.0,0,0.0,2,0.728251864125932,0.6578709395284572,0.0,0.0,0.0,0.0,81940,868352,7383700,,False,0,bpsk,-2.0,none,32,0.1304931640625,0.13064448852282917,bpsk_awgn,,4096.0,pure_hdc_D4096/bpsk_awgn
sim_indoor_v1,test_id,pure_hdc,512,512.0,0.0,0,0.0,2,0.7373653686826843,0.6689959084371134,0.0,0.0,0.0,0.0,81940,868352,7383700,,False,0,bpsk,8.0,rayleigh_block,32,0.03536224365234375,0.03545906762783807,bpsk_rayleigh_block,,4096.0,pure_hdc_D4096/bpsk_rayleigh_block
sim_indoor_v1,test_id,pure_hdc,512,512.0,0.0,0,0.0,2,0.7357083678541839,0.6668930177745518,0.0,0.0,0.0,0.0,81940,868352,7383700,,False,0,bpsk,6.0,rayleigh_block,32,0.053073883056640625,0.052998883925638784,bpsk_rayleigh_block,,4096.0,pure_hdc_D4096/bpsk_rayleigh_block
sim_indoor_v1,test_id,pure_hdc,512,512.0,0.0,0,0.0,2,0.7381938690969345,0.6704178140074858,0.0,0.0,0.0,0.0,81940,868352,7383700,,False,0,bpsk,4.0,rayleigh_block,32,0.07723236083984375,0.07713691605639106,bpsk_rayleigh_block,,4096.0,pure_hdc_D4096/bpsk_rayleigh_block
sim_indoor_v1,test_id,pure_hdc,512,512.0,0.0,0,0.0,2,0.7348798674399337,0.6677642564872117,0.0,0.0,0.0,0.0,81940,868352,7383700,,False,0,bpsk,2.0,rayleigh_block,32,0.10834121704101562,0.10848473204958436,bpsk_rayleigh_block,,4096.0,pure_hdc_D4096/bpsk_rayleigh_block
sim_indoor_v1,test_id,pure_hdc,512,512.0,0.0,0,0.0,2,0.7332228666114333,0.6627556244928712,0.0,0.0,0.0,0.0,81940,868352,7383700,,False,0,bpsk,0.0,rayleigh_block,32,0.14610671997070312,0.1464466094067262,bpsk_rayleigh_block,,4096.0,pure_hdc_D4096/bpsk_rayleigh_block
sim_indoor_v1,test_id,pure_hdc,512,512.0,0.0,0,0.0,2,0.7348798674399337,0.6641365597415536,0.0,0.0,0.0,0.0,81940,868352,7383700,,False,0,bpsk,-2.0,rayleigh_block,32,0.1881561279296875,0.18900836834134227,bpsk_rayleigh_block,,4096.0,pure_hdc_D4096/bpsk_rayleigh_block
sim_indoor_v1,test_id,pure_hdc,512,512.0,0.0,0,0.0,2,0.7307373653686827,0.6624865932649294,0.0,0.0,0.0,0.0,81940,868352,7383700,,False,0,qpsk,8.0,none,32,0.000194549560546875,0.00019090777407599314,qpsk_awgn,,4096.0,pure_hdc_D4096/qpsk_awgn
sim_indoor_v1,test_id,pure_hdc,512,512.0,0.0,0,0.0,2,0.7323943661971831,0.6644201516232081,0.0,0.0,0.0,0.0,81940,868352,7383700,,False,0,qpsk,6.0,none,32,0.002216339111328125,0.002388290780932807,qpsk_awgn,,4096.0,pure_hdc_D4096/qpsk_awgn
sim_indoor_v1,test_id,pure_hdc,512,512.0,0.0,0,0.0,2,0.7307373653686827,0.6617715466182955,0.0,0.0,0.0,0.0,81940,868352,7383700,,False,0,qpsk,4.0,none,32,0.01206207275390625,0.01250081804073755,qpsk_awgn,,4096.0,pure_hdc_D4096/qpsk_awgn
sim_indoor_v1,test_id,pure_hdc,512,512.0,0.0,0,0.0,2,0.7307373653686827,0.6623213526593311,0.0,0.0,0.0,0.0,81940,868352,7383700,,False,0,qpsk,2.0,none,32,0.03729248046875,0.03750612835892598,qpsk_awgn,,4096.0,pure_hdc_D4096/qpsk_awgn
sim_indoor_v1,test_id,pure_hdc,512,512.0,0.0,0,0.0,2,0.7323943661971831,0.6651486501354339,0.0,0.0,0.0,0.0,81940,868352,7383700,,False,0,qpsk,0.0,none,32,0.07855606079101562,0.07864960352514258,qpsk_awgn,,4096.0,pure_hdc_D4096/qpsk_awgn
sim_indoor_v1,test_id,pure_hdc,512,512.0,0.0,0,0.0,2,0.7323943661971831,0.6648323698657055,0.0,0.0,0.0,0.0,81940,868352,7383700,,False,0,qpsk,-2.0,none,32,0.13090896606445312,0.13064448852282917,qpsk_awgn,,4096.0,pure_hdc_D4096/qpsk_awgn
sim_indoor_v1,test_id,pure_hdc,512,512.0,0.00019090777407599314,0,0.0,2,0.7315658657829329,0.6631025222547733,0.0,0.0,0.0,0.0,81940,868352,7383700,,False,0,none,8.0,none,32,0.000217437744140625,0.00019090777407599314,matched_ber,,4096.0,pure_hdc_D4096/matched_ber
sim_indoor_v1,test_id,pure_hdc,512,512.0,0.002388290780932807,0,0.0,2,0.7323943661971831,0.66455212584708,0.0,0.0,0.0,0.0,81940,868352,7383700,,False,0,none,6.0,none,32,0.002437591552734375,0.002388290780932807,matched_ber,,4096.0,pure_hdc_D4096/matched_ber
sim_indoor_v1,test_id,pure_hdc,512,512.0,0.01250081804073755,0,0.0,2,0.7315658657829329,0.663191031788488,0.0,0.0,0.0,0.0,81940,868352,7383700,,False,0,none,4.0,none,32,0.012142181396484375,0.01250081804073755,matched_ber,,4096.0,pure_hdc_D4096/matched_ber
sim_indoor_v1,test_id,pure_hdc,512,512.0,0.03750612835892598,0,0.0,2,0.7348798674399337,0.6678164571823472,0.0,0.0,0.0,0.0,81940,868352,7383700,,False,0,none,2.0,none,32,0.037364959716796875,0.03750612835892598,matched_ber,,4096.0,pure_hdc_D4096/matched_ber
sim_indoor_v1,test_id,pure_hdc,512,512.0,0.07864960352514258,0,0.0,2,0.7307373653686827,0.6627233009880833,0.0,0.0,0.0,0.0,81940,868352,7383700,,False,0,none,0.0,none,32,0.07795333862304688,0.07864960352514258,matched_ber,,4096.0,pure_hdc_D4096/matched_ber
sim_indoor_v1,test_id,pure_hdc,512,512.0,0.13064448852282917,0,0.0,2,0.7307373653686827,0.6608881084834315,0.0,0.0,0.0,0.0,81940,868352,7383700,,False,0,none,-2.0,none,32,0.13031768798828125,0.13064448852282917,matched_ber,,4096.0,pure_hdc_D4096/matched_ber
